{
	"credit": "Made with Blockbench",
	"textures": {
		"atlas": "./unit_pistol"
	},
	"elements": [
		{
			"name": "Box1",
			"from": [7.5, 5, 10.125],
			"to": [8.5, 10, 12.625],
			"rotation": {"angle": -22.5, "axis": "x", "origin": [7.5, 10, 12.625]},
			"faces": {
				"north": {"uv": [14.25, 14.25, 15.5, 14.5], "rotation": 270, "texture": "#atlas"},
				"east": {"uv": [0, 12.25, 0.5, 13.5], "rotation": 180, "texture": "#atlas"},
				"south": {"uv": [7, 13.5, 8.25, 13.75], "rotation": 90, "texture": "#atlas"},
				"west": {"uv": [0, 14, 0.5, 15.25], "rotation": 180, "texture": "#atlas"},
				"up": {"uv": [4, 12.75, 4.5, 13], "rotation": 90, "texture": "#atlas"},
				"down": {"uv": [3, 12.75, 3.5, 13], "rotation": 270, "texture": "#atlas"}
			}
		},
		{
			"name": "Box2",
			"from": [7.5, 10, 5.1875],
			"to": [8.5, 11, 13.625],
			"faces": {
				"north": {"uv": [3.75, 4.5, 4, 4.75], "rotation": 270, "texture": "#atlas"},
				"east": {"uv": [13, 15, 15.5, 15.25], "rotation": 180, "texture": "#atlas"},
				"south": {"uv": [3.75, 5.25, 4, 5.5], "rotation": 90, "texture": "#atlas"},
				"west": {"uv": [10, 15, 12.5, 15.25], "rotation": 180, "texture": "#atlas"},
				"up": {"uv": [1, 15, 3.5, 15.25], "rotation": 90, "texture": "#atlas"},
				"down": {"uv": [12, 15.75, 14.5, 16], "rotation": 270, "texture": "#atlas"}
			}
		},
		{
			"name": "Box3",
			"from": [7.5, 8.5, 12.625],
			"to": [8.5, 10, 13.625],
			"rotation": {"angle": 22.5, "axis": "x", "origin": [7.5, 10, 13.625]},
			"faces": {
				"north": {"uv": [3.75, 7.5, 4, 7.75], "rotation": 270, "texture": "#atlas"},
				"east": {"uv": [3.75, 8.25, 4, 8.5], "rotation": 180, "texture": "#atlas"},
				"south": {"uv": [5, 12.75, 5.5, 13], "rotation": 90, "texture": "#atlas"},
				"west": {"uv": [2.25, 11.5, 2.5, 12], "rotation": 180, "texture": "#atlas"},
				"up": {"uv": [3.75, 6.75, 4, 7], "rotation": 90, "texture": "#atlas"},
				"down": {"uv": [3.75, 6, 4, 6.25], "rotation": 270, "texture": "#atlas"}
			}
		},
		{
			"name": "Box4",
			"from": [7.5, 8.25, 10.125],
			"to": [8.5, 10, 12.625],
			"faces": {
				"north": {"uv": [7, 12.75, 7.5, 13], "rotation": 270, "texture": "#atlas"},
				"east": {"uv": [1, 12.5, 1.75, 13], "rotation": 180, "texture": "#atlas"},
				"south": {"uv": [3.75, 9, 4, 9.25], "rotation": 90, "texture": "#atlas"},
				"west": {"uv": [1, 3.25, 1.75, 3.5], "rotation": 180, "texture": "#atlas"},
				"up": {"uv": [6, 12.75, 6.5, 13], "rotation": 90, "texture": "#atlas"},
				"down": {"uv": [13, 13.5, 13.75, 13.75], "rotation": 270, "texture": "#atlas"}
			}
		},
		{
			"name": "Box5",
			"from": [7.5, 8.5, 12.125],
			"to": [8.5, 9.5, 13.125],
			"faces": {
				"north": {"uv": [3.75, 11.25, 4, 11.5], "rotation": 270, "texture": "#atlas"},
				"east": {"uv": [13.5, 12, 13.75, 12.25], "rotation": 180, "texture": "#atlas"},
				"south": {"uv": [15, 12, 15.25, 12.25], "rotation": 90, "texture": "#atlas"},
				"west": {"uv": [14.25, 12, 14.5, 12.25], "rotation": 180, "texture": "#atlas"},
				"up": {"uv": [3.75, 10.5, 4, 10.75], "rotation": 90, "texture": "#atlas"},
				"down": {"uv": [3.75, 9.75, 4, 10], "rotation": 270, "texture": "#atlas"}
			}
		},
		{
			"name": "Box6",
			"from": [7.5, 9.5, 5.1875],
			"to": [8.5, 10, 10.125],
			"faces": {
				"north": {"uv": [12.75, 12, 13, 12.25], "rotation": 270, "texture": "#atlas"},
				"east": {"uv": [1, 13.5, 2.5, 13.75], "rotation": 180, "texture": "#atlas"},
				"south": {"uv": [12, 12, 12.25, 12.25], "rotation": 90, "texture": "#atlas"},
				"west": {"uv": [3, 13.5, 4.5, 13.75], "rotation": 180, "texture": "#atlas"},
				"up": {"uv": [12, 14.25, 13.75, 14.5], "rotation": 90, "texture": "#atlas"},
				"down": {"uv": [5, 13.5, 6.5, 13.75], "rotation": 270, "texture": "#atlas"}
			}
		},
		{
			"name": "Box7",
			"from": [7.5, 8, 8.375],
			"to": [8.5, 8.25, 10.375],
			"faces": {
				"north": {"uv": [11.25, 12, 11.5, 12.25], "texture": "#atlas"},
				"east": {"uv": [9, 12.75, 9.5, 13], "texture": "#atlas"},
				"south": {"uv": [10.5, 12, 10.75, 12.25], "texture": "#atlas"},
				"west": {"uv": [8, 12.75, 8.5, 13], "texture": "#atlas"},
				"up": {"uv": [2.25, 9.5, 2.5, 10], "texture": "#atlas"},
				"down": {"uv": [2.25, 10.5, 2.5, 11], "texture": "#atlas"}
			}
		},
		{
			"name": "Box8",
			"from": [7.5, 8.25, 8.125],
			"to": [8.5, 9.5, 8.625],
			"faces": {
				"north": {"uv": [8.25, 12, 8.5, 12.25], "texture": "#atlas"},
				"east": {"uv": [6, 12, 6.25, 12.25], "texture": "#atlas"},
				"south": {"uv": [7.5, 12, 7.75, 12.25], "texture": "#atlas"},
				"west": {"uv": [6.75, 12, 7, 12.25], "texture": "#atlas"},
				"up": {"uv": [9, 12, 9.25, 12.25], "texture": "#atlas"},
				"down": {"uv": [9.75, 12, 10, 12.25], "texture": "#atlas"}
			}
		},
		{
			"name": "Box9",
			"from": [7.375, 4.375, 12],
			"to": [8.625, 4.875, 14.5625],
			"faces": {
				"north": {"uv": [5.25, 12, 5.5, 12.25], "texture": "#atlas"},
				"east": {"uv": [11.75, 13.5, 12.5, 13.75], "texture": "#atlas"},
				"south": {"uv": [4.5, 7.5, 4.75, 7.75], "texture": "#atlas"},
				"west": {"uv": [15, 15.75, 15.5, 16], "texture": "#atlas"},
				"up": {"uv": [0, 0.5, 0.25, 1.25], "texture": "#atlas"},
				"down": {"uv": [2.25, 8.5, 2.5, 9], "texture": "#atlas"}
			}
		},
		{
			"name": "Box10",
			"from": [7.5, 4.8181, 13.1009],
			"to": [8.5, 5.3806, 14.5384],
			"faces": {
				"north": {"uv": [4.5, 9.75, 4.75, 10], "texture": "#atlas"},
				"east": {"uv": [14.25, 11.25, 14.5, 11.5], "rotation": 180, "texture": "#atlas"},
				"south": {"uv": [4.5, 10.5, 4.75, 10.75], "texture": "#atlas"},
				"west": {"uv": [15, 11.25, 15.25, 11.5], "rotation": 180, "texture": "#atlas"},
				"up": {"uv": [4.5, 9, 4.75, 9.25], "texture": "#atlas"},
				"down": {"uv": [4.5, 8.25, 4.75, 8.5], "texture": "#atlas"}
			}
		},
		{
			"name": "Box12",
			"from": [7.5, 9, 5.1875],
			"to": [8.5, 9.5, 8.125],
			"faces": {
				"north": {"uv": [13.5, 11.25, 13.75, 11.5], "texture": "#atlas"},
				"east": {"uv": [1, 4, 1.75, 4.25], "texture": "#atlas"},
				"south": {"uv": [12.75, 11.25, 13, 11.5], "texture": "#atlas"},
				"west": {"uv": [1, 5.5, 1.75, 5.75], "texture": "#atlas"},
				"up": {"uv": [1, 6.25, 1.25, 7], "texture": "#atlas"},
				"down": {"uv": [1, 7.5, 1.25, 8.25], "texture": "#atlas"}
			}
		},
		{
			"name": "Box13",
			"from": [7.625, 8.25, 9.9375],
			"to": [8.375, 9.25, 10.25],
			"rotation": {"angle": 45, "axis": "x", "origin": [7.625, 9.25, 10.25]},
			"faces": {
				"north": {"uv": [10.5, 11.25, 10.75, 11.5], "texture": "#atlas"},
				"east": {"uv": [8.25, 11.25, 8.5, 11.5], "rotation": 180, "texture": "#atlas"},
				"south": {"uv": [9.75, 11.25, 10, 11.5], "texture": "#atlas"},
				"west": {"uv": [9, 11.25, 9.25, 11.5], "rotation": 180, "texture": "#atlas"},
				"up": {"uv": [11.25, 11.25, 11.5, 11.5], "texture": "#atlas"},
				"down": {"uv": [12, 11.25, 12.25, 11.5], "texture": "#atlas"}
			}
		},
		{
			"name": "Box14",
			"from": [7.625, 9.125, 9.6875],
			"to": [8.375, 9.5, 10.125],
			"faces": {
				"north": {"uv": [6, 11.25, 6.25, 11.5], "texture": "#atlas"},
				"east": {"uv": [3.75, 0.75, 4, 1], "texture": "#atlas"},
				"south": {"uv": [5.25, 11.25, 5.5, 11.5], "texture": "#atlas"},
				"west": {"uv": [4.5, 11.25, 4.75, 11.5], "texture": "#atlas"},
				"up": {"uv": [6.75, 11.25, 7, 11.5], "texture": "#atlas"},
				"down": {"uv": [7.5, 11.25, 7.75, 11.5], "texture": "#atlas"}
			}
		},
		{
			"name": "Box15",
			"from": [7.375, 10, 9.9375],
			"to": [8.625, 11.25, 13.6875],
			"faces": {
				"north": {"uv": [3.75, 1.5, 4, 1.75], "texture": "#atlas"},
				"east": {"uv": [10.25, 13.5, 11.25, 13.75], "texture": "#atlas"},
				"south": {"uv": [3.75, 2.25, 4, 2.5], "texture": "#atlas"},
				"west": {"uv": [8.75, 13.5, 9.75, 13.75], "texture": "#atlas"},
				"up": {"uv": [0, 3.25, 0.25, 4.25], "texture": "#atlas"},
				"down": {"uv": [0, 1.75, 0.25, 2.75], "texture": "#atlas"}
			}
		},
		{
			"name": "Box15",
			"from": [7.375, 9.5625, 5.25],
			"to": [8.625, 10, 13.8125],
			"faces": {
				"north": {"uv": [3.75, 3, 4, 3.25], "texture": "#atlas"},
				"east": {"uv": [9.5, 14.25, 11.5, 14.5], "texture": "#atlas"},
				"south": {"uv": [3.75, 3.75, 4, 4], "texture": "#atlas"},
				"west": {"uv": [7, 14.25, 9, 14.5], "texture": "#atlas"},
				"up": {"uv": [0, 7.25, 0.25, 9.25], "texture": "#atlas"},
				"down": {"uv": [0, 9.75, 0.25, 11.75], "texture": "#atlas"}
			}
		},
		{
			"name": "Box15",
			"from": [7.375, 10, 5.25],
			"to": [8.625, 11.25, 8.25],
			"faces": {
				"north": {"uv": [2.25, 1, 2.5, 1.25], "texture": "#atlas"},
				"east": {"uv": [1, 4.75, 1.75, 5], "texture": "#atlas"},
				"south": {"uv": [2.25, 3.25, 2.5, 3.5], "texture": "#atlas"},
				"west": {"uv": [14.25, 13.5, 15, 13.75], "texture": "#atlas"},
				"up": {"uv": [1, 8.75, 1.25, 9.5], "texture": "#atlas"},
				"down": {"uv": [1, 2, 1.25, 2.75], "texture": "#atlas"}
			}
		},
		{
			"name": "Box20",
			"from": [7.6875, 10.75, 5.125],
			"to": [8.3125, 10.875, 5.1875],
			"faces": {
				"north": {"uv": [3, 9, 3.25, 9.25], "texture": "#atlas"},
				"east": {"uv": [2.25, 1.75, 2.5, 2], "texture": "#atlas"},
				"south": {"uv": [3, 6.75, 3.25, 7], "texture": "#atlas"},
				"west": {"uv": [3, 6, 3.25, 6.25], "texture": "#atlas"},
				"up": {"uv": [3, 9.75, 3.25, 10], "texture": "#atlas"},
				"down": {"uv": [15.25, 12.75, 15.5, 13], "texture": "#atlas"}
			}
		},
		{
			"name": "Box20",
			"from": [7.625, 10.1875, 5.125],
			"to": [7.75, 10.8125, 5.1875],
			"faces": {
				"north": {"uv": [2.25, 4, 2.5, 4.25], "rotation": 270, "texture": "#atlas"},
				"east": {"uv": [3, 11.25, 3.25, 11.5], "rotation": 270, "texture": "#atlas"},
				"south": {"uv": [2.25, 4.75, 2.5, 5], "rotation": 90, "texture": "#atlas"},
				"west": {"uv": [3, 12, 3.25, 12.25], "rotation": 90, "texture": "#atlas"},
				"up": {"uv": [14.5, 12.75, 14.75, 13], "rotation": 270, "texture": "#atlas"},
				"down": {"uv": [10, 12.75, 10.25, 13], "rotation": 90, "texture": "#atlas"}
			}
		},
		{
			"name": "Box20",
			"from": [7.6875, 10.1875, 5.1563],
			"to": [8.3125, 10.8125, 5.2188],
			"faces": {
				"north": {"uv": [3, 7.5, 3.25, 7.75], "rotation": 270, "texture": "#atlas"},
				"east": {"uv": [3, 3, 3.25, 3.25], "rotation": 270, "texture": "#atlas"},
				"south": {"uv": [3, 5.25, 3.25, 5.5], "rotation": 90, "texture": "#atlas"},
				"west": {"uv": [3, 3.75, 3.25, 4], "rotation": 90, "texture": "#atlas"},
				"up": {"uv": [3, 8.25, 3.25, 8.5], "rotation": 270, "texture": "#atlas"},
				"down": {"uv": [3, 10.5, 3.25, 10.75], "rotation": 90, "texture": "#atlas"}
			}
		},
		{
			"name": "Box20",
			"from": [8.25, 10.1875, 5.125],
			"to": [8.375, 10.8125, 5.1875],
			"faces": {
				"north": {"uv": [3.75, 12, 4, 12.25], "rotation": 270, "texture": "#atlas"},
				"east": {"uv": [2.25, 5.5, 2.5, 5.75], "rotation": 270, "texture": "#atlas"},
				"south": {"uv": [4.5, 12, 4.75, 12.25], "rotation": 90, "texture": "#atlas"},
				"west": {"uv": [2.25, 6.25, 2.5, 6.5], "rotation": 90, "texture": "#atlas"},
				"up": {"uv": [3, 0.75, 3.25, 1], "rotation": 270, "texture": "#atlas"},
				"down": {"uv": [3, 1.5, 3.25, 1.75], "rotation": 90, "texture": "#atlas"}
			}
		},
		{
			"name": "Box20",
			"from": [7.6875, 10.125, 5.125],
			"to": [8.3125, 10.25, 5.1875],
			"faces": {
				"north": {"uv": [11.5, 12.75, 11.75, 13], "texture": "#atlas"},
				"east": {"uv": [13.75, 12.75, 14, 13], "texture": "#atlas"},
				"south": {"uv": [12.25, 12.75, 12.5, 13], "texture": "#atlas"},
				"west": {"uv": [13, 12.75, 13.25, 13], "texture": "#atlas"},
				"up": {"uv": [10.75, 12.75, 11, 13], "texture": "#atlas"},
				"down": {"uv": [2.25, 2.5, 2.5, 2.75], "texture": "#atlas"}
			}
		}
	],
	"display": {
		"thirdperson_righthand": {
			"translation": [-0.453, -0.937, -1.233]
		},
		"thirdperson_lefthand": {
			"translation": [-0.453, -0.937, -0.733]
		},
		"firstperson_righthand": {
			"rotation": [17, 16, 0],
			"translation": [0, 0.6657, -5.25]
		},
		"firstperson_lefthand": {
			"rotation": [17, -25, 0],
			"translation": [0, 0.6657, -2.5]
		},
		"ground": {
			"rotation": [0, 0, 90],
			"translation": [0, -2.845, 0]
		},
		"gui": {
			"rotation": [46, 55, 0],
			"translation": [-1.785, 1.484, 0]
		},
		"head": {
			"translation": [0, 4.932, -3.176],
			"scale": [1.9593, 1.9593, 1.9593]
		},
		"fixed": {
			"rotation": [0, 90, 0],
			"translation": [-3.633, 0.2717, -0.576],
			"scale": [1.9593, 1.9593, 1.9593]
		}
	}
}