{
	"credit": "Made with Mr_JSPA",
	"textures": {
		"1": "./biduff"
	},
	"elements": [
		{
			"from": [4, 7, 3],
			"to": [12, 13, 11],
			"rotation": {"angle": 0, "axis": "x", "origin": [16, 3, 11]},
			"faces": {
				"north": {"uv": [4, 2.5, 6, 4], "rotation": 180, "texture": "#1"},
				"east": {"uv": [4.5, 2, 6, 4], "rotation": 270, "texture": "#1"},
				"south": {"uv": [4, 2, 6, 3.5], "texture": "#1"},
				"west": {"uv": [4, 2, 5.5, 4], "rotation": 90, "texture": "#1"},
				"up": {"uv": [2, 2, 4, 4], "rotation": 180, "texture": "#1"},
				"down": {"uv": [4, 2, 6, 4], "texture": "#1"}
			}
		},
		{
			"from": [4, 1, 3],
			"to": [12, 7, 11],
			"rotation": {"angle": 0, "axis": "x", "origin": [16, -3, 11]},
			"faces": {
				"north": {"uv": [4, 2, 6, 3.5], "rotation": 180, "texture": "#1"},
				"east": {"uv": [4, 2, 5.5, 4], "rotation": 270, "texture": "#1"},
				"south": {"uv": [4, 2.5, 6, 4], "texture": "#1"},
				"west": {"uv": [4.5, 2, 6, 4], "rotation": 90, "texture": "#1"},
				"up": {"uv": [2, 2, 4, 4], "rotation": 180, "texture": "#1"},
				"down": {"uv": [4, 2, 6, 4], "texture": "#1"}
			}
		},
		{
			"from": [3, 13.2, 3],
			"to": [6, 13.2, 6],
			"rotation": {"angle": 0, "axis": "x", "origin": [18, 6, 11]},
			"faces": {
				"north": {"uv": [11.5, 3.25, 12.25, 4], "rotation": 180, "texture": "#1"},
				"east": {"uv": [11.5, 3.25, 12.25, 4], "rotation": 270, "texture": "#1"},
				"south": {"uv": [11.5, 3.25, 12.25, 4], "texture": "#1"},
				"west": {"uv": [11.5, 3.25, 12.25, 4], "rotation": 90, "texture": "#1"},
				"up": {"uv": [11.5, 3.25, 12.25, 4], "rotation": 180, "texture": "#1"},
				"down": {"uv": [11.5, 3.25, 12.25, 4], "texture": "#1"}
			}
		},
		{
			"from": [10, 13.2, 3],
			"to": [13, 13.2, 6],
			"rotation": {"angle": 0, "axis": "x", "origin": [18, 6, 11]},
			"faces": {
				"north": {"uv": [9.75, 3.25, 10.5, 4], "rotation": 180, "texture": "#1"},
				"east": {"uv": [9.75, 3.25, 10.5, 4], "rotation": 270, "texture": "#1"},
				"south": {"uv": [9.75, 3.25, 10.5, 4], "texture": "#1"},
				"west": {"uv": [9.75, 3.25, 10.5, 4], "rotation": 90, "texture": "#1"},
				"up": {"uv": [9.75, 3.25, 10.5, 4], "rotation": 180, "texture": "#1"},
				"down": {"uv": [9.75, 3.25, 10.5, 4], "texture": "#1"}
			}
		},
		{
			"from": [6, 13, 5],
			"to": [10, 14, 7],
			"rotation": {"angle": 0, "axis": "x", "origin": [14, 6, 13]},
			"faces": {
				"north": {"uv": [2.5, 3.5, 3.5, 3.75], "rotation": 180, "texture": "#1"},
				"east": {"uv": [2.5, 3, 2.75, 3.75], "rotation": 270, "texture": "#1"},
				"south": {"uv": [2.5, 3, 3.5, 3.25], "texture": "#1"},
				"west": {"uv": [3.25, 3, 3.5, 3.75], "rotation": 90, "texture": "#1"},
				"up": {"uv": [2.5, 3, 3.5, 3.75], "rotation": 180, "texture": "#1"},
				"down": {"uv": [2.5, 3, 3.5, 3.75], "texture": "#1"}
			}
		},
		{
			"from": [6, 12.5, 3.1],
			"to": [10, 13.5, 5.1],
			"rotation": {"angle": 0, "axis": "x", "origin": [14, 6, 11]},
			"faces": {
				"north": {"uv": [10.5, 3.5, 11.5, 4], "rotation": 180, "texture": "#1"},
				"east": {"uv": [10.5, 3.5, 11.5, 4], "rotation": 270, "texture": "#1"},
				"south": {"uv": [10.5, 3.5, 11.5, 4], "texture": "#1"},
				"west": {"uv": [10.5, 3.5, 11.5, 4], "rotation": 90, "texture": "#1"},
				"up": {"uv": [10.5, 3.5, 11.5, 4], "rotation": 180, "texture": "#1"},
				"down": {"uv": [10.5, 3.5, 11.5, 4], "texture": "#1"}
			}
		},
		{
			"from": [11, 11, 10],
			"to": [14, 12, 13],
			"rotation": {"angle": 0, "axis": "x", "origin": [19, 4, 18]},
			"faces": {
				"north": {"uv": [9.75, 2.25, 10.5, 2.5], "rotation": 180, "texture": "#1"},
				"east": {"uv": [9.75, 1.75, 10, 2.5], "rotation": 270, "texture": "#1"},
				"south": {"uv": [10.5, 1.75, 9.75, 2], "texture": "#1"},
				"west": {"uv": [10.25, 1.75, 10.5, 2.5], "rotation": 90, "texture": "#1"},
				"up": {"uv": [9.75, 1.75, 10.5, 2.5], "rotation": 180, "texture": "#1"},
				"down": {"uv": [10.5, 1.75, 9.75, 2.5], "texture": "#1"}
			}
		},
		{
			"from": [2, 11, 10],
			"to": [5, 12, 13],
			"rotation": {"angle": 0, "axis": "x", "origin": [10, 4, 18]},
			"faces": {
				"north": {"uv": [10.5, 2.25, 9.75, 2.5], "rotation": 180, "texture": "#1"},
				"east": {"uv": [10.5, 1.75, 10.25, 2.5], "rotation": 270, "texture": "#1"},
				"south": {"uv": [9.75, 1.75, 10.5, 2], "texture": "#1"},
				"west": {"uv": [10, 1.75, 9.75, 2.5], "rotation": 90, "texture": "#1"},
				"up": {"uv": [10.5, 1.75, 9.75, 2.5], "rotation": 180, "texture": "#1"},
				"down": {"uv": [9.75, 1.75, 10.5, 2.5], "texture": "#1"}
			}
		},
		{
			"from": [14, 11, 12],
			"to": [13, 12, 13],
			"rotation": {"angle": 0, "axis": "x", "origin": [22, 4, 20]},
			"faces": {
				"north": {"uv": [10, 1.75, 10.25, 2], "rotation": 180, "texture": "#1"},
				"east": {"uv": [10, 1.75, 10.25, 2], "rotation": 270, "texture": "#1"},
				"south": {"uv": [0, 0, 0, 0], "texture": "#1"}
			}
		},
		{
			"from": [3, 11, 12],
			"to": [2, 12, 13],
			"rotation": {"angle": 0, "axis": "x", "origin": [11, 4, 20]},
			"faces": {
				"north": {"uv": [10, 1.75, 10.25, 2], "rotation": 180, "texture": "#1"},
				"south": {"uv": [0, 0, 0, 0], "texture": "#1"},
				"west": {"uv": [10, 1.75, 10.25, 2], "rotation": 90, "texture": "#1"}
			}
		},
		{
			"from": [4.5, 9.5, 1],
			"to": [6.5, 12.5, 5],
			"rotation": {"angle": 0, "axis": "x", "origin": [13, 5, 9]},
			"faces": {
				"north": {"uv": [12.25, 13.5, 12.75, 14.25], "rotation": 180, "texture": "#1"},
				"east": {"uv": [4, 13.25, 4.75, 14.25], "rotation": 270, "texture": "#1"},
				"south": {"uv": [12.25, 13.5, 12.75, 14.25], "texture": "#1"},
				"west": {"uv": [4.25, 13.25, 5, 14.25], "rotation": 90, "texture": "#1"},
				"up": {"uv": [4.25, 13.25, 4.75, 14.25], "rotation": 180, "texture": "#1"},
				"down": {"uv": [4.25, 13.25, 4.75, 14.25], "texture": "#1"}
			}
		},
		{
			"from": [3.5, 1.5, 1],
			"to": [5.5, 4.5, 5],
			"rotation": {"angle": 0, "axis": "x", "origin": [12, -3, 9]},
			"faces": {
				"north": {"uv": [12.25, 13.5, 12.75, 14.25], "rotation": 180, "texture": "#1"},
				"east": {"uv": [4, 13.25, 4.75, 14.25], "rotation": 270, "texture": "#1"},
				"south": {"uv": [12.25, 13.5, 12.75, 14.25], "texture": "#1"},
				"west": {"uv": [4.25, 13.25, 5, 14.25], "rotation": 90, "texture": "#1"},
				"up": {"uv": [4.25, 13.25, 4.75, 14.25], "rotation": 180, "texture": "#1"},
				"down": {"uv": [4.25, 13.25, 4.75, 14.25], "texture": "#1"}
			}
		},
		{
			"from": [9.5, 9.5, 1],
			"to": [11.5, 12.5, 5],
			"rotation": {"angle": 0, "axis": "x", "origin": [18, 5, 9]},
			"faces": {
				"north": {"uv": [12.25, 13.5, 12.75, 14.25], "rotation": 180, "texture": "#1"},
				"east": {"uv": [4, 13.25, 4.75, 14.25], "rotation": 270, "texture": "#1"},
				"south": {"uv": [12.25, 13.5, 12.75, 14.25], "texture": "#1"},
				"west": {"uv": [4.25, 13.25, 5, 14.25], "rotation": 90, "texture": "#1"},
				"up": {"uv": [4.25, 13.25, 4.75, 14.25], "rotation": 180, "texture": "#1"},
				"down": {"uv": [4.25, 13.25, 4.75, 14.25], "texture": "#1"}
			}
		},
		{
			"from": [10.5, 1.5, 1],
			"to": [12.5, 4.5, 5],
			"rotation": {"angle": 0, "axis": "x", "origin": [19, -3, 9]},
			"faces": {
				"north": {"uv": [12.25, 13.5, 12.75, 14.25], "rotation": 180, "texture": "#1"},
				"east": {"uv": [4, 13.25, 4.75, 14.25], "rotation": 270, "texture": "#1"},
				"south": {"uv": [12.25, 13.5, 12.75, 14.25], "texture": "#1"},
				"west": {"uv": [4.25, 13.25, 5, 14.25], "rotation": 90, "texture": "#1"},
				"up": {"uv": [4.25, 13.25, 4.75, 14.25], "rotation": 180, "texture": "#1"},
				"down": {"uv": [4.25, 13.25, 4.75, 14.25], "texture": "#1"}
			}
		},
		{
			"from": [3, 0, 10],
			"to": [6, 2, 13],
			"rotation": {"angle": 0, "axis": "x", "origin": [11, -7, 18]},
			"faces": {
				"north": {"uv": [10.5, 2.25, 9.75, 2.5], "rotation": 180, "texture": "#1"},
				"east": {"uv": [10.5, 1.75, 10.25, 2.5], "rotation": 270, "texture": "#1"},
				"south": {"uv": [9.75, 1.75, 10.5, 2], "texture": "#1"},
				"west": {"uv": [10, 1.75, 9.75, 2.5], "rotation": 90, "texture": "#1"},
				"up": {"uv": [10.5, 1.75, 9.75, 2.5], "rotation": 180, "texture": "#1"},
				"down": {"uv": [9.75, 1.75, 10.5, 2.5], "texture": "#1"}
			}
		},
		{
			"from": [10, 0, 10],
			"to": [13, 2, 13],
			"rotation": {"angle": 0, "axis": "x", "origin": [18, -7, 18]},
			"faces": {
				"north": {"uv": [9.75, 2.25, 10.5, 2.5], "rotation": 180, "texture": "#1"},
				"east": {"uv": [9.75, 1.75, 10, 2.5], "rotation": 270, "texture": "#1"},
				"south": {"uv": [10.5, 1.75, 9.75, 2], "texture": "#1"},
				"west": {"uv": [10.25, 1.75, 10.5, 2.5], "rotation": 90, "texture": "#1"},
				"up": {"uv": [9.75, 1.75, 10.5, 2.5], "rotation": 180, "texture": "#1"},
				"down": {"uv": [10.5, 1.75, 9.75, 2.5], "texture": "#1"}
			}
		},
		{
			"from": [7, 0, 10],
			"to": [9, 2, 13],
			"rotation": {"angle": 0, "axis": "x", "origin": [16, -7, 19]},
			"faces": {
				"north": {"uv": [2, 0, 2.25, 0.75], "rotation": 180, "texture": "#1"},
				"east": {"uv": [2, 5, 2.25, 5.75], "rotation": 270, "texture": "#1"},
				"south": {"uv": [3.75, 1.75, 4, 2], "texture": "#1"},
				"west": {"uv": [2, 5, 2.25, 5.75], "rotation": 90, "texture": "#1"},
				"up": {"uv": [2, 0, 2.25, 0.75], "rotation": 180, "texture": "#1"},
				"down": {"uv": [2, 0, 2.25, 0.75], "texture": "#1"}
			}
		},
		{
			"from": [13, 0, 12],
			"to": [12, 2, 13],
			"rotation": {"angle": 0, "axis": "x", "origin": [21, -7, 20]},
			"faces": {
				"north": {"uv": [10, 1.75, 10.25, 2], "rotation": 180, "texture": "#1"},
				"east": {"uv": [10, 1.75, 10.25, 2], "rotation": 270, "texture": "#1"},
				"south": {"uv": [0, 0, 0, 0], "texture": "#1"}
			}
		},
		{
			"from": [4, 0, 12],
			"to": [3, 2, 13],
			"rotation": {"angle": 0, "axis": "x", "origin": [12, -7, 20]},
			"faces": {
				"north": {"uv": [10, 1.75, 10.25, 2], "rotation": 180, "texture": "#1"},
				"south": {"uv": [0, 0, 0, 0], "texture": "#1"},
				"west": {"uv": [10, 1.75, 10.25, 2], "rotation": 90, "texture": "#1"}
			}
		}
	],
	"display": {
		"thirdperson_righthand": {
			"translation": [-0.25, -0.75, -1.25],
			"scale": [0.5, 0.5, 0.5]
		},
		"thirdperson_lefthand": {
			"translation": [-0.25, -0.75, -1.25],
			"scale": [0.5, 0.5, 0.5]
		},
		"firstperson_righthand": {
			"rotation": [59, 179.25, -30.25],
			"translation": [4.5, 1, -2.75],
			"scale": [0.5, 0.5, 0.5]
		},
		"firstperson_lefthand": {
			"rotation": [59, 179.25, -30.25],
			"translation": [4.5, 1, -2.75],
			"scale": [0.5, 0.5, 0.5]
		},
		"ground": {
			"rotation": [-90, 0, 0],
			"scale": [0.5, 0.5, 0.5]
		},
		"gui": {
			"rotation": [-78, 23, 144],
			"translation": [-0.5, 0.25, 0],
			"scale": [0.8, 0.95, 0.8]
		},
		"head": {
			"rotation": [-90, 0, 0],
			"translation": [0, 13.5, -1]
		},
		"fixed": {
			"rotation": [-180, 0, 0],
			"translation": [0, -1.75, -10.5],
			"scale": [1.65, 1.65, 1.65]
		}
	}
}