{
	"credit": "Made with Blockbench",
	"textures": {
		"0": "./podsvechnik",
		"particle": "./podsvechnik"
	},
	"elements": [
		{
			"from": [5, 0, 6],
			"to": [10, 1, 11],
			"rotation": {"angle": 0, "axis": "y", "origin": [17, 8, 14]},
			"faces": {
				"north": {"uv": [0, 0, 5, 1], "texture": "#0"},
				"east": {"uv": [0, 0, 5, 1], "texture": "#0"},
				"south": {"uv": [0, 0, 5, 1], "texture": "#0"},
				"west": {"uv": [0, 0, 5, 1], "texture": "#0"},
				"up": {"uv": [0, 0, 5, 5], "texture": "#0"},
				"down": {"uv": [0, 0, 5, 5], "texture": "#0"}
			}
		},
		{
			"from": [6, 1, 7],
			"to": [9, 2, 10],
			"rotation": {"angle": 0, "axis": "y", "origin": [17, 9, 14]},
			"faces": {
				"north": {"uv": [0, 0, 3, 1], "texture": "#0"},
				"east": {"uv": [0, 0, 3, 1], "texture": "#0"},
				"south": {"uv": [0, 0, 3, 1], "texture": "#0"},
				"west": {"uv": [0, 0, 3, 1], "texture": "#0"},
				"up": {"uv": [0, 0, 3, 3], "texture": "#0"},
				"down": {"uv": [0, 0, 3, 3], "texture": "#0"}
			}
		},
		{
			"from": [6, 4, 7],
			"to": [9, 5, 10],
			"rotation": {"angle": 0, "axis": "y", "origin": [17, 12, 14]},
			"faces": {
				"north": {"uv": [0, 0, 3, 1], "texture": "#0"},
				"east": {"uv": [0, 0, 3, 1], "texture": "#0"},
				"south": {"uv": [0, 0, 3, 1], "texture": "#0"},
				"west": {"uv": [0, 0, 3, 1], "texture": "#0"},
				"up": {"uv": [0, 0, 3, 3], "texture": "#0"},
				"down": {"uv": [0, 0, 3, 3], "texture": "#0"}
			}
		},
		{
			"from": [7, 2, 8],
			"to": [8, 4, 9],
			"rotation": {"angle": 0, "axis": "y", "origin": [16, 10, 13]},
			"faces": {
				"north": {"uv": [0, 0, 1, 2], "texture": "#0"},
				"east": {"uv": [0, 0, 1, 2], "texture": "#0"},
				"south": {"uv": [0, 0, 1, 2], "texture": "#0"},
				"west": {"uv": [0, 0, 1, 2], "texture": "#0"},
				"up": {"uv": [0, 0, 1, 1], "texture": "#0"},
				"down": {"uv": [0, 0, 1, 1], "texture": "#0"}
			}
		},
		{
			"from": [7.25, 8, 8.25],
			"to": [7.75, 8.75, 8.75],
			"rotation": {"angle": 0, "axis": "y", "origin": [15, 16, 16.25]},
			"faces": {
				"north": {"uv": [15, 0, 15.5, 0.75], "texture": "#0"},
				"east": {"uv": [15, 0, 15.5, 0.75], "texture": "#0"},
				"south": {"uv": [15, 0, 15.5, 0.75], "texture": "#0"},
				"west": {"uv": [15, 0, 15.5, 0.75], "texture": "#0"},
				"up": {"uv": [15, 0, 15.5, 0.5], "texture": "#0"},
				"down": {"uv": [15, 0, 15.5, 0.5], "texture": "#0"}
			}
		},
		{
			"from": [7, 5, 8],
			"to": [8, 8, 9],
			"rotation": {"angle": 0, "axis": "y", "origin": [15, 13, 16]},
			"faces": {
				"north": {"uv": [15, 13, 16, 16], "texture": "#0"},
				"east": {"uv": [12, 13, 13, 16], "texture": "#0"},
				"south": {"uv": [14, 13, 15, 16], "texture": "#0"},
				"west": {"uv": [13, 13, 14, 16], "texture": "#0"},
				"up": {"uv": [15, 15, 16, 16], "texture": "#0"},
				"down": {"uv": [15, 14, 16, 15], "texture": "#0"}
			}
		}
	],
	"display": {
		"thirdperson_righthand": {
			"rotation": [0, 73, 0],
			"translation": [-0.5, 5.5, 0.5],
			"scale": [1.3, 1.3, 1.3]
		},
		"thirdperson_lefthand": {
			"rotation": [0, 82, 0],
			"translation": [-0.5, 5.5, 1.5],
			"scale": [1.3, 1.3, 1.3]
		},
		"firstperson_righthand": {
			"rotation": [0, -41, 0],
			"translation": [0, 4.25, 0]
		},
		"firstperson_lefthand": {
			"rotation": [0, 16, 0],
			"translation": [-1.5, 5, 0]
		},
		"ground": {
			"translation": [0, 4.5, 0]
		},
		"gui": {
			"rotation": [21, 43, 0],
			"translation": [0, 2.25, 0]
		},
		"fixed": {
			"rotation": [-90, 0, 0],
			"translation": [1, -0.75, -15],
			"scale": [1.85, 1.85, 1.85]
		}
	}
}