{
	"credit": "Made with Blockbench",
	"textures": {
		"0": "./keycrad",
		"particle": "./keycrad"
	},
	"elements": [
		{
			"from": [8, 0, 4],
			"to": [9, 5, 12],
			"rotation": {"angle": 0, "axis": "y", "origin": [16, 8, 14]},
			"faces": {
				"north": {"uv": [15, 11, 16, 16], "texture": "#0"},
				"east": {"uv": [0, 0, 8, 5], "texture": "#0"},
				"south": {"uv": [15, 11, 16, 16], "texture": "#0"},
				"west": {"uv": [0, 11, 8, 16], "texture": "#0"},
				"up": {"uv": [15, 0, 16, 8], "texture": "#0"},
				"down": {"uv": [0, 3, 1, 11], "texture": "#0"}
			}
		}
	],
	"display": {
		"thirdperson_righthand": {
			"translation": [0, 4.5, 0],
			"scale": [0.8, 0.8, 0.75]
		},
		"thirdperson_lefthand": {
			"rotation": [0, -180, 0],
			"translation": [0, 4.5, 0],
			"scale": [0.8, 0.8, 0.75]
		},
		"firstperson_righthand": {
			"rotation": [0, 22, 0],
			"translation": [0, 7.75, 0]
		},
		"firstperson_lefthand": {
			"rotation": [0, -168, 0],
			"translation": [-0.5, 7.75, 0.75]
		},
		"ground": {
			"translation": [0, 6.25, 0]
		},
		"gui": {
			"rotation": [0, 58, 0],
			"translation": [-0.25, 5.75, 0]
		},
		"fixed": {
			"rotation": [0, -90, 0],
			"translation": [0, 7, -1.25],
			"scale": [1.3, 1.3, 1.25]
		}
	}
}