{
	"credit": "Made with Blockbench",
	"texture_size": [64, 64],
	"textures": {
		"0": "./cybergun_texture",
		"particle": "./cybergun_texture"
	},
	"elements": [
		{
			"from": [7.5, -2.4, 0.5],
			"to": [8.5, 1.6, 2.5],
			"rotation": {"angle": 45, "axis": "x", "origin": [15.5, 5.6, 8.5]},
			"faces": {
				"north": {"uv": [0.5, 2.5, 0.75, 3.5], "texture": "#0"},
				"east": {"uv": [0, 2.5, 0.5, 3.5], "texture": "#0"},
				"south": {"uv": [1.25, 2.5, 1.5, 3.5], "texture": "#0"},
				"west": {"uv": [0.75, 2.5, 1.25, 3.5], "texture": "#0"},
				"up": {"uv": [0.75, 2.5, 0.5, 2], "texture": "#0"},
				"down": {"uv": [1, 2, 0.75, 2.5], "texture": "#0"}
			}
		},
		{
			"from": [6.5, 7, 0.5],
			"to": [9.5, 9, 14.5],
			"rotation": {"angle": 0, "axis": "y", "origin": [14.5, 15, 8.5]},
			"faces": {
				"north": {"uv": [8, 8, 8.75, 8.5], "texture": "#0"},
				"east": {"uv": [4.5, 8, 8, 8.5], "texture": "#0"},
				"south": {"uv": [12.25, 8, 13, 8.5], "texture": "#0"},
				"west": {"uv": [8.75, 8, 12.25, 8.5], "texture": "#0"},
				"up": {"uv": [8.75, 8, 8, 4.5], "texture": "#0"},
				"down": {"uv": [9.5, 4.5, 8.75, 8], "texture": "#0"}
			}
		},
		{
			"from": [7, 8, -1.5],
			"to": [9, 9, 0.5],
			"rotation": {"angle": 0, "axis": "y", "origin": [15, 16, 6.5]},
			"faces": {
				"north": {"uv": [2.25, 1, 2.75, 1.25], "texture": "#0"},
				"east": {"uv": [1.75, 1, 2.25, 1.25], "texture": "#0"},
				"south": {"uv": [3.25, 1, 3.75, 1.25], "texture": "#0"},
				"west": {"uv": [2.75, 1, 3.25, 1.25], "texture": "#0"},
				"up": {"uv": [2.75, 1, 2.25, 0.5], "texture": "#0"},
				"down": {"uv": [3.25, 0.5, 2.75, 1], "texture": "#0"}
			}
		},
		{
			"from": [7, 8.4, 3.4],
			"to": [9, 9.4, 6.4],
			"rotation": {"angle": 0, "axis": "y", "origin": [15, 16.4, 11.4]},
			"faces": {
				"north": {"uv": [0.75, 1.25, 1.25, 1.5], "texture": "#0"},
				"east": {"uv": [0, 1.25, 0.75, 1.5], "texture": "#0"},
				"south": {"uv": [2, 1.25, 2.5, 1.5], "texture": "#0"},
				"west": {"uv": [1.25, 1.25, 2, 1.5], "texture": "#0"},
				"up": {"uv": [1.25, 1.25, 0.75, 0.5], "texture": "#0"},
				"down": {"uv": [1.75, 0.5, 1.25, 1.25], "texture": "#0"}
			}
		},
		{
			"from": [7, 2.8, 7.9],
			"to": [9, 2.8, 9.9],
			"rotation": {"angle": 45, "axis": "x", "origin": [15, 10.8, 15.9]},
			"faces": {
				"north": {"uv": [1, 2.5, 1.5, 2.5], "texture": "#0"},
				"east": {"uv": [0.5, 2.5, 1, 2.5], "texture": "#0"},
				"south": {"uv": [2, 2.5, 2.5, 2.5], "texture": "#0"},
				"west": {"uv": [1.5, 2.5, 2, 2.5], "texture": "#0"},
				"up": {"uv": [1.5, 2.5, 1, 2], "texture": "#0"},
				"down": {"uv": [2, 2, 1.5, 2.5], "texture": "#0"}
			}
		},
		{
			"from": [6.5, 6, 2.5],
			"to": [9.5, 7, 16.5],
			"rotation": {"angle": 0, "axis": "y", "origin": [14.5, 14, 10.5]},
			"faces": {
				"north": {"uv": [8, 3.5, 8.75, 3.75], "texture": "#0"},
				"east": {"uv": [4.5, 3.5, 8, 3.75], "texture": "#0"},
				"south": {"uv": [12.25, 3.5, 13, 3.75], "texture": "#0"},
				"west": {"uv": [8.75, 3.5, 12.25, 3.75], "texture": "#0"},
				"up": {"uv": [8.75, 3.5, 8, 0], "texture": "#0"},
				"down": {"uv": [9.5, 0, 8.75, 3.5], "texture": "#0"}
			}
		},
		{
			"from": [5, 7.9, 3.5],
			"to": [11, 8.9, 4.5],
			"rotation": {"angle": 0, "axis": "y", "origin": [13, 15.9, 11.5]},
			"faces": {
				"north": {"uv": [0.25, 0.25, 1.75, 0.5], "texture": "#0"},
				"east": {"uv": [0, 0.25, 0.25, 0.5], "texture": "#0"},
				"south": {"uv": [2, 0.25, 3.5, 0.5], "texture": "#0"},
				"west": {"uv": [1.75, 0.25, 2, 0.5], "texture": "#0"},
				"up": {"uv": [1.75, 0.25, 0.25, 0], "texture": "#0"},
				"down": {"uv": [3.25, 0, 1.75, 0.25], "texture": "#0"}
			}
		},
		{
			"from": [6, 6.9, 3.5],
			"to": [10, 7.9, 4.5],
			"rotation": {"angle": 0, "axis": "y", "origin": [14, 14.9, 11.5]},
			"faces": {
				"north": {"uv": [0.25, 1.75, 1.25, 2], "texture": "#0"},
				"east": {"uv": [0, 1.75, 0.25, 2], "texture": "#0"},
				"south": {"uv": [1.5, 1.75, 2.5, 2], "texture": "#0"},
				"west": {"uv": [1.25, 1.75, 1.5, 2], "texture": "#0"},
				"up": {"uv": [1.25, 1.75, 0.25, 1.5], "texture": "#0"},
				"down": {"uv": [2.25, 1.5, 1.25, 1.75], "texture": "#0"}
			}
		},
		{
			"from": [2.5, 9.1, 4.5],
			"to": [3.5, 11.1, 20.5],
			"rotation": {"angle": 22.5, "axis": "z", "origin": [10.5, 17.1, 12.5]},
			"faces": {
				"north": {"uv": [4, 8.5, 4.25, 9], "texture": "#0"},
				"east": {"uv": [0, 8.5, 4, 9], "texture": "#0"},
				"south": {"uv": [8.25, 8.5, 8.5, 9], "texture": "#0"},
				"west": {"uv": [4.25, 8.5, 8.25, 9], "texture": "#0"},
				"up": {"uv": [4.25, 8.5, 4, 4.5], "texture": "#0"},
				"down": {"uv": [4.5, 4.5, 4.25, 8.5], "texture": "#0"}
			}
		},
		{
			"from": [7.1, 10.2, 4.5],
			"to": [8.1, 12.2, 20.5],
			"rotation": {"angle": -22.5, "axis": "z", "origin": [0.1, 4.2, 12.5]},
			"faces": {
				"north": {"uv": [4, 4, 4.25, 4.5], "texture": "#0"},
				"east": {"uv": [0, 4, 4, 4.5], "texture": "#0"},
				"south": {"uv": [8.25, 4, 8.5, 4.5], "texture": "#0"},
				"west": {"uv": [4.25, 4, 8.25, 4.5], "texture": "#0"},
				"up": {"uv": [4.25, 4, 4, 0], "texture": "#0"},
				"down": {"uv": [4.5, 0, 4.25, 4], "texture": "#0"}
			}
		}
	],
	"display": {
		"thirdperson_righthand": {
			"rotation": [0, -180, 0],
			"translation": [0, 1, -5],
			"scale": [0.91, 0.91, 0.91]
		},
		"thirdperson_lefthand": {
			"rotation": [0, -180, 0],
			"translation": [0, 1, -5],
			"scale": [0.91, 0.91, 0.91]
		},
		"firstperson_righthand": {
			"rotation": [0, -180, 0],
			"translation": [9, 1.25, -1.75]
		},
		"firstperson_lefthand": {
			"rotation": [0, 170, 0],
			"translation": [1.25, 3, 0]
		},
		"ground": {
			"rotation": [0, 0, 90]
		},
		"gui": {
			"rotation": [44, 142, 0],
			"translation": [-0.5, 0, 0],
			"scale": [0.75, 0.75, 0.75]
		},
		"fixed": {
			"rotation": [-90, -180, 0],
			"translation": [0, 0, -4],
			"scale": [2, 2, 2]
		}
	}
}