{
	"credit": "Made with Blockbench",
	"textures": {
		"0": "./man",
		"1_0": "./cyberhead",
		"particle": "./cyberbow",
		"3_0": "./cyberbow"
	},
	"elements": [
		{
			"from": [5, -6, 4],
			"to": [9, 6, 8],
			"rotation": {"angle": 0, "axis": "y", "origin": [13, 2, 12]},
			"faces": {
				"north": {"uv": [7, 13, 8, 16], "texture": "#0"},
				"east": {"uv": [6, 13, 7, 16], "texture": "#0"},
				"south": {"uv": [0, 0, 4, 12], "texture": "#0"},
				"west": {"uv": [4, 13, 5, 16], "texture": "#0"},
				"up": {"uv": [6, 12, 7, 13], "texture": "#0"},
				"down": {"uv": [5, 12, 6, 13], "texture": "#0"}
			}
		},
		{
			"from": [5, 6, 4],
			"to": [9, 18, 12],
			"rotation": {"angle": 0, "axis": "y", "origin": [13, 14, 12]},
			"faces": {
				"north": {"uv": [0, 0, 4, 12], "texture": "#0"},
				"east": {"uv": [8, 5, 10, 8], "texture": "#0"},
				"south": {"uv": [0, 0, 4, 12], "texture": "#0"},
				"west": {"uv": [5, 5, 7, 8], "texture": "#0"},
				"up": {"uv": [12, 7.5, 14, 8], "texture": "#0"},
				"down": {"uv": [7, 4, 9, 5], "texture": "#0"}
			}
		},
		{
			"from": [5, -6, 8],
			"to": [9, 6, 12],
			"rotation": {"angle": 0, "axis": "y", "origin": [13, 2, 16]},
			"faces": {
				"north": {"uv": [7, 13, 8, 16], "texture": "#0"},
				"east": {"uv": [6, 13, 7, 16], "texture": "#0"},
				"south": {"uv": [5, 13, 6, 16], "texture": "#0"},
				"west": {"uv": [4, 13, 5, 16], "texture": "#0"},
				"up": {"uv": [6, 12, 7, 13], "texture": "#0"},
				"down": {"uv": [5, 12, 6, 13], "texture": "#0"}
			}
		},
		{
			"from": [5, 6, 12],
			"to": [9, 18, 16],
			"rotation": {"angle": 0, "axis": "y", "origin": [13, 14, 20]},
			"faces": {
				"north": {"uv": [13, 5, 14, 8], "texture": "#0"},
				"east": {"uv": [12, 5, 13, 8], "texture": "#0"},
				"south": {"uv": [11, 5, 12, 8], "texture": "#0"},
				"west": {"uv": [10, 5, 11, 8], "texture": "#0"},
				"up": {"uv": [11, 4, 12, 5], "texture": "#0"},
				"down": {"uv": [12, 4, 13, 5], "texture": "#0"}
			}
		},
		{
			"from": [5, 6, 0],
			"to": [9, 18, 4],
			"rotation": {"angle": 0, "axis": "y", "origin": [13, 14, 8]},
			"faces": {
				"north": {"uv": [9, 13, 10, 16], "texture": "#0"},
				"east": {"uv": [13, 5, 14, 8], "texture": "#0"},
				"south": {"uv": [13, 5, 14, 8], "texture": "#0"},
				"west": {"uv": [8, 13, 9, 16], "texture": "#0"},
				"up": {"uv": [9, 12, 10, 13], "texture": "#0"},
				"down": {"uv": [10, 12, 11, 13], "texture": "#0"}
			}
		},
		{
			"from": [-1, 18, 4],
			"to": [7, 26, 12],
			"rotation": {"angle": 22.5, "axis": "z", "origin": [9, 26, 12]},
			"faces": {
				"north": {"uv": [0, 2, 2, 4], "texture": "#0"},
				"east": {"uv": [6, 2, 8, 4], "texture": "#0"},
				"south": {"uv": [4, 2, 6, 4], "texture": "#0"},
				"west": {"uv": [2, 2, 4, 4], "texture": "#0"},
				"up": {"uv": [4, 0, 6, 2], "texture": "#0"},
				"down": {"uv": [2, 0, 4, 2], "texture": "#0"}
			}
		},
		{
			"from": [1, 23, 12.5],
			"to": [2, 28, 13.5],
			"rotation": {"angle": 22.5, "axis": "z", "origin": [9, 31, 20.5]},
			"faces": {
				"north": {"uv": [6, 0, 7, 5], "texture": "#1_0"},
				"east": {"uv": [0, 0, 1, 5], "texture": "#1_0"},
				"south": {"uv": [0, 0, 1, 5], "texture": "#1_0"},
				"west": {"uv": [0, 0, 1, 5], "texture": "#1_0"},
				"up": {"uv": [0, 0, 1, 1], "texture": "#1_0"},
				"down": {"uv": [0, 0, 1, 1], "texture": "#1_0"}
			}
		},
		{
			"from": [1, 23, 2.5],
			"to": [2, 28, 3.5],
			"rotation": {"angle": 22.5, "axis": "z", "origin": [9, 31, 20.5]},
			"faces": {
				"north": {"uv": [0, 6, 1, 16], "texture": "#1_0"},
				"east": {"uv": [0, 6, 1, 16], "texture": "#1_0"},
				"south": {"uv": [6, 0, 7, 5], "texture": "#1_0"},
				"west": {"uv": [0, 6, 1, 16], "texture": "#1_0"},
				"up": {"uv": [0, 0, 1, 1], "texture": "#1_0"},
				"down": {"uv": [0, 0, 1, 1], "texture": "#1_0"}
			}
		},
		{
			"from": [1, 27.5, 12],
			"to": [2, 28.5, 13],
			"rotation": {"angle": 22.5, "axis": "z", "origin": [9, 31, 20.5]},
			"faces": {
				"north": {"uv": [0, 0, 1, 1], "texture": "#1_0"},
				"east": {"uv": [0, 0, 1, 1], "texture": "#1_0"},
				"south": {"uv": [0, 0, 1, 1], "texture": "#1_0"},
				"west": {"uv": [0, 0, 1, 1], "texture": "#1_0"},
				"up": {"uv": [0, 0, 1, 1], "texture": "#1_0"},
				"down": {"uv": [0, 0, 1, 1], "texture": "#1_0"}
			}
		},
		{
			"from": [1, 28, 3.5],
			"to": [2, 29, 12.5],
			"rotation": {"angle": 22.5, "axis": "z", "origin": [9, 31, 20.5]},
			"faces": {
				"north": {"uv": [4, 8, 10, 10], "texture": "#1_0"},
				"east": {"uv": [4, 0, 10, 1], "texture": "#1_0"},
				"south": {"uv": [4, 8, 10, 10], "texture": "#1_0"},
				"west": {"uv": [4, 0, 10, 1], "texture": "#1_0"},
				"up": {"uv": [6, 8, 7, 14], "texture": "#1_0"},
				"down": {"uv": [6, 8, 7, 14], "texture": "#1_0"}
			}
		},
		{
			"from": [1, 27.5, 3],
			"to": [2, 28.5, 4],
			"rotation": {"angle": 22.5, "axis": "z", "origin": [9, 31, 20.5]},
			"faces": {
				"north": {"uv": [0, 0, 1, 1], "texture": "#1_0"},
				"east": {"uv": [0, 0, 1, 1], "texture": "#1_0"},
				"south": {"uv": [0, 0, 1, 1], "texture": "#1_0"},
				"west": {"uv": [0, 0, 1, 1], "texture": "#1_0"},
				"up": {"uv": [0, 0, 1, 1], "texture": "#1_0"},
				"down": {"uv": [0, 0, 1, 1], "texture": "#1_0"}
			}
		},
		{
			"from": [1, 22, 12],
			"to": [2, 23, 13],
			"rotation": {"angle": 22.5, "axis": "z", "origin": [9, 31, 20.5]},
			"faces": {
				"north": {"uv": [0, 0, 1, 1], "texture": "#1_0"},
				"east": {"uv": [0, 0, 1, 1], "texture": "#1_0"},
				"south": {"uv": [0, 0, 1, 1], "texture": "#1_0"},
				"west": {"uv": [0, 0, 1, 1], "texture": "#1_0"},
				"up": {"uv": [0, 0, 1, 1], "texture": "#1_0"},
				"down": {"uv": [0, 0, 1, 1], "texture": "#1_0"}
			}
		},
		{
			"from": [1, 22, 3],
			"to": [2, 23, 4],
			"rotation": {"angle": 22.5, "axis": "z", "origin": [9, 31, 20.5]},
			"faces": {
				"north": {"uv": [0, 0, 1, 1], "texture": "#1_0"},
				"east": {"uv": [0, 0, 1, 1], "texture": "#1_0"},
				"south": {"uv": [0, 0, 1, 1], "texture": "#1_0"},
				"west": {"uv": [0, 0, 1, 1], "texture": "#1_0"},
				"up": {"uv": [0, 0, 1, 1], "texture": "#1_0"},
				"down": {"uv": [0, 0, 1, 1], "texture": "#1_0"}
			}
		},
		{
			"from": [0, 20, 12],
			"to": [3, 23, 12.5],
			"rotation": {"angle": 22.5, "axis": "z", "origin": [9, 31, 20.5]},
			"faces": {
				"north": {"uv": [0, 0, 3, 3], "texture": "#1_0"},
				"east": {"uv": [0, 0, 0.5, 3], "texture": "#1_0"},
				"south": {"uv": [0, 0, 3, 3], "texture": "#1_0"},
				"west": {"uv": [0, 0, 0.5, 3], "texture": "#1_0"},
				"up": {"uv": [0, 0, 3, 0.5], "texture": "#1_0"},
				"down": {"uv": [0, 0, 3, 0.5], "texture": "#1_0"}
			}
		},
		{
			"from": [0, 20, 3.5],
			"to": [3, 23, 4],
			"rotation": {"angle": 22.5, "axis": "z", "origin": [9, 31, 20.5]},
			"faces": {
				"north": {"uv": [0, 0, 3, 3], "texture": "#1_0"},
				"east": {"uv": [0, 0, 0.5, 3], "texture": "#1_0"},
				"south": {"uv": [0, 0, 3, 3], "texture": "#1_0"},
				"west": {"uv": [0, 0, 0.5, 3], "texture": "#1_0"},
				"up": {"uv": [0, 0, 3, 0.5], "texture": "#1_0"},
				"down": {"uv": [0, 0, 3, 0.5], "texture": "#1_0"}
			}
		},
		{
			"from": [-1, 20, 11],
			"to": [4, 23, 12],
			"rotation": {"angle": 22.5, "axis": "z", "origin": [9, 31, 20.5]},
			"faces": {
				"north": {"uv": [6, 0, 8, 3], "texture": "#1_0"},
				"east": {"uv": [0, 0, 1, 3], "texture": "#1_0"},
				"south": {"uv": [7, 0, 11, 3], "texture": "#1_0"},
				"west": {"uv": [0, 0, 1, 3], "texture": "#1_0"},
				"up": {"uv": [0, 0, 5, 1], "texture": "#1_0"},
				"down": {"uv": [0, 0, 5, 1], "texture": "#1_0"}
			}
		},
		{
			"from": [-1, 20, 4],
			"to": [4, 23, 5],
			"rotation": {"angle": 22.5, "axis": "z", "origin": [9, 31, 20.5]},
			"faces": {
				"north": {"uv": [0, 0, 5, 3], "texture": "#1_0"},
				"east": {"uv": [0, 0, 1, 3], "texture": "#1_0"},
				"south": {"uv": [6, 0, 8, 3], "texture": "#1_0"},
				"west": {"uv": [0, 0, 1, 3], "texture": "#1_0"},
				"up": {"uv": [0, 0, 5, 1], "texture": "#1_0"},
				"down": {"uv": [0, 0, 5, 1], "texture": "#1_0"}
			}
		},
		{
			"from": [0, 19, 11],
			"to": [3, 24, 12],
			"rotation": {"angle": 22.5, "axis": "z", "origin": [9, 31, 20.5]},
			"faces": {
				"north": {"uv": [6, 0, 8, 4], "texture": "#1_0"},
				"east": {"uv": [7, 0, 8, 4], "texture": "#1_0"},
				"south": {"uv": [6, 0, 9, 4], "texture": "#1_0"},
				"west": {"uv": [0, 0, 1, 5], "texture": "#1_0"},
				"up": {"uv": [0, 0, 3, 1], "texture": "#1_0"},
				"down": {"uv": [0, 0, 3, 1], "texture": "#1_0"}
			}
		},
		{
			"from": [0, 19, 4],
			"to": [3, 24, 5],
			"rotation": {"angle": 22.5, "axis": "z", "origin": [9, 31, 20.5]},
			"faces": {
				"north": {"uv": [0, 0, 3, 5], "texture": "#1_0"},
				"east": {"uv": [0, 0, 1, 5], "texture": "#1_0"},
				"south": {"uv": [6, 0, 8, 5], "texture": "#1_0"},
				"west": {"uv": [0, 0, 1, 5], "texture": "#1_0"},
				"up": {"uv": [0, 0, 3, 1], "texture": "#1_0"},
				"down": {"uv": [0, 0, 3, 1], "texture": "#1_0"}
			}
		},
		{
			"from": [0, 27, 7],
			"to": [3, 29, 9],
			"rotation": {"angle": 22.5, "axis": "z", "origin": [9, 31, 20.5]},
			"faces": {
				"north": {"uv": [6, 0, 8, 2], "texture": "#1_0"},
				"east": {"uv": [6, 0, 8, 2], "texture": "#1_0"},
				"south": {"uv": [6, 0, 8, 2], "texture": "#1_0"},
				"west": {"uv": [6, 0, 8, 2], "texture": "#1_0"},
				"up": {"uv": [6, 0, 8, 2], "texture": "#1_0"},
				"down": {"uv": [6, 0, 8, 2], "texture": "#1_0"}
			}
		},
		{
			"from": [-1, 26, 7],
			"to": [4, 28, 9],
			"rotation": {"angle": 22.5, "axis": "z", "origin": [9, 31, 20.5]},
			"faces": {
				"north": {"uv": [6, 0, 8, 2], "texture": "#1_0"},
				"east": {"uv": [6, 4, 8, 6], "texture": "#1_0"},
				"south": {"uv": [6, 0, 8, 2], "texture": "#1_0"},
				"west": {"uv": [6, 3, 8, 5], "texture": "#1_0"},
				"up": {"uv": [6, 0, 8, 2], "texture": "#1_0"},
				"down": {"uv": [6, 0, 8, 2], "texture": "#1_0"}
			}
		},
		{
			"from": [8, 7, 0],
			"to": [8.75, 11, 4],
			"rotation": {"angle": 0, "axis": "x", "origin": [16, 3, 8]},
			"faces": {
				"north": {"uv": [1, 0, 5, 0.75], "rotation": 270, "texture": "#3_0"},
				"east": {"uv": [1, 0, 5, 4], "rotation": 90, "texture": "#3_0"},
				"south": {"uv": [1, 0, 5, 0.75], "rotation": 90, "texture": "#3_0"},
				"west": {"uv": [1, 0, 5, 4], "rotation": 90, "texture": "#3_0"},
				"up": {"uv": [2, 0, 4, 0.75], "rotation": 90, "texture": "#3_0"},
				"down": {"uv": [0, 5, 4, 5.75], "rotation": 90, "texture": "#3_0"}
			}
		},
		{
			"from": [3.25, 7, 0],
			"to": [4, 11, 4],
			"rotation": {"angle": 0, "axis": "x", "origin": [16, 3, 8]},
			"faces": {
				"north": {"uv": [1, 0, 5, 0.75], "rotation": 270, "texture": "#3_0"},
				"east": {"uv": [1, 0, 5, 4], "rotation": 90, "texture": "#3_0"},
				"south": {"uv": [1, 0, 5, 0.75], "rotation": 90, "texture": "#3_0"},
				"west": {"uv": [1, 0, 5, 4], "rotation": 90, "texture": "#3_0"},
				"up": {"uv": [0, 6, 4, 6.75], "rotation": 90, "texture": "#3_0"},
				"down": {"uv": [0, 5, 4, 5.75], "rotation": 90, "texture": "#3_0"}
			}
		},
		{
			"from": [4, 7, 4],
			"to": [8, 11, 4.75],
			"rotation": {"angle": 0, "axis": "x", "origin": [16, 3, 8]},
			"faces": {
				"north": {"uv": [1, 0, 5, 4], "rotation": 270, "texture": "#3_0"},
				"east": {"uv": [1, 0, 5, 0.75], "rotation": 90, "texture": "#3_0"},
				"south": {"uv": [1, 0, 5, 4], "rotation": 90, "texture": "#3_0"},
				"west": {"uv": [1, 0, 5, 0.75], "rotation": 90, "texture": "#3_0"},
				"up": {"uv": [0, 0, 0.75, 4], "rotation": 90, "texture": "#3_0"},
				"down": {"uv": [0, 0, 0.75, 4], "rotation": 90, "texture": "#3_0"}
			}
		},
		{
			"from": [4, 7, -0.75],
			"to": [8, 11, 0],
			"rotation": {"angle": 0, "axis": "x", "origin": [16, 3, 8]},
			"faces": {
				"north": {"uv": [1, 0, 5, 4], "rotation": 270, "texture": "#3_0"},
				"east": {"uv": [0, 0, 4, 0.75], "rotation": 90, "texture": "#3_0"},
				"south": {"uv": [1, 0, 5, 4], "rotation": 90, "texture": "#3_0"},
				"west": {"uv": [0, 0, 4, 0.75], "rotation": 90, "texture": "#3_0"},
				"up": {"uv": [0, 0, 0.75, 4], "rotation": 90, "texture": "#3_0"},
				"down": {"uv": [0, 0, 0.75, 4], "rotation": 90, "texture": "#3_0"}
			}
		},
		{
			"from": [3.5, 7, -0.5],
			"to": [4, 11, 0],
			"rotation": {"angle": 0, "axis": "x", "origin": [16, 3, 8]},
			"faces": {
				"north": {"uv": [1, 0, 5, 0.5], "rotation": 270, "texture": "#3_0"},
				"east": {"uv": [1, 0, 5, 0.5], "rotation": 90, "texture": "#3_0"},
				"south": {"uv": [1, 0, 5, 1], "rotation": 90, "texture": "#3_0"},
				"west": {"uv": [1, 0, 5, 0.5], "rotation": 90, "texture": "#3_0"},
				"up": {"uv": [0, 0, 0.5, 0.5], "rotation": 90, "texture": "#3_0"},
				"down": {"uv": [0, 0, 0.5, 0.5], "rotation": 90, "texture": "#3_0"}
			}
		},
		{
			"from": [3.5, 7, 4],
			"to": [4, 11, 4.5],
			"rotation": {"angle": 0, "axis": "x", "origin": [16, 3, 8]},
			"faces": {
				"north": {"uv": [1, 0, 5, 0.5], "rotation": 270, "texture": "#3_0"},
				"east": {"uv": [1, 0, 5, 0.5], "rotation": 90, "texture": "#3_0"},
				"south": {"uv": [0, 0, 6, 1], "rotation": 90, "texture": "#3_0"},
				"west": {"uv": [1, 0, 5, 0.5], "rotation": 90, "texture": "#3_0"},
				"up": {"uv": [0, 0, 0.5, 0.5], "rotation": 90, "texture": "#3_0"},
				"down": {"uv": [0, 0, 0.5, 0.5], "rotation": 90, "texture": "#3_0"}
			}
		},
		{
			"from": [8, 7, -0.5],
			"to": [8.5, 11, 0],
			"rotation": {"angle": 0, "axis": "x", "origin": [16, 3, 8]},
			"faces": {
				"north": {"uv": [1, 0, 5, 0.5], "rotation": 270, "texture": "#3_0"},
				"east": {"uv": [1, 1, 5, 1.5], "rotation": 90, "texture": "#3_0"},
				"south": {"uv": [1, 0, 5, 0.5], "rotation": 90, "texture": "#3_0"},
				"west": {"uv": [1, 0, 5, 0.5], "rotation": 90, "texture": "#3_0"},
				"up": {"uv": [0, 0, 0.5, 0.5], "rotation": 90, "texture": "#3_0"},
				"down": {"uv": [0, 0, 0.5, 0.5], "rotation": 90, "texture": "#3_0"}
			}
		},
		{
			"from": [8, 7, 4],
			"to": [8.5, 11, 4.5],
			"rotation": {"angle": 0, "axis": "x", "origin": [16, 3, 8]},
			"faces": {
				"north": {"uv": [1, 0, 5, 0.5], "rotation": 270, "texture": "#3_0"},
				"east": {"uv": [1, 0, 5, 0.5], "rotation": 90, "texture": "#3_0"},
				"south": {"uv": [1, 0, 5, 0.5], "rotation": 90, "texture": "#3_0"},
				"west": {"uv": [1, 0, 5, 0.5], "rotation": 90, "texture": "#3_0"},
				"up": {"uv": [0, 0, 0.5, 0.5], "rotation": 90, "texture": "#3_0"},
				"down": {"uv": [0, 0, 0.5, 0.5], "rotation": 90, "texture": "#3_0"}
			}
		},
		{
			"from": [8, 7, 12],
			"to": [8.75, 11, 16],
			"rotation": {"angle": 0, "axis": "x", "origin": [16, 3, 20]},
			"faces": {
				"north": {"uv": [1, 0, 5, 0.75], "rotation": 270, "texture": "#3_0"},
				"east": {"uv": [1, 0, 5, 4], "rotation": 90, "texture": "#3_0"},
				"south": {"uv": [1, 0, 5, 0.75], "rotation": 90, "texture": "#3_0"},
				"west": {"uv": [1, 0, 5, 4], "rotation": 90, "texture": "#3_0"},
				"up": {"uv": [2, 0, 4, 0.75], "rotation": 90, "texture": "#3_0"},
				"down": {"uv": [0, 5, 4, 5.75], "rotation": 90, "texture": "#3_0"}
			}
		},
		{
			"from": [3.25, 7, 12],
			"to": [4, 11, 16],
			"rotation": {"angle": 0, "axis": "x", "origin": [16, 3, 20]},
			"faces": {
				"north": {"uv": [1, 0, 5, 0.75], "rotation": 270, "texture": "#3_0"},
				"east": {"uv": [1, 0, 5, 4], "rotation": 90, "texture": "#3_0"},
				"south": {"uv": [1, 0, 5, 0.75], "rotation": 90, "texture": "#3_0"},
				"west": {"uv": [1, 0, 5, 4], "rotation": 90, "texture": "#3_0"},
				"up": {"uv": [0, 6, 4, 6.75], "rotation": 90, "texture": "#3_0"},
				"down": {"uv": [0, 5, 4, 5.75], "rotation": 90, "texture": "#3_0"}
			}
		},
		{
			"from": [4, 7, 16],
			"to": [8, 11, 16.75],
			"rotation": {"angle": 0, "axis": "x", "origin": [16, 3, 20]},
			"faces": {
				"north": {"uv": [1, 0, 5, 4], "rotation": 270, "texture": "#3_0"},
				"east": {"uv": [1, 0, 5, 0.75], "rotation": 90, "texture": "#3_0"},
				"south": {"uv": [1, 0, 5, 4], "rotation": 90, "texture": "#3_0"},
				"west": {"uv": [1, 0, 5, 0.75], "rotation": 90, "texture": "#3_0"},
				"up": {"uv": [0, 0, 0.75, 4], "rotation": 90, "texture": "#3_0"},
				"down": {"uv": [0, 0, 0.75, 4], "rotation": 90, "texture": "#3_0"}
			}
		},
		{
			"from": [4, 7, 11.25],
			"to": [8, 11, 12],
			"rotation": {"angle": 0, "axis": "x", "origin": [16, 3, 20]},
			"faces": {
				"north": {"uv": [1, 0, 5, 4], "rotation": 270, "texture": "#3_0"},
				"east": {"uv": [0, 0, 4, 0.75], "rotation": 90, "texture": "#3_0"},
				"south": {"uv": [1, 0, 5, 4], "rotation": 90, "texture": "#3_0"},
				"west": {"uv": [0, 0, 4, 0.75], "rotation": 90, "texture": "#3_0"},
				"up": {"uv": [0, 0, 0.75, 4], "rotation": 90, "texture": "#3_0"},
				"down": {"uv": [0, 0, 0.75, 4], "rotation": 90, "texture": "#3_0"}
			}
		},
		{
			"from": [3.5, 7, 11.5],
			"to": [4, 11, 12],
			"rotation": {"angle": 0, "axis": "x", "origin": [16, 3, 20]},
			"faces": {
				"north": {"uv": [1, 0, 5, 0.5], "rotation": 270, "texture": "#3_0"},
				"east": {"uv": [1, 0, 5, 0.5], "rotation": 90, "texture": "#3_0"},
				"south": {"uv": [1, 0, 5, 1], "rotation": 90, "texture": "#3_0"},
				"west": {"uv": [1, 0, 5, 0.5], "rotation": 90, "texture": "#3_0"},
				"up": {"uv": [0, 0, 0.5, 0.5], "rotation": 90, "texture": "#3_0"},
				"down": {"uv": [0, 0, 0.5, 0.5], "rotation": 90, "texture": "#3_0"}
			}
		},
		{
			"from": [3.5, 7, 16],
			"to": [4, 11, 16.5],
			"rotation": {"angle": 0, "axis": "x", "origin": [16, 3, 20]},
			"faces": {
				"north": {"uv": [1, 0, 5, 0.5], "rotation": 270, "texture": "#3_0"},
				"east": {"uv": [1, 0, 5, 0.5], "rotation": 90, "texture": "#3_0"},
				"south": {"uv": [0, 0, 6, 1], "rotation": 90, "texture": "#3_0"},
				"west": {"uv": [1, 0, 5, 0.5], "rotation": 90, "texture": "#3_0"},
				"up": {"uv": [0, 0, 0.5, 0.5], "rotation": 90, "texture": "#3_0"},
				"down": {"uv": [0, 0, 0.5, 0.5], "rotation": 90, "texture": "#3_0"}
			}
		},
		{
			"from": [8, 7, 11.5],
			"to": [8.5, 11, 12],
			"rotation": {"angle": 0, "axis": "x", "origin": [16, 3, 20]},
			"faces": {
				"north": {"uv": [1, 0, 5, 0.5], "rotation": 270, "texture": "#3_0"},
				"east": {"uv": [1, 1, 5, 1.5], "rotation": 90, "texture": "#3_0"},
				"south": {"uv": [1, 0, 5, 0.5], "rotation": 90, "texture": "#3_0"},
				"west": {"uv": [1, 0, 5, 0.5], "rotation": 90, "texture": "#3_0"},
				"up": {"uv": [0, 0, 0.5, 0.5], "rotation": 90, "texture": "#3_0"},
				"down": {"uv": [0, 0, 0.5, 0.5], "rotation": 90, "texture": "#3_0"}
			}
		},
		{
			"from": [8, 7, 16],
			"to": [8.5, 11, 16.5],
			"rotation": {"angle": 0, "axis": "x", "origin": [16, 3, 20]},
			"faces": {
				"north": {"uv": [1, 0, 5, 0.5], "rotation": 270, "texture": "#3_0"},
				"east": {"uv": [1, 0, 5, 0.5], "rotation": 90, "texture": "#3_0"},
				"south": {"uv": [1, 0, 5, 0.5], "rotation": 90, "texture": "#3_0"},
				"west": {"uv": [1, 0, 5, 0.5], "rotation": 90, "texture": "#3_0"},
				"up": {"uv": [0, 0, 0.5, 0.5], "rotation": 90, "texture": "#3_0"},
				"down": {"uv": [0, 0, 0.5, 0.5], "rotation": 90, "texture": "#3_0"}
			}
		}
	],
	"display": {
		"thirdperson_righthand": {
			"rotation": [0, 90, 0],
			"translation": [0, 3, 1.25],
			"scale": [0.25, 0.25, 0.25]
		},
		"thirdperson_lefthand": {
			"rotation": [0, -90, 0],
			"translation": [0, 3, 1.25],
			"scale": [0.25, 0.25, 0.26]
		},
		"firstperson_righthand": {
			"rotation": [0, 55, 0],
			"translation": [0.25, 3.75, 1.5],
			"scale": [0.25, 0.25, 0.25]
		},
		"firstperson_lefthand": {
			"rotation": [-13, -125, -1.5],
			"translation": [-0.75, 4, 1.5],
			"scale": [0.25, 0.25, 0.25]
		},
		"ground": {
			"translation": [0, 5.25, 0]
		},
		"gui": {
			"rotation": [0, 100, 0],
			"translation": [0.25, 4.75, 0]
		},
		"head": {
			"rotation": [0, -90, 0],
			"translation": [0, -19.75, 1.75],
			"scale": [1.8, 1.8, 1.8]
		},
		"fixed": {
			"rotation": [-90, -90, 0],
			"translation": [0, 2.25, -25.25],
			"scale": [1.8, 1.8, 1.8]
		}
	},
	"groups": [
		{
			"name": "group",
			"origin": [8, 8, 8],
			"children": [0, 1, 2, 3, 4, 5]
		},
		{
			"name": "Cyberhead",
			"origin": [8, 8, 8],
			"children": [
				{
					"name": "group",
					"origin": [15, 8, 19],
					"children": [6, 7, 8, 9, 10, 11, 12, 13, 14, 15, 16, 17, 18, 19, 20]
				}
			]
		},
		{
			"name": "Cyberbow",
			"origin": [8, 8, 8],
			"children": [
				{
					"name": "group",
					"origin": [14, 13, 14],
					"children": [21, 22, 23, 24, 25, 26, 27, 28]
				}
			]
		},
		{
			"name": "Cyberbow",
			"origin": [8, 8, 8],
			"children": [
				{
					"name": "group",
					"origin": [14, 13, 14],
					"children": [29, 30, 31, 32, 33, 34, 35, 36]
				}
			]
		}
	]
}