{
	"credit": "Made with Blockbench",
	"textures": {
		"0": "./clock",
		"1": "./black",
		"2": "./silver",
		"3": "./red",
		"particle": "./clock"
	},
	"elements": [
		{
			"from": [5, 2, 6],
			"to": [12, 3, 10],
			"rotation": {"angle": 0, "axis": "y", "origin": [14, 10, 14]},
			"faces": {
				"north": {"uv": [0, 0, 7, 1], "texture": "#3"},
				"east": {"uv": [0, 0, 4, 1], "texture": "#3"},
				"south": {"uv": [0, 0, 7, 1], "texture": "#3"},
				"west": {"uv": [0, 0, 4, 1], "texture": "#3"},
				"up": {"uv": [0, 0, 7, 4], "texture": "#3"},
				"down": {"uv": [0, 0, 7, 4], "texture": "#3"}
			}
		},
		{
			"from": [5, 3, 7],
			"to": [12, 10, 11],
			"rotation": {"angle": 0, "axis": "y", "origin": [14, 11, 14]},
			"faces": {
				"north": {"uv": [0, 0, 7, 7], "texture": "#0"},
				"east": {"uv": [0, 0, 4, 7], "texture": "#3"},
				"south": {"uv": [0, 0, 7, 7], "texture": "#3"},
				"west": {"uv": [0, 0, 4, 7], "texture": "#3"},
				"up": {"uv": [0, 0, 7, 4], "texture": "#3"},
				"down": {"uv": [0, 0, 7, 4], "texture": "#3"}
			}
		},
		{
			"from": [8, 9, 6.5],
			"to": [9, 10, 7],
			"rotation": {"angle": 0, "axis": "y", "origin": [11, 11, 13]},
			"faces": {
				"north": {"uv": [0, 0, 1, 1], "texture": "#1"},
				"east": {"uv": [0, 0, 0.5, 1], "texture": "#1"},
				"south": {"uv": [0, 0, 1, 1], "texture": "#1"},
				"west": {"uv": [0, 0, 0.5, 1], "texture": "#1"},
				"up": {"uv": [0, 0, 1, 0.5], "texture": "#1"},
				"down": {"uv": [0, 0, 1, 0.5], "texture": "#1"}
			}
		},
		{
			"from": [8, 3.25, 6.5],
			"to": [9, 4.25, 7],
			"rotation": {"angle": 0, "axis": "y", "origin": [11, 5.25, 13]},
			"faces": {
				"north": {"uv": [0, 0, 1, 1], "texture": "#1"},
				"east": {"uv": [0, 0, 0.5, 1], "texture": "#1"},
				"south": {"uv": [0, 0, 1, 1], "texture": "#1"},
				"west": {"uv": [0, 0, 0.5, 1], "texture": "#1"},
				"up": {"uv": [0, 0, 1, 0.5], "texture": "#1"},
				"down": {"uv": [0, 0, 1, 0.5], "texture": "#1"}
			}
		},
		{
			"from": [11, 6.25, 6.5],
			"to": [12, 7.25, 7],
			"rotation": {"angle": 0, "axis": "y", "origin": [14, 8.25, 13]},
			"faces": {
				"north": {"uv": [0, 0, 1, 1], "texture": "#1"},
				"east": {"uv": [0, 0, 0.5, 1], "texture": "#1"},
				"south": {"uv": [0, 0, 1, 1], "texture": "#1"},
				"west": {"uv": [0, 0, 0.5, 1], "texture": "#1"},
				"up": {"uv": [0, 0, 1, 0.5], "texture": "#1"},
				"down": {"uv": [0, 0, 1, 0.5], "texture": "#1"}
			}
		},
		{
			"from": [5, 6.25, 6.5],
			"to": [6, 7.25, 7],
			"rotation": {"angle": 0, "axis": "y", "origin": [8, 8.25, 13]},
			"faces": {
				"north": {"uv": [0, 0, 1, 1], "texture": "#1"},
				"east": {"uv": [0, 0, 0.5, 1], "texture": "#1"},
				"south": {"uv": [0, 0, 1, 1], "texture": "#1"},
				"west": {"uv": [0, 0, 0.5, 1], "texture": "#1"},
				"up": {"uv": [0, 0, 1, 0.5], "texture": "#1"},
				"down": {"uv": [0, 0, 1, 0.5], "texture": "#1"}
			}
		},
		{
			"from": [8, 6, 6.5],
			"to": [9, 7.5, 7],
			"rotation": {"angle": 0, "axis": "y", "origin": [11, 8, 13]},
			"faces": {
				"north": {"uv": [0, 0, 1, 1.5], "texture": "#1"},
				"east": {"uv": [0, 0, 0.5, 1.5], "texture": "#1"},
				"south": {"uv": [0, 0, 1, 1.5], "texture": "#1"},
				"west": {"uv": [0, 0, 0.5, 1.5], "texture": "#1"},
				"up": {"uv": [0, 0, 1, 0.5], "texture": "#1"},
				"down": {"uv": [0, 0, 1, 0.5], "texture": "#1"}
			}
		},
		{
			"from": [8, 6.5, 6.5],
			"to": [10, 7.5, 7],
			"rotation": {"angle": -22.5, "axis": "z", "origin": [8, 9.5, 13]},
			"faces": {
				"north": {"uv": [0, 0, 1, 2], "rotation": 90, "texture": "#1"},
				"east": {"uv": [0, 0, 1, 0.5], "rotation": 270, "texture": "#1"},
				"south": {"uv": [0, 0, 1, 2], "rotation": 270, "texture": "#1"},
				"west": {"uv": [0, 0, 1, 0.5], "rotation": 270, "texture": "#1"},
				"up": {"uv": [0, 0, 0.5, 2], "rotation": 270, "texture": "#1"},
				"down": {"uv": [0, 0, 0.5, 2], "rotation": 270, "texture": "#1"}
			}
		},
		{
			"from": [4, 3, 6],
			"to": [5, 10, 10],
			"rotation": {"angle": 0, "axis": "y", "origin": [15, 11, 14]},
			"faces": {
				"north": {"uv": [0, 0, 1, 7], "texture": "#3"},
				"east": {"uv": [0, 0, 4, 7], "texture": "#3"},
				"south": {"uv": [0, 0, 1, 7], "texture": "#3"},
				"west": {"uv": [0, 0, 4, 7], "texture": "#3"},
				"up": {"uv": [0, 0, 1, 4], "texture": "#3"},
				"down": {"uv": [0, 0, 1, 4], "texture": "#3"}
			}
		},
		{
			"from": [12, 3, 6],
			"to": [13, 10, 10],
			"rotation": {"angle": 0, "axis": "y", "origin": [23, 11, 14]},
			"faces": {
				"north": {"uv": [0, 0, 1, 7], "texture": "#3"},
				"east": {"uv": [0, 0, 4, 7], "texture": "#3"},
				"south": {"uv": [0, 0, 1, 7], "texture": "#3"},
				"west": {"uv": [0, 0, 4, 7], "texture": "#3"},
				"up": {"uv": [0, 0, 1, 4], "texture": "#3"},
				"down": {"uv": [0, 0, 1, 4], "texture": "#3"}
			}
		},
		{
			"from": [5, 10, 6],
			"to": [12, 11, 10],
			"rotation": {"angle": 0, "axis": "y", "origin": [14, 18, 14]},
			"faces": {
				"north": {"uv": [0, 0, 7, 1], "texture": "#3"},
				"east": {"uv": [0, 0, 4, 1], "texture": "#3"},
				"south": {"uv": [0, 0, 7, 1], "texture": "#3"},
				"west": {"uv": [0, 0, 4, 1], "texture": "#3"},
				"up": {"uv": [0, 0, 7, 4], "texture": "#3"},
				"down": {"uv": [0, 0, 7, 4], "texture": "#3"}
			}
		},
		{
			"from": [8, -2.5, 7],
			"to": [9, -1, 9],
			"rotation": {"angle": -22.5, "axis": "z", "origin": [16, 5, 16]},
			"faces": {
				"north": {"uv": [0, 0, 1, 1.5], "texture": "#1"},
				"east": {"uv": [0, 0, 2, 1.5], "texture": "#1"},
				"south": {"uv": [0, 0, 1, 1.5], "texture": "#1"},
				"west": {"uv": [0, 0, 2, 1.5], "texture": "#1"},
				"up": {"uv": [0, 0, 1, 2], "texture": "#1"},
				"down": {"uv": [0, 0, 1, 2], "texture": "#1"}
			}
		},
		{
			"from": [14, 6, 7.25],
			"to": [15, 8, 9.25],
			"rotation": {"angle": -22.5, "axis": "z", "origin": [22, 14, 16.25]},
			"faces": {
				"north": {"uv": [0, 0, 1, 2], "texture": "#1"},
				"east": {"uv": [0, 0, 2, 2], "texture": "#1"},
				"south": {"uv": [0, 0, 1, 2], "texture": "#1"},
				"west": {"uv": [0, 0, 2, 2], "texture": "#1"},
				"up": {"uv": [0, 0, 1, 2], "texture": "#1"},
				"down": {"uv": [0, 0, 1, 2], "texture": "#1"}
			}
		},
		{
			"from": [13, 7.75, 6.75],
			"to": [16, 10, 9.75],
			"rotation": {"angle": -22.5, "axis": "z", "origin": [22, 14, 16.25]},
			"faces": {
				"north": {"uv": [0, 0, 3, 2.25], "texture": "#2"},
				"east": {"uv": [0, 0, 3, 2.25], "texture": "#2"},
				"south": {"uv": [0, 0, 3, 2.25], "texture": "#2"},
				"west": {"uv": [0, 0, 3, 2.25], "texture": "#2"},
				"up": {"uv": [0, 0, 3, 3], "texture": "#2"},
				"down": {"uv": [0, 0, 3, 3], "texture": "#2"}
			}
		},
		{
			"from": [7, 3.25, 7],
			"to": [8, 4.75, 9],
			"rotation": {"angle": 22.5, "axis": "z", "origin": [15, 10.75, 16]},
			"faces": {
				"north": {"uv": [0, 0, 1, 1.5], "texture": "#1"},
				"east": {"uv": [0, 0, 2, 1.5], "texture": "#1"},
				"south": {"uv": [0, 0, 1, 1.5], "texture": "#1"},
				"west": {"uv": [0, 0, 2, 1.5], "texture": "#1"},
				"up": {"uv": [0, 0, 1, 2], "texture": "#1"},
				"down": {"uv": [0, 0, 1, 2], "texture": "#1"}
			}
		},
		{
			"from": [1, 11.75, 7.25],
			"to": [2, 13.75, 9.25],
			"rotation": {"angle": 22.5, "axis": "z", "origin": [9, 19.75, 16.25]},
			"faces": {
				"north": {"uv": [0, 0, 1, 2], "texture": "#1"},
				"east": {"uv": [0, 0, 2, 2], "texture": "#1"},
				"south": {"uv": [0, 0, 1, 2], "texture": "#1"},
				"west": {"uv": [0, 0, 2, 2], "texture": "#1"},
				"up": {"uv": [0, 0, 1, 2], "texture": "#1"},
				"down": {"uv": [0, 0, 1, 2], "texture": "#1"}
			}
		},
		{
			"from": [0, 13.5, 6.75],
			"to": [3, 15.75, 9.75],
			"rotation": {"angle": 22.5, "axis": "z", "origin": [9, 19.75, 16.25]},
			"faces": {
				"north": {"uv": [0, 0, 3, 2.25], "texture": "#2"},
				"east": {"uv": [0, 0, 3, 2.25], "texture": "#2"},
				"south": {"uv": [0, 0, 3, 2.25], "texture": "#2"},
				"west": {"uv": [0, 0, 3, 2.25], "texture": "#2"},
				"up": {"uv": [0, 0, 3, 3], "texture": "#2"},
				"down": {"uv": [0, 0, 3, 3], "texture": "#2"}
			}
		}
	],
	"display": {
		"thirdperson_righthand": {
			"rotation": [0, 94, 0],
			"translation": [-0.75, 0, -2.5],
			"scale": [0.8, 0.75, 0.8]
		},
		"thirdperson_lefthand": {
			"rotation": [0, 95, 0],
			"translation": [-0.75, 0, -3.5],
			"scale": [0.8, 0.75, 0.8]
		},
		"firstperson_righthand": {
			"rotation": [0, 103, 0],
			"translation": [0, 3.75, 0],
			"scale": [0.85, 0.85, 0.85]
		},
		"firstperson_lefthand": {
			"rotation": [0, 93, 0],
			"translation": [0, 3.75, 0],
			"scale": [0.85, 0.85, 0.85]
		},
		"ground": {
			"translation": [0, 2.5, 0],
			"scale": [0.8, 0.8, 0.8]
		},
		"gui": {
			"rotation": [23, 167, 0],
			"translation": [0, 0.5, 0],
			"scale": [0.95, 0.9, 0.95]
		},
		"fixed": {
			"rotation": [-90, 0, 0],
			"translation": [-0.5, 0, -9.75],
			"scale": [1.4, 1.4, 1.7]
		}
	}
}