{
    "providers": [
       {
         "type": "bitmap",
         "file": "icons:menu/menu_icons.png",
         "ascent": 13,
         "height": 20,
         "chars": [
            "\uDB80\uDC00\uDB80\uDC01\uDB80\uDC02\uDB80\uDC03\uDB80\uDC04\uDB80\uDC05\uDB80\uDC06\uDB80\uDC07\uDB80\uDC08\uDB80\uDC09\uDB80\uDC0A\uDB80\uDC0B",
            "\uDB80\uDC0C\uDB80\uDC0D\uDB80\uDC0E\uDB80\uDC0F\uDB80\uDC10\uDB80\uDC11\uDB80\uDC12\uDB80\uDC13\uDB80\uDC14\uDB80\uDC15\uDB80\uDC16\uDB80\uDC17",
            "\uDB80\uDC18\uDB80\uDC19\uDB80\uDC1A\uDB80\uDC1B\uDB80\uDC1C\uDB80\uDC1D\uDB80\uDC1E\uDB80\uDC1F\uDB80\uDC20\uDB80\uDC21\uDB80\uDC22\uDB80\uDC23",
            "\uDB80\uDC24\uDB80\uDC25\uDB80\uDC26\uDB80\uDC27\uDB80\uDC28\uDB80\uDC29\uDB80\uDC2A\uDB80\uDC2B\uDB80\uDC2C\uDB80\uDC2D\uDB80\uDC2E\uDB80\uDC2F",
            "\uDB80\uDC30\uDB80\uDC31\uDB80\uDC32\uDB80\uDC33\uDB80\uDC34\uDB80\uDC35\uDB80\uDC36\uDB80\uDC37\uDB80\uDC38\uDB80\uDC39\uDB80\uDC3A\uDB80\uDC3B",
            "\uDB80\uDC3C\uDB80\uDC3D\uDB80\uDC3E\uDB80\uDC3F\uDB80\uDC40\uDB80\uDC41\uDB80\uDC42\uDB80\uDC43\uDB80\uDC44\uDB80\uDC45\uDB80\uDC46\uDB80\uDC47",
            "\uDB80\uDC48\uDB80\uDC49\uDB80\uDC4A\uDB80\uDC4B\uDB80\uDC4C\uDB80\uDC4D\uDB80\uDC4E\uDB80\uDC4F\uE000\uE000\uE000\uE000",
            "\uE000\uE000\uE000\uE000\uE000\uE000\uE000\uE000\uE000\uE000\uE000\uE000",		
            "\uE000\uE000\uE000\uE000\uE000\uE000\uE000\uE000\uE000\uE000\uE000\uE000",
            "\uE000\uE000\uE000\uE000\uE000\uE000\uE000\uE000\uE000\uE000\uE000\uE000",
            "\uE000\uE000\uE000\uE000\uE000\uE000\uE000\uE000\uE000\uE000\uE000\uE000",			
            "\uE000\uE000\uE000\uE000\uE000\uE000\uDB80\uDC8A\uDB80\uDC8B\uDB80\uDC8C\uDB80\uDC8D\uDB80\uDC8E\uDB80\uDC8F"
            ]
        },
		{
         "type": "bitmap",
         "file": "icons:menu/gamemenulogo.png",
         "ascent": 40,
         "height": 60,
         "chars": [
            "\uDB80\uDC90"
            ]
        },
        {
         "type": "bitmap",
         "file": "icons:statistic/stats1.png",
         "ascent": 8,
         "height": 9,
         "chars": [
            "\uDB80\uDC91",
            "\uDB80\uDC92",
            "\uDB80\uDC93",
            "\uDB80\uDC94",
            "\uDB80\uDC95",
            "\uDB80\uDC96",
            "\uDB80\uDC97",
            "\uDB80\uDC98",
            "\uDB80\uDC99",
            "\uDB80\uDC9A",
            "\uDB80\uDC9B",
            "\uDB80\uDC9C",
            "\uDB80\uDC9D",
            "\uDB80\uDC9E",
            "\uDB80\uDC9F",
            "\uDB80\uDCA0",
            "\uDB80\uDCA1",
            "\uDB80\uDCA2",
            "\uDB80\uDCA3",
            "\uDB80\uDCA4",
            "\uDB80\uDCA5",
            "\uDB80\uDCA6",
            "\uDB80\uDCA7",
            "\uDB80\uDCA8",
            "\uDB80\uDCA9",
            "\uDB80\uDCAA",
            "\uDB80\uDCAB"			
            ]
        },
        {
         "type": "bitmap",
         "file": "icons:statistic/stats2.png",
         "ascent": 8,
         "height": 9,
         "chars": [
            "\uDB80\uDCAC",
            "\uDB80\uDCAD",
            "\uDB80\uDCAE",
            "\uDB80\uDCAF",
            "\uDB80\uDCB0",
            "\uDB80\uDCB1",
            "\uDB80\uDCB2",
            "\uDB80\uDCB3",
            "\uDB80\uDCB4",
            "\uDB80\uDCB5",
            "\uDB80\uDCB6",
            "\uDB80\uDCB7",
            "\uDB80\uDCB8",
            "\uDB80\uDCB9",
            "\uDB80\uDCBA",
            "\uDB80\uDCBB",
            "\uDB80\uDCBC",
            "\uDB80\uDCBD",
            "\uDB80\uDCBE",
            "\uDB80\uDCBF",
            "\uDB80\uDCC0",
            "\uDB80\uDCC1",
            "\uDB80\uDCC2",
            "\uDB80\uDCC3",
            "\uDB80\uDCC4",
            "\uDB80\uDCC5",
            "\uDB80\uDCC6"			
            ]
        },
        {
         "type": "bitmap",
         "file": "icons:statistic/stats3.png",
         "ascent": 8,
         "height": 9,
         "chars": [
            "\uDB80\uDCC7",
            "\uDB80\uDCC8",
            "\uDB80\uDCC9",
            "\uDB80\uDCCA",
            "\uDB80\uDCCB",
            "\uDB80\uDCCC",
            "\uDB80\uDCCD",
            "\uDB80\uDCCE",
            "\uDB80\uDCCF",
            "\uDB80\uDCD0",
            "\uDB80\uDCD1",
            "\uDB80\uDCD2",
            "\uDB80\uDCD3",
            "\uDB80\uDCD4",
            "\uDB80\uDCD5",
            "\uDB80\uDCD6",
            "\uDB80\uDCD7",
            "\uDB80\uDCD8",
            "\uDB80\uDCD9",
            "\uDB80\uDCDA",
            "\uDB80\uDCDB"			
            ]
        },		
        {
         "type": "bitmap",
         "file": "icons:item/tooltip/attributes.png",
         "ascent": 8,
         "height": 9,
         "chars": [
            "\uDB80\uDCFD\uDB80\uDCFE\uDB80\uDCFF\uDB80\uDD00\uDB80\uDD01\uDB80\uDD02\uDB80\uDD03\uDB80\uDD04\uDB80\uDD05\uDB80\uDD06",
            "\uDB80\uDD07\uDB80\uDD08\uDB80\uDD09\uDB80\uDD0A\uDB80\uDD0B\uDB80\uDD0C\uDB80\uDD0D\uDB80\uDD0E\uDB80\uDD0F\uDB80\uDD10"
            ]
        },
        {
         "type": "bitmap",
         "file": "icons:item/tooltip/enchantments.png",
         "ascent": 8,
         "height": 9,
         "chars": [
            "\uDB80\uDD25\uDB80\uDD26\uDB80\uDD27\uDB80\uDD28\uDB80\uDD29\uDB80\uDD2A\uDB80\uDD2B\uDB80\uDD2C",
            "\uDB80\uDD2D\uDB80\uDD2E\uDB80\uDD2F\uDB80\uDD30\uDB80\uDD31\uDB80\uDD32\uDB80\uDD33\uDB80\uDD34"
            ]
        },		
        {
         "type": "bitmap",
         "file": "icons:item/tooltip/pattern.png",
         "ascent": 7,
         "height": 8,
         "chars": [
            "\uDB80\uDD45\uDB80\uDD46\uDB80\uDD47\uDB80\uDD48\uDB80\uDD49\uDB80\uDD4A"
            ]
        },
        {
         "type": "bitmap",
         "file": "icons:item/tooltip/food.png",
         "ascent": 7,
         "height": 9,
         "chars": [
            "\uDB80\uDD51\uDB80\uDD52\uDB80\uDD53\uDB80\uDD54",
            "\uDB80\uDD55\uDB80\uDD56\uDB80\uDD57\uDB80\uDD58",
            "\uDB80\uDD59\uDB80\uDD5A\uDB80\uDD5B\uDB80\uDD5C",
            "\uDB80\uDD5D\uDB80\uDD5E\uDB80\uDD5F\uDB80\uDD60",
			"\uDB80\uDD61\uDB80\uDD62\uDB80\uDD63\uDB80\uDD64",
			"\uDB80\uDD65\uDB80\uDD66\uDB80\uDD67\uDB80\uDD68",
			"\uDB80\uDD69\uDB80\uDD6A\uDB80\uDD6B\uDB80\uDD6C",
			"\uDB80\uDD6D\uDB80\uDD6E\uDB80\uDD6F\uDB80\uDD70",
            "\uDB80\uDD71\uDB80\uDD72\uDB80\uDD73\uDB80\uDD74",
            "\uDB80\uDD75\uDB80\uDD76\uDB80\uDD77\uDB80\uDD78",
			"\uDB80\uDD79\uDB80\uDD7A\uDB80\uDD7B\uDB80\uDD7C",
			"\uDB80\uDD7D\uDB80\uDD7E\uDB80\uDD7F\uDB80\uDD80",
			"\uDB80\uDD81\uDB80\uDD82\uDB80\uDD83\uDB80\uDD84",
			"\uDB80\uDD85\uDB80\uDD86\uDB80\uDD87\uDB80\uDD88"	
            ]
        },
		{
         "type": "bitmap",
         "file": "icons:item/tooltip/effects.png",
         "ascent": 8,
         "height": 10,
         "chars": [
			"\uDB80\uDD89\uDB80\uDD8A\uDB80\uDD8B\uDB80\uDD8C\uDB80\uDD8D\uDB80\uDD8E\uDB80\uDD8F\uDB80\uDD90",	
            "\uDB80\uDD91\uDB80\uDD92\uDB80\uDD93\uDB80\uDD94\uDB80\uDD95\uDB80\uDD96\uDB80\uDD97\uDB80\uDD98",
			"\uDB80\uDD99\uDB80\uDD9A\uDB80\uDD9B\uDB80\uDD9C\uDB80\uDD9D\uDB80\uDD9E\uDB80\uDD9F\uDB80\uDDA0",
			"\uDB80\uDDA1\uDB80\uDDA2\uDB80\uDDA3\uDB80\uDDA4\uDB80\uDDA5\uDB80\uDDA6\uDB80\uDDA7\uDB80\uDDA8"
            ]
        },
        {
         "type": "bitmap",
         "file": "icons:item/tooltip/discs.png",
         "ascent": 8,
         "height": 10,
         "chars": [
            "\uDB80\uDDB1\uDB80\uDDB2\uDB80\uDDB3\uDB80\uDDB4\uDB80\uDDB5\uDB80\uDDB6\uDB80\uDDB7",
            "\uDB80\uDDB8\uDB80\uDDB9\uDB80\uDDBA\uDB80\uDDBB\uDB80\uDDBC\uDB80\uDDBD\uDB80\uDDBE"
            ]
        },
        {
         "type": "bitmap",
         "file": "icons:gui/item_groups.png",
         "ascent": 8,
         "height": 10,
         "chars": [
            "\uDB80\uDDC6\uDB80\uDDC7\uDB80\uDDC8\uDB80\uDDC9\uDB80\uDDCA\uDB80\uDDCB",
			"\uDB80\uDDCC\uDB80\uDDCD\uDB80\uDDCE\uDB80\uDDCF\uDB80\uDDD0\uDB80\uDDD1"
            ]
        },
        {
         "type": "bitmap",
         "file": "icons:splash/caelesti.png",
         "ascent": 12,
         "height": 21,
         "chars": [
            "\uDB80\uDDD8",
			"\uDB80\uDDD9"			
            ]
        },
        {
         "type": "bitmap",
         "file": "icons:splash/splash.png",
         "ascent": 13,
         "height": 16,
         "chars": [
            "\uDB80\uDDDA"
            ]
        },
        {
         "type": "bitmap",
         "file": "icons:splash/sus.png",
         "ascent": 13,
         "height": 16,
         "chars": [
            "\uDB80\uDDDB"
            ]
        },
        {
         "type": "bitmap",
         "file": "icons:item/firework/dye.png",
         "ascent": 8,
         "height": 9,
         "chars": [
            "\uDB80\uDDEC\uDB80\uDDED\uDB80\uDDEE\uDB80\uDDEF",
            "\uDB80\uDDF0\uDB80\uDDF1\uDB80\uDDF2\uDB80\uDDF3",
            "\uDB80\uDDF4\uDB80\uDDF5\uDB80\uDDF6\uDB80\uDDF7",
            "\uDB80\uDDF8\uDB80\uDDF9\uDB80\uDDFA\uDB80\uDDFB"			
            ]
        },
        {
         "type": "bitmap",
         "file": "icons:item/firework/shape.png",
         "ascent": 8,
         "height": 9,
         "chars": [
            "\uDB80\uDDFC\uDB80\uDDFD\uDB80\uDDFE\uDB80\uDDFF\uDB80\uDE00",
            "\uDB80\uDE01\uDB80\uDE02\uDB80\uDE03\uDB80\uDE04\uDB80\uDE05"		
            ]
        },
        {
         "type": "bitmap",
         "file": "icons:commands/gamemodes.png",
         "ascent": 8,
         "height": 9,
         "chars": [
            "\uDB80\uDE0B\uDB80\uDE0C\uDB80\uDE0D\uDB80\uDE0E\uDB80\uDE0F"	
            ]
        },
        {
         "type": "bitmap",
         "file": "icons:gui/anvil_enchantingtable.png",
         "ascent": 8,
         "height": 10,
         "chars": [
            "\uDB80\uDE10\uDB80\uDE11\uDB80\uDE12\uDB80\uDE13"	
            ]
        },
        {
         "type": "bitmap",
         "file": "icons:menu/rp_icon.png",
         "ascent": 8,
         "height": 9,
         "chars": [
            "\uDB80\uDE14"	
            ]
        },			
        {
         "type": "bitmap",
         "file": "icons:menu/biomeselection.png",
         "ascent": 11,
         "height": 16,
         "chars": [
			"\uDBC0\uDCE8\uDBC0\uDCE9\uDBC0\uDCEA\uDBC0\uDCEB\uDBC0\uDCEC\uDBC0\uDCED\uDBC0\uDCEE\uDBC0\uDCEF",
			"\uDBC0\uDCF0\uDBC0\uDCF1\uDBC0\uDCF2\uDBC0\uDCF3\uDBC0\uDCF4\uDBC0\uDCF5\uDBC0\uDCF6\uDBC0\uDCF7",
			"\uDBC0\uDCF8\uDBC0\uDCF9\uDBC0\uDCFA\uDBC0\uDCFB\uDBC0\uDCFC\uDBC0\uDCFD\uDBC0\uDCFE\uDBC0\uDCFF",
			"\uDBC0\uDD00\uDBC0\uDD01\uDBC0\uDD02\uDBC0\uDD03\uDBC0\uDD04\uDBC0\uDD05\uDBC0\uDD06\uDBC0\uDD07",
			"\uDBC0\uDD08\uDBC0\uDD09\uDBC0\uDD0A\uDBC0\uDD0B\uDBC0\uDD0C\uDBC0\uDD0D\uDBC0\uDD0E\uDBC0\uDD0F",
			"\uDBC0\uDD10\uDBC0\uDD11\uDBC0\uDD12\uDBC0\uDD13\uDBC0\uDD14\uDBC0\uDD15\uDBC0\uDD16\uDBC0\uDD17",
			"\uDBC0\uDD18\uDBC0\uDD19\uDBC0\uDD1A\uDBC0\uDD1B\uDBC0\uDD1C\uDBC0\uDD1D\uDBC0\uDD1E\uDBC0\uDD1F",			
			"\uDBC0\uDD20\uDBC0\uDD21\uDBC0\uDD22\uDBC0\uDD23\uDBC0\uDD24\uDBC0\uDD25\uE000\uE000"
			]
		},					
        {
         "type": "bitmap",
         "file": "icons:item/banner/pattern_white.png",
         "ascent": 9,
         "height": 11,
         "chars": [
			"\uDBC0\uDD26\uDBC0\uDD27\uDBC0\uDD28\uDBC0\uDD29\uDBC0\uDD2A\uDBC0\uDD2B\uDBC0\uDD2C\uDBC0\uDD2D\uDBC0\uDD2E\uDBC0\uDD2F\uDBC0\uDD30\uDBC0\uDD31\uDBC0\uDD32\uDBC0\uDD33\uDBC0\uDD34\uDBC0\uDD35\uDBC0\uDD36\uDBC0\uDD37\uDBC0\uDD38\uDBC0\uDD39\uDBC0\uDD3A\uDBC0\uDD3B",
			"\uDBC0\uDD3C\uDBC0\uDD3D\uDBC0\uDD3E\uDBC0\uDD3F\uDBC0\uDD40\uDBC0\uDD41\uDBC0\uDD42\uDBC0\uDD43\uDBC0\uDD44\uDBC0\uDD45\uDBC0\uDD46\uDBC0\uDD47\uDBC0\uDD48\uDBC0\uDD49\uDBC0\uDD4A\uDBC0\uDD4B\uDBC0\uDD4C\uDBC0\uDD4D\uDBC0\uDD4E\uDBC0\uDD4F\uDBC0\uDD50\uDBC0\uDD51"
			]
		},			
        {
         "type": "bitmap",
         "file": "icons:item/banner/pattern_black.png",
         "ascent": 9,
         "height": 11,
         "chars": [
            "\uDBC0\uDD52\uDBC0\uDD53\uDBC0\uDD54\uDBC0\uDD55\uDBC0\uDD56\uDBC0\uDD57\uDBC0\uDD58\uDBC0\uDD59\uDBC0\uDD5A\uDBC0\uDD5B\uDBC0\uDD5C\uDBC0\uDD5D\uDBC0\uDD5E\uDBC0\uDD5F\uDBC0\uDD60\uDBC0\uDD61\uDBC0\uDD62\uDBC0\uDD63\uDBC0\uDD64\uDBC0\uDD65\uDBC0\uDD66\uDBC0\uDD67",
			"\uDBC0\uDD68\uDBC0\uDD69\uDBC0\uDD6A\uDBC0\uDD6B\uDBC0\uDD6C\uDBC0\uDD6D\uDBC0\uDD6E\uDBC0\uDD6F\uDBC0\uDD70\uDBC0\uDD71\uDBC0\uDD72\uDBC0\uDD73\uDBC0\uDD74\uDBC0\uDD75\uDBC0\uDD76\uDBC0\uDD77\uDBC0\uDD78\uDBC0\uDD79\uDBC0\uDD7A\uDBC0\uDD7B\uDBC0\uDD7C\uDBC0\uDD7D"
			]
		},	
        {
         "type": "bitmap",
         "file": "icons:item/banner/pattern_red.png",
         "ascent": 9,
         "height": 11,
         "chars": [
			"\uDBC0\uDD7E\uDBC0\uDD7F\uDBC0\uDD80\uDBC0\uDD81\uDBC0\uDD82\uDBC0\uDD83\uDBC0\uDD84\uDBC0\uDD85\uDBC0\uDD86\uDBC0\uDD87\uDBC0\uDD88\uDBC0\uDD89\uDBC0\uDD8A\uDBC0\uDD8B\uDBC0\uDD8C\uDBC0\uDD8D\uDBC0\uDD8E\uDBC0\uDD8F\uDBC0\uDD90\uDBC0\uDD91\uDBC0\uDD92\uDBC0\uDD93",
			"\uDBC0\uDD94\uDBC0\uDD95\uDBC0\uDD96\uDBC0\uDD97\uDBC0\uDD98\uDBC0\uDD99\uDBC0\uDD9A\uDBC0\uDD9B\uDBC0\uDD9C\uDBC0\uDD9D\uDBC0\uDD9E\uDBC0\uDD9F\uDBC0\uDDA0\uDBC0\uDDA1\uDBC0\uDDA2\uDBC0\uDDA3\uDBC0\uDDA4\uDBC0\uDDA5\uDBC0\uDDA6\uDBC0\uDDA7\uDBC0\uDDA8\uDBC0\uDDA9"
			]
		},
        {
         "type": "bitmap",
         "file": "icons:item/banner/pattern_green.png",
         "ascent": 9,
         "height": 11,
         "chars": [
			"\uDBC0\uDDAA\uDBC0\uDDAB\uDBC0\uDDAC\uDBC0\uDDAD\uDBC0\uDDAE\uDBC0\uDDAF\uDBC0\uDDB0\uDBC0\uDDB1\uDBC0\uDDB2\uDBC0\uDDB3\uDBC0\uDDB4\uDBC0\uDDB5\uDBC0\uDDB6\uDBC0\uDDB7\uDBC0\uDDB8\uDBC0\uDDB9\uDBC0\uDDBA\uDBC0\uDDBB\uDBC0\uDDBC\uDBC0\uDDBD\uDBC0\uDDBE\uDBC0\uDDBF",
			"\uDBC0\uDDC0\uDBC0\uDDC1\uDBC0\uDDC2\uDBC0\uDDC3\uDBC0\uDDC4\uDBC0\uDDC5\uDBC0\uDDC6\uDBC0\uDDC7\uDBC0\uDDC8\uDBC0\uDDC9\uDBC0\uDDCA\uDBC0\uDDCB\uDBC0\uDDCC\uDBC0\uDDCD\uDBC0\uDDCE\uDBC0\uDDCF\uDBC0\uDDD0\uDBC0\uDDD1\uDBC0\uDDD2\uDBC0\uDDD3\uDBC0\uDDD4\uDBC0\uDDD5"
			]
		},
        {
         "type": "bitmap",
         "file": "icons:item/banner/pattern_brown.png",
         "ascent": 9,
         "height": 11,
         "chars": [
			"\uDBC0\uDDD6\uDBC0\uDDD7\uDBC0\uDDD8\uDBC0\uDDD9\uDBC0\uDDDA\uDBC0\uDDDB\uDBC0\uDDDC\uDBC0\uDDDD\uDBC0\uDDDE\uDBC0\uDDDF\uDBC0\uDDE0\uDBC0\uDDE1\uDBC0\uDDE2\uDBC0\uDDE3\uDBC0\uDDE4\uDBC0\uDDE5\uDBC0\uDDE6\uDBC0\uDDE7\uDBC0\uDDE8\uDBC0\uDDE9\uDBC0\uDDEA\uDBC0\uDDEB",
			"\uDBC0\uDDEC\uDBC0\uDDED\uDBC0\uDDEE\uDBC0\uDDEF\uDBC0\uDDF0\uDBC0\uDDF1\uDBC0\uDDF2\uDBC0\uDDF3\uDBC0\uDDF4\uDBC0\uDDF5\uDBC0\uDDF6\uDBC0\uDDF7\uDBC0\uDDF8\uDBC0\uDDF9\uDBC0\uDDFA\uDBC0\uDDFB\uDBC0\uDDFC\uDBC0\uDDFD\uDBC0\uDDFE\uDBC0\uDDFF\uDBC0\uDE00\uDBC0\uDE01"
			]
		},
        {
         "type": "bitmap",
         "file": "icons:item/banner/pattern_blue.png",
         "ascent": 9,
         "height": 11,
         "chars": [
			"\uDBC0\uDE02\uDBC0\uDE03\uDBC0\uDE04\uDBC0\uDE05\uDBC0\uDE06\uDBC0\uDE07\uDBC0\uDE08\uDBC0\uDE09\uDBC0\uDE0A\uDBC0\uDE0B\uDBC0\uDE0C\uDBC0\uDE0D\uDBC0\uDE0E\uDBC0\uDE0F\uDBC0\uDE10\uDBC0\uDE11\uDBC0\uDE12\uDBC0\uDE13\uDBC0\uDE14\uDBC0\uDE15\uDBC0\uDE16\uDBC0\uDE17",
			"\uDBC0\uDE18\uDBC0\uDE19\uDBC0\uDE1A\uDBC0\uDE1B\uDBC0\uDE1C\uDBC0\uDE1D\uDBC0\uDE1E\uDBC0\uDE1F\uDBC0\uDE20\uDBC0\uDE21\uDBC0\uDE22\uDBC0\uDE23\uDBC0\uDE24\uDBC0\uDE25\uDBC0\uDE26\uDBC0\uDE27\uDBC0\uDE28\uDBC0\uDE29\uDBC0\uDE2A\uDBC0\uDE2B\uDBC0\uDE2C\uDBC0\uDE2D"
			]
		},
        {
         "type": "bitmap",
         "file": "icons:item/banner/pattern_purple.png",
         "ascent": 9,
         "height": 11,
         "chars": [
			"\uDBC0\uDE2E\uDBC0\uDE2F\uDBC0\uDE30\uDBC0\uDE31\uDBC0\uDE32\uDBC0\uDE33\uDBC0\uDE34\uDBC0\uDE35\uDBC0\uDE36\uDBC0\uDE37\uDBC0\uDE38\uDBC0\uDE39\uDBC0\uDE3A\uDBC0\uDE3B\uDBC0\uDE3C\uDBC0\uDE3D\uDBC0\uDE3E\uDBC0\uDE3F\uDBC0\uDE40\uDBC0\uDE41\uDBC0\uDE42\uDBC0\uDE43",
			"\uDBC0\uDE44\uDBC0\uDE45\uDBC0\uDE46\uDBC0\uDE47\uDBC0\uDE48\uDBC0\uDE49\uDBC0\uDE4A\uDBC0\uDE4B\uDBC0\uDE4C\uDBC0\uDE4D\uDBC0\uDE4E\uDBC0\uDE4F\uDBC0\uDE50\uDBC0\uDE51\uDBC0\uDE52\uDBC0\uDE53\uDBC0\uDE54\uDBC0\uDE55\uDBC0\uDE56\uDBC0\uDE57\uDBC0\uDE58\uDBC0\uDE59"
			]
		},
        {
         "type": "bitmap",
         "file": "icons:item/banner/pattern_cyan.png",
         "ascent": 9,
         "height": 11,
         "chars": [
			"\uDBC0\uDE5A\uDBC0\uDE5B\uDBC0\uDE5C\uDBC0\uDE5D\uDBC0\uDE5E\uDBC0\uDE5F\uDBC0\uDE60\uDBC0\uDE61\uDBC0\uDE62\uDBC0\uDE63\uDBC0\uDE64\uDBC0\uDE65\uDBC0\uDE66\uDBC0\uDE67\uDBC0\uDE68\uDBC0\uDE69\uDBC0\uDE6A\uDBC0\uDE6B\uDBC0\uDE6C\uDBC0\uDE6D\uDBC0\uDE6E\uDBC0\uDE6F",
			"\uDBC0\uDE70\uDBC0\uDE71\uDBC0\uDE72\uDBC0\uDE73\uDBC0\uDE74\uDBC0\uDE75\uDBC0\uDE76\uDBC0\uDE77\uDBC0\uDE78\uDBC0\uDE79\uDBC0\uDE7A\uDBC0\uDE7B\uDBC0\uDE7C\uDBC0\uDE7D\uDBC0\uDE7E\uDBC0\uDE7F\uDBC0\uDE80\uDBC0\uDE81\uDBC0\uDE82\uDBC0\uDE83\uDBC0\uDE84\uDBC0\uDE85"
			]
		},
        {
         "type": "bitmap",
         "file": "icons:item/banner/pattern_light_gray.png",
         "ascent": 9,
         "height": 11,
         "chars": [
			"\uDBC0\uDE86\uDBC0\uDE87\uDBC0\uDE88\uDBC0\uDE89\uDBC0\uDE8A\uDBC0\uDE8B\uDBC0\uDE8C\uDBC0\uDE8D\uDBC0\uDE8E\uDBC0\uDE8F\uDBC0\uDE90\uDBC0\uDE91\uDBC0\uDE92\uDBC0\uDE93\uDBC0\uDE94\uDBC0\uDE95\uDBC0\uDE96\uDBC0\uDE97\uDBC0\uDE98\uDBC0\uDE99\uDBC0\uDE9A\uDBC0\uDE9B",
			"\uDBC0\uDE9C\uDBC0\uDE9D\uDBC0\uDE9E\uDBC0\uDE9F\uDBC0\uDEA0\uDBC0\uDEA1\uDBC0\uDEA2\uDBC0\uDEA3\uDBC0\uDEA4\uDBC0\uDEA5\uDBC0\uDEA6\uDBC0\uDEA7\uDBC0\uDEA8\uDBC0\uDEA9\uDBC0\uDEAA\uDBC0\uDEAB\uDBC0\uDEAC\uDBC0\uDEAD\uDBC0\uDEAE\uDBC0\uDEAF\uDBC0\uDEB0\uDBC0\uDEB1"
			]
		},
        {
         "type": "bitmap",
         "file": "icons:item/banner/pattern_gray.png",
         "ascent": 9,
         "height": 11,
         "chars": [
			"\uDBC0\uDEB2\uDBC0\uDEB3\uDBC0\uDEB4\uDBC0\uDEB5\uDBC0\uDEB6\uDBC0\uDEB7\uDBC0\uDEB8\uDBC0\uDEB9\uDBC0\uDEBA\uDBC0\uDEBB\uDBC0\uDEBC\uDBC0\uDEBD\uDBC0\uDEBE\uDBC0\uDEBF\uDBC0\uDEC0\uDBC0\uDEC1\uDBC0\uDEC2\uDBC0\uDEC3\uDBC0\uDEC4\uDBC0\uDEC5\uDBC0\uDEC6\uDBC0\uDEC7",
			"\uDBC0\uDEC8\uDBC0\uDEC9\uDBC0\uDECA\uDBC0\uDECB\uDBC0\uDECC\uDBC0\uDECD\uDBC0\uDECE\uDBC0\uDECF\uDBC0\uDED0\uDBC0\uDED1\uDBC0\uDED2\uDBC0\uDED3\uDBC0\uDED4\uDBC0\uDED5\uDBC0\uDED6\uDBC0\uDED7\uDBC0\uDED8\uDBC0\uDED9\uDBC0\uDEDA\uDBC0\uDEDB\uDBC0\uDEDC\uDBC0\uDEDD"
			]
		},
        {
         "type": "bitmap",
         "file": "icons:item/banner/pattern_pink.png",
         "ascent": 9,
         "height": 11,
         "chars": [
			"\uDBC0\uDEDE\uDBC0\uDEDF\uDBC0\uDEE0\uDBC0\uDEE1\uDBC0\uDEE2\uDBC0\uDEE3\uDBC0\uDEE4\uDBC0\uDEE5\uDBC0\uDEE6\uDBC0\uDEE7\uDBC0\uDEE8\uDBC0\uDEE9\uDBC0\uDEEA\uDBC0\uDEEB\uDBC0\uDEEC\uDBC0\uDEED\uDBC0\uDEEE\uDBC0\uDEEF\uDBC0\uDEF0\uDBC0\uDEF1\uDBC0\uDEF2\uDBC0\uDEF3",
			"\uDBC0\uDEF4\uDBC0\uDEF5\uDBC0\uDEF6\uDBC0\uDEF7\uDBC0\uDEF8\uDBC0\uDEF9\uDBC0\uDEFA\uDBC0\uDEFB\uDBC0\uDEFC\uDBC0\uDEFD\uDBC0\uDEFE\uDBC0\uDEFF\uDBC0\uDF00\uDBC0\uDF01\uDBC0\uDF02\uDBC0\uDF03\uDBC0\uDF04\uDBC0\uDF05\uDBC0\uDF06\uDBC0\uDF07\uDBC0\uDF08\uDBC0\uDF09"
			]
		},
        {
         "type": "bitmap",
         "file": "icons:item/banner/pattern_lime.png",
         "ascent": 9,
         "height": 11,
         "chars": [
			"\uDBC0\uDF0A\uDBC0\uDF0B\uDBC0\uDF0C\uDBC0\uDF0D\uDBC0\uDF0E\uDBC0\uDF0F\uDBC0\uDF10\uDBC0\uDF11\uDBC0\uDF12\uDBC0\uDF13\uDBC0\uDF14\uDBC0\uDF15\uDBC0\uDF16\uDBC0\uDF17\uDBC0\uDF18\uDBC0\uDF19\uDBC0\uDF1A\uDBC0\uDF1B\uDBC0\uDF1C\uDBC0\uDF1D\uDBC0\uDF1E\uDBC0\uDF1F",
			"\uDBC0\uDF20\uDBC0\uDF21\uDBC0\uDF22\uDBC0\uDF23\uDBC0\uDF24\uDBC0\uDF25\uDBC0\uDF26\uDBC0\uDF27\uDBC0\uDF28\uDBC0\uDF29\uDBC0\uDF2A\uDBC0\uDF2B\uDBC0\uDF2C\uDBC0\uDF2D\uDBC0\uDF2E\uDBC0\uDF2F\uDBC0\uDF30\uDBC0\uDF31\uDBC0\uDF32\uDBC0\uDF33\uDBC0\uDF34\uDBC0\uDF35"
			]
		},
        {
         "type": "bitmap",
         "file": "icons:item/banner/pattern_yellow.png",
         "ascent": 9,
         "height": 11,
         "chars": [
			"\uDBC0\uDF36\uDBC0\uDF37\uDBC0\uDF38\uDBC0\uDF39\uDBC0\uDF3A\uDBC0\uDF3B\uDBC0\uDF3C\uDBC0\uDF3D\uDBC0\uDF3E\uDBC0\uDF3F\uDBC0\uDF40\uDBC0\uDF41\uDBC0\uDF42\uDBC0\uDF43\uDBC0\uDF44\uDBC0\uDF45\uDBC0\uDF46\uDBC0\uDF47\uDBC0\uDF48\uDBC0\uDF49\uDBC0\uDF4A\uDBC0\uDF4B",
			"\uDBC0\uDF4C\uDBC0\uDF4D\uDBC0\uDF4E\uDBC0\uDF4F\uDBC0\uDF50\uDBC0\uDF51\uDBC0\uDF52\uDBC0\uDF53\uDBC0\uDF54\uDBC0\uDF55\uDBC0\uDF56\uDBC0\uDF57\uDBC0\uDF58\uDBC0\uDF59\uDBC0\uDF5A\uDBC0\uDF5B\uDBC0\uDF5C\uDBC0\uDF5D\uDBC0\uDF5E\uDBC0\uDF5F\uDBC0\uDF60\uDBC0\uDF61"
			]
		},
        {
         "type": "bitmap",
         "file": "icons:item/banner/pattern_light_blue.png",
         "ascent": 9,
         "height": 11,
         "chars": [
			"\uDBC0\uDF62\uDBC0\uDF63\uDBC0\uDF64\uDBC0\uDF65\uDBC0\uDF66\uDBC0\uDF67\uDBC0\uDF68\uDBC0\uDF69\uDBC0\uDF6A\uDBC0\uDF6B\uDBC0\uDF6C\uDBC0\uDF6D\uDBC0\uDF6E\uDBC0\uDF6F\uDBC0\uDF70\uDBC0\uDF71\uDBC0\uDF72\uDBC0\uDF73\uDBC0\uDF74\uDBC0\uDF75\uDBC0\uDF76\uDBC0\uDF77",
			"\uDBC0\uDF78\uDBC0\uDF79\uDBC0\uDF7A\uDBC0\uDF7B\uDBC0\uDF7C\uDBC0\uDF7D\uDBC0\uDF7E\uDBC0\uDF7F\uDBC0\uDF80\uDBC0\uDF81\uDBC0\uDF82\uDBC0\uDF83\uDBC0\uDF84\uDBC0\uDF85\uDBC0\uDF86\uDBC0\uDF87\uDBC0\uDF88\uDBC0\uDF89\uDBC0\uDF8A\uDBC0\uDF8B\uDBC0\uDF8C\uDBC0\uDF8D"
			]
		},
        {
         "type": "bitmap",
         "file": "icons:item/banner/pattern_magenta.png",
         "ascent": 9,
         "height": 11,
         "chars": [
			"\uDBC0\uDF8E\uDBC0\uDF8F\uDBC0\uDF90\uDBC0\uDF91\uDBC0\uDF92\uDBC0\uDF93\uDBC0\uDF94\uDBC0\uDF95\uDBC0\uDF96\uDBC0\uDF97\uDBC0\uDF98\uDBC0\uDF99\uDBC0\uDF9A\uDBC0\uDF9B\uDBC0\uDF9C\uDBC0\uDF9D\uDBC0\uDF9E\uDBC0\uDF9F\uDBC0\uDFA0\uDBC0\uDFA1\uDBC0\uDFA2\uDBC0\uDFA3",
			"\uDBC0\uDFA4\uDBC0\uDFA5\uDBC0\uDFA6\uDBC0\uDFA7\uDBC0\uDFA8\uDBC0\uDFA9\uDBC0\uDFAA\uDBC0\uDFAB\uDBC0\uDFAC\uDBC0\uDFAD\uDBC0\uDFAE\uDBC0\uDFAF\uDBC0\uDFB0\uDBC0\uDFB1\uDBC0\uDFB2\uDBC0\uDFB3\uDBC0\uDFB4\uDBC0\uDFB5\uDBC0\uDFB6\uDBC0\uDFB7\uDBC0\uDFB8\uDBC0\uDFB9"
			]
		},
        {
         "type": "bitmap",
         "file": "icons:item/banner/pattern_orange.png",
         "ascent": 9,
         "height": 11,
         "chars": [
			"\uDBC0\uDFBA\uDBC0\uDFBB\uDBC0\uDFBC\uDBC0\uDFBD\uDBC0\uDFBE\uDBC0\uDFBF\uDBC0\uDFC0\uDBC0\uDFC1\uDBC0\uDFC2\uDBC0\uDFC3\uDBC0\uDFC4\uDBC0\uDFC5\uDBC0\uDFC6\uDBC0\uDFC7\uDBC0\uDFC8\uDBC0\uDFC9\uDBC0\uDFCA\uDBC0\uDFCB\uDBC0\uDFCC\uDBC0\uDFCD\uDBC0\uDFCE\uDBC0\uDFCF",
			"\uDBC0\uDFD0\uDBC0\uDFD1\uDBC0\uDFD2\uDBC0\uDFD3\uDBC0\uDFD4\uDBC0\uDFD5\uDBC0\uDFD6\uDBC0\uDFD7\uDBC0\uDFD8\uDBC0\uDFD9\uDBC0\uDFDA\uDBC0\uDFDB\uDBC0\uDFDC\uDBC0\uDFDD\uDBC0\uDFDE\uDBC0\uDFDF\uDBC0\uDFE0\uDBC0\uDFE1\uDBC0\uDFE2\uDBC0\uDFE3\uDBC0\uDFE4\uDBC0\uDFE5"
			]
		},
        {
         "type": "bitmap",
         "file": "icons:gui/group_background.png",
         "ascent": 12,
         "height": 17,
         "chars": [
            "\uDBC0\uDC00",
            "\uDBC0\uDC01",			
            "\uDBC0\uDC02",
            "\uDBC0\uDC03",	
            "\uDBC0\uDC04",	
            "\uDBC0\uDC05",
            "\uDBC0\uDC06",
            "\uDBC0\uDC07",
            "\uDBC0\uDC08",
            "\uDBC0\uDC09",
			"\uDBC0\uDC0A",
			"\uDBC0\uDC0B",
			"\uDBC0\uDC0C",
			"\uDBC0\uDC0D",
			"\uDBC0\uDC0E"
            ]
        },
        {
         "type": "bitmap",
         "file": "icons:gui/group_background_extra.png",
         "ascent": 12,
         "height": 17,
         "chars": [
            "\uDBC0\uDC0F",
            "\uDBC0\uDC10"			
            ]
        },		
        {
         "type": "bitmap",
         "file": "icons:menu/controls/keybind_background.png",
         "ascent": 13,
         "height": 20,
         "chars": [
            "\uDBC0\uDFEA"
            ]
        },		
        {
         "type": "bitmap",
         "file": "icons:menu/language/lang_1.png",
         "ascent": 81,
         "height": 162,
         "chars": [
            "\uDBC1\uDC0F"
            ]
        },
        {
         "type": "bitmap",
         "file": "icons:menu/language/lang_2.png",
         "ascent": 81,
         "height": 162,
         "chars": [
            "\uDBC1\uDC0E"
            ]
        },	
        {
         "type": "bitmap",
         "file": "icons:menu/language/lang_3.png",
         "ascent": 81,
         "height": 162,
         "chars": [
            "\uDBC1\uDC0D"
            ]
        },	
        {
         "type": "bitmap",
         "file": "icons:menu/language/lang_4.png",
         "ascent": 81,
         "height": 162,
         "chars": [
            "\uDBC1\uDC0C"
            ]
        },
        {
         "type": "bitmap",
         "file": "icons:menu/language/lang_5.png",
         "ascent": 81,
         "height": 162,
         "chars": [
            "\uDBC1\uDC0B"
            ]
        },
        {
         "type": "bitmap",
         "file": "icons:menu/language/lang_6.png",
         "ascent": 81,
         "height": 162,
         "chars": [
            "\uDBC1\uDC0A"
            ]
        },
        {
         "type": "bitmap",
         "file": "icons:menu/language/lang_7.png",
         "ascent": 81,
         "height": 162,
         "chars": [
            "\uDBC1\uDC09"
            ]
        },
        {
         "type": "bitmap",
         "file": "icons:menu/language/lang_8.png",
         "ascent": 81,
         "height": 162,
         "chars": [
            "\uDBC1\uDC08"
            ]
        },
        {
         "type": "bitmap",
         "file": "icons:menu/language/lang_9.png",
         "ascent": 81,
         "height": 162,
         "chars": [
            "\uDBC1\uDC07"
            ]
        },
        {
         "type": "bitmap",
         "file": "icons:menu/language/lang_10.png",
         "ascent": 81,
         "height": 162,
         "chars": [
            "\uDBC1\uDC06"
            ]
        },
        {
         "type": "bitmap",
         "file": "icons:menu/language/lang_11.png",
         "ascent": 81,
         "height": 162,
         "chars": [
            "\uDBC1\uDC05"
            ]
        },
        {
         "type": "bitmap",
         "file": "icons:menu/language/lang_12.png",
         "ascent": 81,
         "height": 162,
         "chars": [
            "\uDBC1\uDC04"
            ]
        },
        {
         "type": "bitmap",
         "file": "icons:menu/language/lang_13.png",
         "ascent": 81,
         "height": 162,
         "chars": [
            "\uDBC1\uDC03"
            ]
        },
        {
         "type": "bitmap",
         "file": "icons:menu/language/lang_14.png",
         "ascent": 81,
         "height": 162,
         "chars": [
            "\uDBC1\uDC02"
            ]
        },
        {
         "type": "bitmap",
         "file": "icons:menu/language/lang_15.png",
         "ascent": 81,
         "height": 162,
         "chars": [
            "\uDBC1\uDC01"
            ]
        },
        {
         "type": "bitmap",
         "file": "icons:menu/language/lang_16.png",
         "ascent": 81,
         "height": 162,
         "chars": [
            "\uDBC1\uDC00"
            ]
        },
        {
         "type": "bitmap",
         "file": "icons:menu/language/lang_17.png",
         "ascent": 81,
         "height": 162,
         "chars": [
            "\uDBC0\uDFFF"
            ]
        },
        {
         "type": "bitmap",
         "file": "icons:menu/language/lang_18.png",
         "ascent": 81,
         "height": 162,
         "chars": [
            "\uDBC0\uDFFE"
            ]
        },
        {
         "type": "bitmap",
         "file": "icons:menu/language/lang_19.png",
         "ascent": 81,
         "height": 162,
         "chars": [
            "\uDBC0\uDFFD"
            ]
        },
        {
         "type": "bitmap",
         "file": "icons:menu/language/lang_20.png",
         "ascent": 81,
         "height": 162,
         "chars": [
            "\uDBC0\uDFFC"
            ]
        },
        {
         "type": "bitmap",
         "file": "icons:menu/language/lang_21.png",
         "ascent": 81,
         "height": 162,
         "chars": [
            "\uDBC0\uDFFB"
            ]
        },
        {
         "type": "bitmap",
         "file": "icons:menu/language/lang_22.png",
         "ascent": 81,
         "height": 162,
         "chars": [
            "\uDBC0\uDFFA"
            ]
        },
        {
         "type": "bitmap",
         "file": "icons:menu/language/lang_23.png",
         "ascent": 81,
         "height": 162,
         "chars": [
            "\uDBC0\uDFF9"
            ]
        },
        {
         "type": "bitmap",
         "file": "icons:menu/language/lang_24.png",
         "ascent": 81,
         "height": 162,
         "chars": [
            "\uDBC0\uDFF8"
            ]
        },
        {
         "type": "bitmap",
         "file": "icons:menu/language/lang_25.png",
         "ascent": 81,
         "height": 162,
         "chars": [
            "\uDBC0\uDFF7"
            ]
        },
        {
         "type": "bitmap",
         "file": "icons:menu/language/lang_26.png",
         "ascent": 81,
         "height": 162,
         "chars": [
            "\uDBC0\uDFF6"
            ]
        },
        {
         "type": "bitmap",
         "file": "icons:menu/language/lang_27.png",
         "ascent": 81,
         "height": 162,
         "chars": [
            "\uDBC0\uDFF5"
            ]
        },
        {
         "type": "bitmap",
         "file": "icons:menu/language/lang_28.png",
         "ascent": 81,
         "height": 162,
         "chars": [
            "\uDBC0\uDFF4"
            ]
        },
        {
         "type": "bitmap",
         "file": "icons:menu/language/lang_29.png",
         "ascent": 81,
         "height": 162,
         "chars": [
            "\uDBC0\uDFF3"
            ]
        },
        {
         "type": "bitmap",
         "file": "icons:menu/language/lang_30.png",
         "ascent": 81,
         "height": 162,
         "chars": [
            "\uDBC0\uDFF2"
            ]
        },
        {
         "type": "bitmap",
         "file": "icons:menu/language/lang_31.png",
         "ascent": 81,
         "height": 162,
         "chars": [
            "\uDBC0\uDFF1"
            ]
        },		
        {
            "type": "bitmap",
            "file": "space:font/space_split.png",
            "ascent": -32768,
            "height": -3,
            "chars": [
                "\uF801"
            ]
        },
        {
            "type": "bitmap",
            "file": "space:font/space_split.png",
            "ascent": -32768,
            "height": -4,
            "chars": [
                "\uF802"
            ]
        },
        {
            "type": "bitmap",
            "file": "space:font/space_split.png",
            "ascent": -32768,
            "height": -5,
            "chars": [
                "\uF803"
            ]
        },
        {
            "type": "bitmap",
            "file": "space:font/space_split.png",
            "ascent": -32768,
            "height": -6,
            "chars": [
                "\uF804"
            ]
        },
        {
            "type": "bitmap",
            "file": "space:font/space_split.png",
            "ascent": -32768,
            "height": -7,
            "chars": [
                "\uF805"
            ]
        },
        {
            "type": "bitmap",
            "file": "space:font/space_split.png",
            "ascent": -32768,
            "height": -8,
            "chars": [
                "\uF806"
            ]
        },
        {
            "type": "bitmap",
            "file": "space:font/space_split.png",
            "ascent": -32768,
            "height": -9,
            "chars": [
                "\uF807"
            ]
        },
        {
            "type": "bitmap",
            "file": "space:font/space_split.png",
            "ascent": -32768,
            "height": -10,
            "chars": [
                "\uF808"
            ]
        },
        {
            "type": "bitmap",
            "file": "space:font/space_split.png",
            "ascent": -32768,
            "height": -18,
            "chars": [
                "\uF809"
            ]
        },
        {
            "type": "bitmap",
            "file": "space:font/space_split.png",
            "ascent": -32768,
            "height": -34,
            "chars": [
                "\uF80A"
            ]
        },
        {
            "type": "bitmap",
            "file": "space:font/space_split.png",
            "ascent": -32768,
            "height": -66,
            "chars": [
                "\uF80B"
            ]
        },
        {
            "type": "bitmap",
            "file": "space:font/space_split.png",
            "ascent": -32768,
            "height": -130,
            "chars": [
                "\uF80C"
            ]
        },
        {
            "type": "bitmap",
            "file": "space:font/space_split.png",
            "ascent": -32768,
            "height": -258,
            "chars": [
                "\uF80D"
            ]
        },
        {
            "type": "bitmap",
            "file": "space:font/space_split.png",
            "ascent": -32768,
            "height": -514,
            "chars": [
                "\uF80E"
            ]
        },
        {
            "type": "bitmap",
            "file": "space:font/space_split.png",
            "ascent": -32768,
            "height": -1026,
            "chars": [
                "\uF80F"
            ]
        },
        {
            "type": "bitmap",
            "file": "space:font/space_split.png",
            "ascent": -65536,
            "height": -32770,
            "chars": [
                "\uF800"
            ]
        },
        {
            "type": "bitmap",
            "file": "space:font/space_split.png",
            "ascent": -32768,
            "height": 0,
            "chars": [
                "\uF821"
            ]
        },
        {
            "type": "bitmap",
            "file": "space:font/space_split.png",
            "ascent": -32768,
            "height": 1,
            "chars": [
                "\uF822"
            ]
        },
        {
            "type": "bitmap",
            "file": "space:font/space_split.png",
            "ascent": -32768,
            "height": 2,
            "chars": [
                "\uF823"
            ]
        },
        {
            "type": "bitmap",
            "file": "space:font/space_split.png",
            "ascent": -32768,
            "height": 3,
            "chars": [
                "\uF824"
            ]
        },
        {
            "type": "bitmap",
            "file": "space:font/space_split.png",
            "ascent": -32768,
            "height": 4,
            "chars": [
                "\uF825"
            ]
        },
        {
            "type": "bitmap",
            "file": "space:font/space_split.png",
            "ascent": -32768,
            "height": 5,
            "chars": [
                "\uF826"
            ]
        },
        {
            "type": "bitmap",
            "file": "space:font/space_split.png",
            "ascent": -32768,
            "height": 6,
            "chars": [
                "\uF827"
            ]
        },
        {
            "type": "bitmap",
            "file": "space:font/space_split.png",
            "ascent": -32768,
            "height": 7,
            "chars": [
                "\uF828"
            ]
        },
        {
            "type": "bitmap",
            "file": "space:font/space_split.png",
            "ascent": -32768,
            "height": 15,
            "chars": [
                "\uF829"
            ]
        },
        {
            "type": "bitmap",
            "file": "space:font/space_split.png",
            "ascent": -32768,
            "height": 31,
            "chars": [
                "\uF82A"
            ]
        },
        {
            "type": "bitmap",
            "file": "space:font/space_split.png",
            "ascent": -32768,
            "height": 63,
            "chars": [
                "\uF82B"
            ]
        },
        {
            "type": "bitmap",
            "file": "space:font/space_split.png",
            "ascent": -32768,
            "height": 127,
            "chars": [
                "\uF82C"
            ]
        },
        {
            "type": "bitmap",
            "file": "space:font/space_split.png",
            "ascent": -32768,
            "height": 255,
            "chars": [
                "\uF82D"
            ]
        },
        {
            "type": "bitmap",
            "file": "space:font/space_split.png",
            "ascent": -32768,
            "height": 511,
            "chars": [
                "\uF82E"
            ]
        },
        {
            "type": "bitmap",
            "file": "space:font/space_split.png",
            "ascent": -32768,
            "height": 1023,
            "chars": [
                "\uF82F"
            ]
        },
        {
            "type": "bitmap",
            "file": "space:font/space_split.png",
            "ascent": -65536,
            "height": 32767,
            "chars": [
                "\uF820"
            ]
        },
        {
            "type": "bitmap",
            "file": "space:font/space_nosplit.png",
            "ascent": -32768,
            "height": -3,
            "chars": [
                "\uF811"
            ]
        },
        {
            "type": "bitmap",
            "file": "space:font/space_nosplit.png",
            "ascent": -32768,
            "height": -4,
            "chars": [
                "\uF812"
            ]
        },
        {
            "type": "bitmap",
            "file": "space:font/space_nosplit.png",
            "ascent": -32768,
            "height": -5,
            "chars": [
                "\uF813"
            ]
        },
        {
            "type": "bitmap",
            "file": "space:font/space_nosplit.png",
            "ascent": -32768,
            "height": -6,
            "chars": [
                "\uF814"
            ]
        },
        {
            "type": "bitmap",
            "file": "space:font/space_nosplit.png",
            "ascent": -32768,
            "height": -7,
            "chars": [
                "\uF815"
            ]
        },
        {
            "type": "bitmap",
            "file": "space:font/space_nosplit.png",
            "ascent": -32768,
            "height": -8,
            "chars": [
                "\uF816"
            ]
        },
        {
            "type": "bitmap",
            "file": "space:font/space_nosplit.png",
            "ascent": -32768,
            "height": -9,
            "chars": [
                "\uF817"
            ]
        },
        {
            "type": "bitmap",
            "file": "space:font/space_nosplit.png",
            "ascent": -32768,
            "height": -10,
            "chars": [
                "\uF818"
            ]
        },
        {
            "type": "bitmap",
            "file": "space:font/space_nosplit.png",
            "ascent": -32768,
            "height": -18,
            "chars": [
                "\uF819"
            ]
        },
        {
            "type": "bitmap",
            "file": "space:font/space_nosplit.png",
            "ascent": -32768,
            "height": -34,
            "chars": [
                "\uF81A"
            ]
        },
        {
            "type": "bitmap",
            "file": "space:font/space_nosplit.png",
            "ascent": -32768,
            "height": -66,
            "chars": [
                "\uF81B"
            ]
        },
        {
            "type": "bitmap",
            "file": "space:font/space_nosplit.png",
            "ascent": -32768,
            "height": -130,
            "chars": [
                "\uF81C"
            ]
        },
        {
            "type": "bitmap",
            "file": "space:font/space_nosplit.png",
            "ascent": -32768,
            "height": -258,
            "chars": [
                "\uF81D"
            ]
        },
        {
            "type": "bitmap",
            "file": "space:font/space_nosplit.png",
            "ascent": -32768,
            "height": -514,
            "chars": [
                "\uF81E"
            ]
        },
        {
            "type": "bitmap",
            "file": "space:font/space_nosplit.png",
            "ascent": -32768,
            "height": -1026,
            "chars": [
                "\uF81F"
            ]
        },
        {
            "type": "bitmap",
            "file": "space:font/space_nosplit.png",
            "ascent": -65536,
            "height": -32770,
            "chars": [
                "\uF810"
            ]
        },
        {
            "type": "bitmap",
            "file": "space:font/space_nosplit.png",
            "ascent": -32768,
            "height": 0,
            "chars": [
                "\uF831"
            ]
        },
        {
            "type": "bitmap",
            "file": "space:font/space_nosplit.png",
            "ascent": -32768,
            "height": 1,
            "chars": [
                "\uF832"
            ]
        },
        {
            "type": "bitmap",
            "file": "space:font/space_nosplit.png",
            "ascent": -32768,
            "height": 2,
            "chars": [
                "\uF833"
            ]
        },
        {
            "type": "bitmap",
            "file": "space:font/space_nosplit.png",
            "ascent": -32768,
            "height": 3,
            "chars": [
                "\uF834"
            ]
        },
        {
            "type": "bitmap",
            "file": "space:font/space_nosplit.png",
            "ascent": -32768,
            "height": 4,
            "chars": [
                "\uF835"
            ]
        },
        {
            "type": "bitmap",
            "file": "space:font/space_nosplit.png",
            "ascent": -32768,
            "height": 5,
            "chars": [
                "\uF836"
            ]
        },
        {
            "type": "bitmap",
            "file": "space:font/space_nosplit.png",
            "ascent": -32768,
            "height": 6,
            "chars": [
                "\uF837"
            ]
        },
        {
            "type": "bitmap",
            "file": "space:font/space_nosplit.png",
            "ascent": -32768,
            "height": 7,
            "chars": [
                "\uF838"
            ]
        },
        {
            "type": "bitmap",
            "file": "space:font/space_nosplit.png",
            "ascent": -32768,
            "height": 15,
            "chars": [
                "\uF839"
            ]
        },
        {
            "type": "bitmap",
            "file": "space:font/space_nosplit.png",
            "ascent": -32768,
            "height": 31,
            "chars": [
                "\uF83A"
            ]
        },
        {
            "type": "bitmap",
            "file": "space:font/space_nosplit.png",
            "ascent": -32768,
            "height": 63,
            "chars": [
                "\uF83B"
            ]
        },
        {
            "type": "bitmap",
            "file": "space:font/space_nosplit.png",
            "ascent": -32768,
            "height": 127,
            "chars": [
                "\uF83C"
            ]
        },
        {
            "type": "bitmap",
            "file": "space:font/space_nosplit.png",
            "ascent": -32768,
            "height": 255,
            "chars": [
                "\uF83D"
            ]
        },
        {
            "type": "bitmap",
            "file": "space:font/space_nosplit.png",
            "ascent": -32768,
            "height": 511,
            "chars": [
                "\uF83E"
            ]
        },
        {
            "type": "bitmap",
            "file": "space:font/space_nosplit.png",
            "ascent": -32768,
            "height": 1023,
            "chars": [
                "\uF83F"
            ]
        },
        {
            "type": "bitmap",
            "file": "space:font/space_nosplit.png",
            "ascent": -65536,
            "height": 32767,
            "chars": [
                "\uF830"
            ]
        }			
    ]
}