{
	"credit": "Made with Blockbench",
	"textures": {
		"0": "./wood",
		"1": "./metal",
		"particle": "./wood"
	},
	"elements": [
		{
			"from": [7, 0, 7],
			"to": [8, 13, 8],
			"rotation": {"angle": 0, "axis": "y", "origin": [15, 8, 15]},
			"faces": {
				"north": {"uv": [2, 1, 3, 14], "texture": "#0"},
				"east": {"uv": [8, 2, 9, 15], "texture": "#0"},
				"south": {"uv": [0, 1, 1, 14], "texture": "#0"},
				"west": {"uv": [4, 1, 5, 14], "texture": "#0"},
				"up": {"uv": [6, 6, 7, 7], "texture": "#0"},
				"down": {"uv": [0, 11, 1, 12], "texture": "#0"}
			}
		},
		{
			"from": [5, 13, 6.95],
			"to": [10, 18.1, 8.05],
			"rotation": {"angle": 0, "axis": "y", "origin": [13, 21, 14]},
			"faces": {
				"north": {"uv": [7, 7, 16, 16], "texture": "#1"},
				"east": {"uv": [0, 6, 1, 11], "texture": "#1"},
				"south": {"uv": [1, 6, 6, 11], "texture": "#1"},
				"west": {"uv": [4, 6, 5, 11], "texture": "#1"},
				"up": {"uv": [2, 13, 7, 14], "texture": "#1"},
				"down": {"uv": [2, 13, 7, 14], "texture": "#1"}
			}
		},
		{
			"from": [4.5, 19.5, 7],
			"to": [6.7, 22.3, 8],
			"rotation": {"angle": 22.5, "axis": "z", "origin": [13, 27, 15]},
			"faces": {
				"north": {"uv": [1, 8, 3.2, 10.8], "texture": "#1"},
				"east": {"uv": [3, 8, 4, 10.8], "texture": "#1"},
				"south": {"uv": [5, 8, 7.2, 10.8], "texture": "#1"},
				"west": {"uv": [9, 0, 10, 2.8], "texture": "#1"},
				"up": {"uv": [6, 1, 8.2, 2], "texture": "#1"},
				"down": {"uv": [0, 1, 2.2, 2], "texture": "#1"}
			}
		},
		{
			"from": [8.3, 19.5, 7],
			"to": [10.5, 22.3, 8],
			"rotation": {"angle": -22.5, "axis": "z", "origin": [2, 27, 0]},
			"faces": {
				"north": {"uv": [8, 4, 10.2, 6.8], "texture": "#1"},
				"east": {"uv": [0, 0, 1, 2.8], "texture": "#1"},
				"south": {"uv": [0, 0, 2.2, 2.8], "texture": "#1"},
				"west": {"uv": [8, 4, 9, 6.8], "texture": "#1"},
				"up": {"uv": [0, 0, 2.2, 1], "rotation": 180, "texture": "#1"},
				"down": {"uv": [0, 0, 2.2, 1], "rotation": 180, "texture": "#1"}
			}
		},
		{
			"from": [6, 19.3, 7.05],
			"to": [9, 20.3, 7.95],
			"rotation": {"angle": 0, "axis": "y", "origin": [14, 27, 15]},
			"faces": {
				"north": {"uv": [0, 0, 3, 1], "texture": "#1"},
				"east": {"uv": [1, 0, 1.9, 1], "texture": "#1"},
				"south": {"uv": [8, 1, 11, 2], "texture": "#1"},
				"west": {"uv": [1, 2, 1.9, 3], "texture": "#1"},
				"up": {"uv": [4, 1, 7, 1.9], "texture": "#1"},
				"down": {"uv": [0, 0, 3, 0.9], "texture": "#1"}
			}
		},
		{
			"from": [6, -1, 7],
			"to": [9, 0, 8],
			"rotation": {"angle": 0, "axis": "y", "origin": [14, 7, 15]},
			"faces": {
				"north": {"uv": [0, 0, 3, 1], "texture": "#1"},
				"east": {"uv": [10, 5, 11, 6], "texture": "#1"},
				"south": {"uv": [5, 13, 8, 14], "texture": "#1"},
				"west": {"uv": [2, 3, 3, 4], "texture": "#1"},
				"up": {"uv": [7, 1, 10, 2], "texture": "#1"},
				"down": {"uv": [3, 5, 6, 6], "texture": "#1"}
			}
		}
	],
	"display": {
		"thirdperson_righthand": {
			"rotation": [0, 90, 0],
			"translation": [0.5, 1.5, 1.25]
		},
		"thirdperson_lefthand": {
			"rotation": [0, 90, 0],
			"translation": [0, 1.5, 2]
		},
		"firstperson_righthand": {
			"rotation": [0, 90, 0],
			"translation": [0.5, 1.5, 1.75]
		},
		"firstperson_lefthand": {
			"rotation": [0, 90, 0],
			"translation": [-0.5, 1.5, 1.75]
		},
		"ground": {
			"translation": [0, 6.25, 0]
		},
		"gui": {
			"rotation": [0, -180, 45],
			"translation": [-1, -0.5, 0],
			"scale": [0.8, 0.8, 0.8]
		},
		"head": {
			"rotation": [0, 0, 47],
			"translation": [9.75, 6.75, 0]
		},
		"fixed": {
			"rotation": [6.25, 83, 45],
			"translation": [1, -7.5, -10],
			"scale": [1.65, 1.65, 1.65]
		}
	}
}