{
	"credit": "Made with Blockbench",
	"textures": {
		"0": "./mqdefault",
		"1": "./metal",
		"particle": "./mqdefault"
	},
	"elements": [
		{
			"from": [6, 0, 6],
			"to": [10, 1, 10],
			"rotation": {"angle": 0, "axis": "y", "origin": [17, 8, 14]},
			"faces": {
				"north": {"uv": [0, 0, 4, 1], "texture": "#1"},
				"east": {"uv": [0, 0, 4, 1], "texture": "#1"},
				"south": {"uv": [0, 0, 4, 1], "texture": "#1"},
				"west": {"uv": [0, 0, 4, 1], "texture": "#1"},
				"up": {"uv": [0, 0, 4, 4], "texture": "#1"},
				"down": {"uv": [0, 0, 4, 4], "texture": "#1"}
			}
		},
		{
			"from": [6, 7, 6],
			"to": [10, 8.25, 10],
			"rotation": {"angle": 0, "axis": "y", "origin": [17, 15, 14]},
			"faces": {
				"north": {"uv": [0, 0, 4, 1.25], "texture": "#1"},
				"east": {"uv": [0, 0, 4, 1.25], "texture": "#1"},
				"south": {"uv": [0, 0, 4, 1.25], "texture": "#1"},
				"west": {"uv": [0, 0, 4, 1.25], "texture": "#1"},
				"up": {"uv": [0, 0, 4, 4], "texture": "#1"},
				"down": {"uv": [0, 0, 4, 4], "texture": "#1"}
			}
		},
		{
			"from": [5.5, 0.5, 5.5],
			"to": [10.5, 7.5, 10.5],
			"rotation": {"angle": 0, "axis": "y", "origin": [17.5, 8.5, 14.5]},
			"faces": {
				"north": {"uv": [1.5, 1, 6, 15], "texture": "#0"},
				"east": {"uv": [6, 0, 10.5, 14], "texture": "#0"},
				"south": {"uv": [1.5, 0, 6, 14], "texture": "#0"},
				"west": {"uv": [6, 1, 10.5, 15], "texture": "#0"},
				"up": {"uv": [0, 0, 5, 5], "texture": "#0"},
				"down": {"uv": [0, 0, 5, 5], "texture": "#0"}
			}
		}
	],
	"display": {
		"thirdperson_righthand": {
			"translation": [-0.5, 1.25, 0],
			"scale": [0.7, 0.7, 0.7]
		},
		"thirdperson_lefthand": {
			"translation": [-0.5, 1.75, 0],
			"scale": [0.7, 0.7, 0.7]
		},
		"firstperson_righthand": {
			"translation": [1, 4, 0]
		},
		"firstperson_lefthand": {
			"translation": [-1.75, 4.25, 0]
		},
		"ground": {
			"translation": [0, 2, 0],
			"scale": [0.7, 0.7, 0.7]
		},
		"gui": {
			"rotation": [22, 20, 0],
			"translation": [0, 3.25, 0],
			"scale": [0.9, 0.9, 0.9]
		},
		"fixed": {
			"rotation": [-90, 0, 0],
			"translation": [0, 0, -11.25],
			"scale": [1.4, 1.4, 1.4]
		}
	}
}