{
	"credit": "Made with Blockbench",
	"texture_size": [32, 32],
	"textures": {
		"0": "./passport_texture_2",
		"particle": "./passport_texture_2"
	},
	"elements": [
		{
			"from": [5.5, 4, 7.5],
			"to": [10.5, 12, 8.5],
			"rotation": {"angle": 0, "axis": "y", "origin": [13.5, 12, 15.5]},
			"faces": {
				"north": {"uv": [0.5, 5, 3, 9], "texture": "#0"},
				"east": {"uv": [0, 5, 0.5, 9], "texture": "#0"},
				"south": {"uv": [3.5, 5, 6, 9], "texture": "#0"},
				"west": {"uv": [3, 5, 3.5, 9], "texture": "#0"},
				"up": {"uv": [3, 5, 0.5, 4.5], "texture": "#0"},
				"down": {"uv": [5.5, 4.5, 3, 5], "texture": "#0"}
			}
		},
		{
			"from": [4.6, 3.5, 7.4],
			"to": [10.6, 12.5, 7.4],
			"rotation": {"angle": 0, "axis": "y", "origin": [12.6, 11.5, 15.4]},
			"faces": {
				"north": {"uv": [6, 6, 9, 10.5], "texture": "#0"},
				"east": {"uv": [6, 6, 6, 10.5], "texture": "#0"},
				"south": {"uv": [9, 6, 12, 10.5], "texture": "#0"},
				"west": {"uv": [9, 6, 9, 10.5], "texture": "#0"},
				"up": {"uv": [9, 6, 6, 6], "texture": "#0"},
				"down": {"uv": [12, 6, 9, 6], "texture": "#0"}
			}
		},
		{
			"from": [4.6, 3.5, 8.6],
			"to": [10.6, 12.5, 8.6],
			"rotation": {"angle": 0, "axis": "y", "origin": [12.6, 11.5, 16.6]},
			"faces": {
				"north": {"uv": [0, 0, 3, 4.5], "texture": "#0"},
				"east": {"uv": [0, 0, 0, 4.5], "texture": "#0"},
				"south": {"uv": [3, 0, 6, 4.5], "texture": "#0"},
				"west": {"uv": [3, 0, 3, 4.5], "texture": "#0"},
				"up": {"uv": [3, 0, 0, 0], "texture": "#0"},
				"down": {"uv": [6, 0, 3, 0], "texture": "#0"}
			}
		},
		{
			"from": [10.6, 3.5, 7.4],
			"to": [10.6, 12.5, 8.6],
			"rotation": {"angle": 0, "axis": "y", "origin": [18.6, 11.5, 15.4]},
			"faces": {
				"north": {"uv": [6.5, 0.5, 6.5, 5], "texture": "#0"},
				"east": {"uv": [6, 0.5, 6.5, 5], "texture": "#0"},
				"south": {"uv": [7, 0.5, 7, 5], "texture": "#0"},
				"west": {"uv": [6.5, 0.5, 7, 5], "texture": "#0"},
				"up": {"uv": [6.5, 0.5, 6.5, 0], "texture": "#0"},
				"down": {"uv": [6.5, 0, 6.5, 0.5], "texture": "#0"}
			}
		}
	],
	"display": {
		"thirdperson_righthand": {
			"rotation": [0, -180, 0],
			"translation": [0, 2.5, 0.5],
			"scale": [0.55, 0.55, 0.55]
		},
		"thirdperson_lefthand": {
			"rotation": [0, -180, 0],
			"translation": [0, 2.5, 0.5],
			"scale": [0.55, 0.55, 0.55]
		},
		"firstperson_righthand": {
			"rotation": [-24, 90, 0],
			"translation": [0, 3.25, 0],
			"scale": [0.75, 0.75, 0.75]
		},
		"firstperson_lefthand": {
			"rotation": [-24, 90.5, 0],
			"translation": [0, 3.25, 0],
			"scale": [0.75, 0.75, 0.75]
		},
		"ground": {
			"rotation": [90, 0, 0],
			"translation": [0, -2, 0]
		},
		"gui": {
			"rotation": [-57, -180, 35]
		},
		"head": {
			"translation": [0, 10.75, 0]
		},
		"fixed": {
			"translation": [0, 0, -1],
			"scale": [1.5, 1.5, 1.5]
		}
	},
	"groups": [
		{
			"name": "bone",
			"origin": [0, 0, 0],
			"children": [0, 1, 2, 3]
		}
	]
}