{
	"credit": "Made with Blockbench",
	"textures": {
		"0": "./divingmask",
		"particle": "./divingmask"
	},
	"elements": [
		{
			"from": [9, 0, 6],
			"to": [11, 1, 7],
			"rotation": {"angle": 0, "axis": "y", "origin": [17, 8, 14]},
			"faces": {
				"north": {"uv": [1, 3, 3, 4], "texture": "#0"},
				"east": {"uv": [7, 1, 8, 2], "texture": "#0"},
				"south": {"uv": [5, 3, 7, 4], "texture": "#0"},
				"west": {"uv": [0, 1, 1, 2], "texture": "#0"},
				"up": {"uv": [1, 3, 3, 4], "texture": "#0"},
				"down": {"uv": [5, 3, 7, 4], "texture": "#0"}
			}
		},
		{
			"from": [7, 1, 6],
			"to": [9, 2, 7],
			"rotation": {"angle": 0, "axis": "y", "origin": [15, 9, 14]},
			"faces": {
				"north": {"uv": [1, 3, 3, 4], "texture": "#0"},
				"east": {"uv": [7, 1, 8, 2], "texture": "#0"},
				"south": {"uv": [5, 3, 7, 4], "texture": "#0"},
				"west": {"uv": [0, 0, 1, 1], "texture": "#0"},
				"up": {"uv": [1, 3, 3, 4], "texture": "#0"},
				"down": {"uv": [5, 3, 7, 4], "texture": "#0"}
			}
		},
		{
			"from": [5, 3, 6],
			"to": [11, 4, 7],
			"rotation": {"angle": 0, "axis": "y", "origin": [17, 11, 14]},
			"faces": {
				"north": {"uv": [1, 0, 7, 1], "texture": "#0"},
				"east": {"uv": [7, 1, 8, 2], "texture": "#0"},
				"south": {"uv": [1, 0, 7, 1], "texture": "#0"},
				"west": {"uv": [0, 1, 1, 3], "texture": "#0"},
				"up": {"uv": [1, 0, 7, 1], "texture": "#0"},
				"down": {"uv": [1, 0, 7, 1], "texture": "#0"}
			}
		},
		{
			"from": [5, 2, 6],
			"to": [11, 3, 7],
			"rotation": {"angle": 0, "axis": "y", "origin": [17, 10, 14]},
			"faces": {
				"north": {"uv": [1, 1, 7, 2], "texture": "#0"},
				"east": {"uv": [6, 1, 7, 2], "texture": "#0"},
				"south": {"uv": [1, 1, 7, 2], "texture": "#0"},
				"west": {"uv": [1, 1, 2, 3], "texture": "#0"},
				"up": {"uv": [1, 1, 7, 2], "texture": "#0"},
				"down": {"uv": [1, 1, 7, 2], "texture": "#0"}
			}
		},
		{
			"from": [5, 1, 6],
			"to": [7, 2, 7],
			"rotation": {"angle": 0, "axis": "y", "origin": [17, 9, 14]},
			"faces": {
				"north": {"uv": [5, 2, 7, 3], "texture": "#0"},
				"east": {"uv": [6, 1, 7, 2], "texture": "#0"},
				"south": {"uv": [1, 2, 3, 3], "texture": "#0"},
				"west": {"uv": [1, 1, 2, 3], "texture": "#0"},
				"up": {"uv": [1, 1, 7, 2], "texture": "#0"},
				"down": {"uv": [1, 1, 7, 2], "texture": "#0"}
			}
		},
		{
			"from": [9, 1, 6],
			"to": [11, 2, 7],
			"rotation": {"angle": 0, "axis": "y", "origin": [21, 9, 14]},
			"faces": {
				"north": {"uv": [1, 2, 3, 3], "texture": "#0"},
				"east": {"uv": [6, 1, 7, 2], "texture": "#0"},
				"south": {"uv": [5, 2, 7, 3], "texture": "#0"},
				"west": {"uv": [1, 1, 2, 3], "texture": "#0"},
				"up": {"uv": [1, 1, 7, 2], "texture": "#0"},
				"down": {"uv": [1, 1, 7, 2], "texture": "#0"}
			}
		},
		{
			"from": [5, 0, 6],
			"to": [7, 1, 7],
			"rotation": {"angle": 0, "axis": "y", "origin": [13, 8, 14]},
			"faces": {
				"north": {"uv": [5, 3, 7, 4], "texture": "#0"},
				"east": {"uv": [1, 0, 2, 1], "texture": "#0"},
				"south": {"uv": [1, 3, 3, 4], "texture": "#0"},
				"west": {"uv": [0, 1, 1, 3], "texture": "#0"},
				"up": {"uv": [5, 3, 7, 4], "texture": "#0"},
				"down": {"uv": [1, 3, 3, 4], "texture": "#0"}
			}
		},
		{
			"from": [4, 1, 6],
			"to": [5, 3, 7],
			"rotation": {"angle": 0, "axis": "y", "origin": [12, 9, 14]},
			"faces": {
				"north": {"uv": [7, 1, 8, 3], "texture": "#0"},
				"east": {"uv": [7, 1, 8, 3], "texture": "#0"},
				"south": {"uv": [7, 1, 8, 3], "texture": "#0"},
				"west": {"uv": [7, 1, 8, 3], "texture": "#0"},
				"up": {"uv": [7, 2, 8, 3], "texture": "#0"},
				"down": {"uv": [7, 1, 8, 2], "texture": "#0"}
			}
		},
		{
			"from": [11, 1, 6],
			"to": [12, 3, 7],
			"rotation": {"angle": 0, "axis": "y", "origin": [19, 9, 14]},
			"faces": {
				"north": {"uv": [7, 1, 8, 3], "texture": "#0"},
				"east": {"uv": [7, 1, 8, 3], "texture": "#0"},
				"south": {"uv": [7, 1, 8, 3], "texture": "#0"},
				"west": {"uv": [7, 1, 8, 3], "texture": "#0"},
				"up": {"uv": [7, 2, 8, 3], "texture": "#0"},
				"down": {"uv": [7, 1, 8, 2], "texture": "#0"}
			}
		},
		{
			"from": [12, 1, 7],
			"to": [13, 3, 15],
			"rotation": {"angle": 0, "axis": "y", "origin": [20, 9, 15]},
			"faces": {
				"north": {"uv": [15, 0, 16, 2], "texture": "#0"},
				"east": {"uv": [8, 0, 16, 2], "texture": "#0"},
				"south": {"uv": [15, 0, 16, 2], "texture": "#0"},
				"west": {"uv": [8, 0, 16, 2], "texture": "#0"},
				"up": {"uv": [8, 1, 16, 2], "texture": "#0"},
				"down": {"uv": [8, 0, 16, 1], "texture": "#0"}
			}
		},
		{
			"from": [4, 1, 15],
			"to": [12, 3, 16],
			"rotation": {"angle": 0, "axis": "y", "origin": [4, 9, 23]},
			"faces": {
				"north": {"uv": [8, 0, 16, 2], "texture": "#0"},
				"east": {"uv": [15, 0, 16, 2], "texture": "#0"},
				"south": {"uv": [8, 0, 16, 2], "texture": "#0"},
				"west": {"uv": [15, 0, 16, 2], "texture": "#0"},
				"up": {"uv": [8, 1, 16, 2], "rotation": 90, "texture": "#0"},
				"down": {"uv": [8, 0, 16, 1], "rotation": 270, "texture": "#0"}
			}
		},
		{
			"from": [3, 1, 7],
			"to": [4, 3, 15],
			"rotation": {"angle": 0, "axis": "y", "origin": [11, 9, 15]},
			"faces": {
				"north": {"uv": [15, 0, 16, 2], "texture": "#0"},
				"east": {"uv": [8, 0, 16, 2], "texture": "#0"},
				"south": {"uv": [15, 0, 16, 2], "texture": "#0"},
				"west": {"uv": [8, 0, 16, 2], "texture": "#0"},
				"up": {"uv": [8, 1, 16, 2], "texture": "#0"},
				"down": {"uv": [8, 0, 16, 1], "texture": "#0"}
			}
		},
		{
			"from": [7, -1, 6],
			"to": [9, 1, 7],
			"rotation": {"angle": 0, "axis": "y", "origin": [15, 8, 14]},
			"faces": {
				"north": {"uv": [0, 14, 2, 16], "texture": "#0"},
				"east": {"uv": [0, 14, 1, 16], "texture": "#0"},
				"south": {"uv": [0, 14, 2, 16], "texture": "#0"},
				"west": {"uv": [0, 15, 1, 16], "texture": "#0"},
				"up": {"uv": [0, 15, 2, 16], "texture": "#0"},
				"down": {"uv": [0, 15, 2, 16], "texture": "#0"}
			}
		},
		{
			"from": [5, -1, 5],
			"to": [8, 0, 6],
			"rotation": {"angle": 0, "axis": "y", "origin": [14, 8, 13]},
			"faces": {
				"north": {"uv": [0, 15, 3, 16], "texture": "#0"},
				"east": {"uv": [1, 15, 2, 16], "texture": "#0"},
				"south": {"uv": [0, 15, 3, 16], "texture": "#0"},
				"west": {"uv": [0, 15, 1, 16], "texture": "#0"},
				"up": {"uv": [0, 15, 3, 16], "texture": "#0"},
				"down": {"uv": [0, 15, 3, 16], "texture": "#0"}
			}
		},
		{
			"from": [4, -1, 5],
			"to": [5, 6, 6],
			"rotation": {"angle": 0, "axis": "y", "origin": [11, 8, 13]},
			"faces": {
				"north": {"uv": [0, 9, 1, 16], "texture": "#0"},
				"east": {"uv": [0, 9, 1, 16], "texture": "#0"},
				"south": {"uv": [0, 9, 1, 16], "texture": "#0"},
				"west": {"uv": [0, 9, 1, 16], "texture": "#0"},
				"up": {"uv": [0, 15, 1, 16], "texture": "#0"},
				"down": {"uv": [0, 15, 1, 16], "texture": "#0"}
			}
		}
	],
	"display": {
		"thirdperson_righthand": {
			"rotation": [-14.75, 0, -87.25],
			"translation": [5.5, -2.75, -5],
			"scale": [0.9, 0.9, 0.9]
		},
		"thirdperson_lefthand": {
			"rotation": [-15, 0, -87.5],
			"translation": [5.5, -3, -5],
			"scale": [0.9, 0.9, 0.9]
		},
		"firstperson_righthand": {
			"rotation": [-32, -3.5, 86],
			"translation": [-6.5, -0.5, -2.75]
		},
		"firstperson_lefthand": {
			"rotation": [-32, -3.5, 86],
			"translation": [-7.5, -0.5, -2.5]
		},
		"ground": {
			"translation": [0, 6.5, 0]
		},
		"gui": {
			"rotation": [29, 142, 0],
			"translation": [-1.5, 4.75, 0]
		},
		"head": {
			"translation": [0, 8, -4.75],
			"scale": [1.61, 1.61, 1.61]
		},
		"fixed": {
			"rotation": [-74.5, 0, 0],
			"translation": [0, -1, -12.75],
			"scale": [1.6, 1.6, 1.6]
		}
	}
}