{
	"credit": "Made with Blockbench",
	"textures": {
		"0": "./star",
		"1": "./palka",
		"particle": "./star"
	},
	"elements": [
		{
			"from": [2.75, 15, 6],
			"to": [12.75, 16, 7],
			"rotation": {"angle": 0, "axis": "y", "origin": [9.75, 23, 14]},
			"faces": {
				"north": {"uv": [0, 0, 10, 1], "texture": "#0"},
				"east": {"uv": [0, 0, 1, 1], "texture": "#0"},
				"south": {"uv": [0, 0, 10, 1], "texture": "#0"},
				"west": {"uv": [0, 0, 1, 1], "texture": "#0"},
				"up": {"uv": [0, 0, 10, 1], "texture": "#0"},
				"down": {"uv": [0, 0, 10, 1], "texture": "#0"}
			}
		},
		{
			"from": [6.25, 12.75, 6],
			"to": [10.25, 13.75, 7],
			"rotation": {"angle": 22.5, "axis": "z", "origin": [7.25, 20.75, 14]},
			"faces": {
				"north": {"uv": [0, 0, 4, 1], "texture": "#0"},
				"east": {"uv": [0, 0, 1, 1], "texture": "#0"},
				"south": {"uv": [0, 0, 4, 1], "texture": "#0"},
				"west": {"uv": [0, 0, 1, 1], "texture": "#0"},
				"up": {"uv": [0, 0, 4, 1], "texture": "#0"},
				"down": {"uv": [0, 0, 4, 1], "texture": "#0"}
			}
		},
		{
			"from": [14.25, 9.5, 6],
			"to": [18.25, 10.5, 7],
			"rotation": {"angle": -45, "axis": "z", "origin": [16.25, 17.5, 14]},
			"faces": {
				"north": {"uv": [0, 0, 4, 1], "texture": "#0"},
				"east": {"uv": [0, 0, 1, 1], "texture": "#0"},
				"south": {"uv": [0, 0, 4, 1], "texture": "#0"},
				"west": {"uv": [0, 0, 1, 1], "texture": "#0"},
				"up": {"uv": [0, 0, 4, 1], "texture": "#0"},
				"down": {"uv": [0, 0, 4, 1], "texture": "#0"}
			}
		},
		{
			"from": [-2, 9.5, 6],
			"to": [1.75, 10.5, 7],
			"rotation": {"angle": 45, "axis": "z", "origin": [-0.25, 17.5, 14]},
			"faces": {
				"north": {"uv": [0, 0, 3.75, 1], "texture": "#0"},
				"east": {"uv": [0, 0, 1, 1], "texture": "#0"},
				"south": {"uv": [0, 0, 3.75, 1], "texture": "#0"},
				"west": {"uv": [0, 0, 1, 1], "texture": "#0"},
				"up": {"uv": [0, 0, 3.75, 1], "texture": "#0"},
				"down": {"uv": [0, 0, 3.75, 1], "texture": "#0"}
			}
		},
		{
			"from": [5, 11.25, 6],
			"to": [9, 12.25, 7],
			"rotation": {"angle": -22.5, "axis": "z", "origin": [12, 19.25, 14]},
			"faces": {
				"north": {"uv": [0, 0, 4, 1], "texture": "#0"},
				"east": {"uv": [0, 0, 1, 1], "texture": "#0"},
				"south": {"uv": [0, 0, 4, 1], "texture": "#0"},
				"west": {"uv": [0, 0, 1, 1], "texture": "#0"},
				"up": {"uv": [0, 0, 4, 1], "texture": "#0"},
				"down": {"uv": [0, 0, 4, 1], "texture": "#0"}
			}
		},
		{
			"from": [10.75, 8.75, 6],
			"to": [14.75, 9.75, 7],
			"rotation": {"angle": -22.5, "axis": "z", "origin": [16.75, 16.75, 14]},
			"faces": {
				"north": {"uv": [0, 0, 4, 1], "texture": "#0"},
				"east": {"uv": [0, 0, 1, 1], "texture": "#0"},
				"south": {"uv": [0, 0, 4, 1], "texture": "#0"},
				"west": {"uv": [0, 0, 1, 1], "texture": "#0"},
				"up": {"uv": [0, 0, 4, 1], "texture": "#0"},
				"down": {"uv": [0, 0, 4, 1], "texture": "#0"}
			}
		},
		{
			"from": [7.25, 9.75, 6],
			"to": [11, 10.75, 7],
			"rotation": {"angle": 22.5, "axis": "z", "origin": [4.75, 2.75, 14]},
			"faces": {
				"north": {"uv": [0, 0, 3.75, 1], "rotation": 180, "texture": "#0"},
				"east": {"uv": [0, 0, 1, 1], "rotation": 180, "texture": "#0"},
				"south": {"uv": [0, 0, 3.75, 1], "rotation": 180, "texture": "#0"},
				"west": {"uv": [0, 0, 1, 1], "rotation": 180, "texture": "#0"},
				"up": {"uv": [0, 0, 3.75, 1], "rotation": 180, "texture": "#0"},
				"down": {"uv": [0, 0, 3.75, 1], "rotation": 180, "texture": "#0"}
			}
		},
		{
			"from": [9.25, 17.75, 6],
			"to": [10.25, 22.25, 7],
			"rotation": {"angle": -22.5, "axis": "z", "origin": [2.25, 25.75, 14]},
			"faces": {
				"north": {"uv": [0, 0, 4.5, 1], "rotation": 90, "texture": "#0"},
				"east": {"uv": [0, 0, 4.5, 1], "rotation": 270, "texture": "#0"},
				"south": {"uv": [0, 0, 4.5, 1], "rotation": 270, "texture": "#0"},
				"west": {"uv": [0, 0, 4.5, 1], "rotation": 270, "texture": "#0"},
				"up": {"uv": [0, 0, 1, 1], "rotation": 270, "texture": "#0"},
				"down": {"uv": [0, 0, 1, 1], "rotation": 270, "texture": "#0"}
			}
		},
		{
			"from": [6.75, 12, 6],
			"to": [7.75, 16.5, 7],
			"rotation": {"angle": 22.5, "axis": "z", "origin": [-0.25, 20, 14]},
			"faces": {
				"north": {"uv": [0, 0, 4.5, 1], "rotation": 90, "texture": "#0"},
				"east": {"uv": [0, 0, 4.5, 1], "rotation": 270, "texture": "#0"},
				"south": {"uv": [0, 0, 4.5, 1], "rotation": 270, "texture": "#0"},
				"west": {"uv": [0, 0, 4.5, 1], "rotation": 270, "texture": "#0"},
				"up": {"uv": [0, 0, 1, 1], "rotation": 270, "texture": "#0"},
				"down": {"uv": [0, 0, 1, 1], "rotation": 270, "texture": "#0"}
			}
		},
		{
			"from": [7.5, 0, 6],
			"to": [8.5, 11.75, 7],
			"rotation": {"angle": 0, "axis": "y", "origin": [15.5, 8, 14]},
			"faces": {
				"north": {"uv": [0, 0, 1, 11.75], "texture": "#1"},
				"east": {"uv": [0, 0, 1, 11.75], "texture": "#1"},
				"south": {"uv": [0, 0, 1, 11.75], "texture": "#1"},
				"west": {"uv": [0, 0, 1, 11.75], "texture": "#1"},
				"up": {"uv": [0, 0, 1, 1], "texture": "#1"},
				"down": {"uv": [0, 0, 1, 1], "texture": "#1"}
			}
		},
		{
			"from": [6.75, 12, 6],
			"to": [9.25, 18, 7],
			"rotation": {"angle": 0, "axis": "y", "origin": [15.5, 20, 14]},
			"faces": {
				"north": {"uv": [0, 0, 2.5, 6], "texture": "#0"},
				"east": {"uv": [0, 0, 1, 6], "texture": "#0"},
				"south": {"uv": [0, 0, 2.5, 6], "texture": "#0"},
				"west": {"uv": [0, 0, 1, 6], "texture": "#0"},
				"up": {"uv": [0, 0, 2.5, 1], "texture": "#0"},
				"down": {"uv": [0, 0, 2.5, 1], "texture": "#0"}
			}
		},
		{
			"from": [7, 13.5, 6],
			"to": [8.75, 18.5, 7],
			"rotation": {"angle": 0, "axis": "y", "origin": [15, 21.5, 14]},
			"faces": {
				"north": {"uv": [0, 0, 1.75, 5], "texture": "#0"},
				"east": {"uv": [0, 0, 1, 5], "texture": "#0"},
				"south": {"uv": [0, 0, 1.75, 5], "texture": "#0"},
				"west": {"uv": [0, 0, 1, 5], "texture": "#0"},
				"up": {"uv": [0, 0, 1.75, 1], "texture": "#0"},
				"down": {"uv": [0, 0, 1.75, 1], "texture": "#0"}
			}
		},
		{
			"from": [5, 11.5, 6],
			"to": [10.75, 12.5, 7],
			"rotation": {"angle": 0, "axis": "y", "origin": [15.5, 19.5, 14]},
			"faces": {
				"north": {"uv": [0, 0, 5.75, 1], "texture": "#0"},
				"east": {"uv": [0, 0, 1, 1], "texture": "#0"},
				"south": {"uv": [0, 0, 5.75, 1], "texture": "#0"},
				"west": {"uv": [0, 0, 1, 1], "texture": "#0"},
				"up": {"uv": [0, 0, 5.75, 1], "texture": "#0"},
				"down": {"uv": [0, 0, 5.75, 1], "texture": "#0"}
			}
		},
		{
			"from": [6, 12.5, 6],
			"to": [10, 13.5, 7],
			"rotation": {"angle": 0, "axis": "y", "origin": [15.5, 20.5, 14]},
			"faces": {
				"north": {"uv": [0, 0, 4, 1], "texture": "#0"},
				"east": {"uv": [0, 0, 1, 1], "texture": "#0"},
				"south": {"uv": [0, 0, 4, 1], "texture": "#0"},
				"west": {"uv": [0, 0, 1, 1], "texture": "#0"},
				"up": {"uv": [0, 0, 4, 1], "texture": "#0"},
				"down": {"uv": [0, 0, 4, 1], "texture": "#0"}
			}
		},
		{
			"from": [5.25, 13.5, 6],
			"to": [10.5, 14.5, 7],
			"rotation": {"angle": 0, "axis": "y", "origin": [15.5, 21.5, 14]},
			"faces": {
				"north": {"uv": [0, 0, 5.25, 1], "texture": "#0"},
				"east": {"uv": [0, 0, 1, 1], "texture": "#0"},
				"south": {"uv": [0, 0, 5.25, 1], "texture": "#0"},
				"west": {"uv": [0, 0, 1, 1], "texture": "#0"},
				"up": {"uv": [0, 0, 5.25, 1], "texture": "#0"},
				"down": {"uv": [0, 0, 5.25, 1], "texture": "#0"}
			}
		},
		{
			"from": [4, 14.5, 6],
			"to": [11.75, 15.5, 7],
			"rotation": {"angle": 0, "axis": "y", "origin": [15.5, 22.5, 14]},
			"faces": {
				"north": {"uv": [0, 0, 7.75, 1], "texture": "#0"},
				"east": {"uv": [0, 0, 1, 1], "texture": "#0"},
				"south": {"uv": [0, 0, 7.75, 1], "texture": "#0"},
				"west": {"uv": [0, 0, 1, 1], "texture": "#0"},
				"up": {"uv": [0, 0, 7.75, 1], "texture": "#0"},
				"down": {"uv": [0, 0, 7.75, 1], "texture": "#0"}
			}
		}
	],
	"display": {
		"thirdperson_righthand": {
			"rotation": [0, 90, 0],
			"translation": [0.75, 1, 1.5],
			"scale": [0.85, 0.8, 0.95]
		},
		"thirdperson_lefthand": {
			"rotation": [0, 90, 0],
			"translation": [0.75, 1, 1.25],
			"scale": [0.85, 0.8, 0.95]
		},
		"firstperson_righthand": {
			"rotation": [0, -95, 0],
			"translation": [-0.75, 2, 0],
			"scale": [0.8, 0.81, 0.81]
		},
		"firstperson_lefthand": {
			"rotation": [0, -95, 0],
			"translation": [-1.5, 2, 0],
			"scale": [0.82, 0.79, 0.79]
		},
		"ground": {
			"translation": [0, 4, 0],
			"scale": [0.8, 0.8, 0.8]
		},
		"gui": {
			"rotation": [20, -27, 0],
			"translation": [-0.5, -1.25, 0],
			"scale": [0.75, 0.75, 0.75]
		},
		"fixed": {
			"translation": [0, 0, 0.75],
			"scale": [0.8, 0.8, 0.8]
		}
	}
}