{
	"credit": "Made with Mr_JSPA",
	"textures": {
		"0": "./megumin",
		"particle": "./megumin"
	},
	"elements": [
		{
			"from": [-1, 11, -1],
			"to": [17, 12, 17],
			"faces": {
				"north": {"uv": [0, 15, 4.5, 15.25], "texture": "#0"},
				"east": {"uv": [0, 6, 4.5, 6.25], "texture": "#0"},
				"south": {"uv": [4, 6.5, 8.5, 6.75], "texture": "#0"},
				"west": {"uv": [0, 15.75, 4.5, 16], "texture": "#0"},
				"up": {"uv": [0, 6, 10, 16], "texture": "#0"},
				"down": {"uv": [0, 6, 10, 16], "texture": "#0"}
			}
		},
		{
			"from": [1, 12, 1],
			"to": [15, 13, 15],
			"faces": {
				"north": {"uv": [2.5, 8, 6, 8.25], "texture": "#0"},
				"east": {"uv": [2.5, 11, 6, 11.25], "texture": "#0"},
				"south": {"uv": [3.5, 9, 7, 9.25], "texture": "#0"},
				"west": {"uv": [2.5, 11, 6, 11.25], "texture": "#0"},
				"up": {"uv": [1.5, 8.5, 5, 12], "texture": "#0"},
				"down": {"uv": [3.5, 11, 7, 14.5], "texture": "#0"}
			}
		},
		{
			"from": [2, 13, 2],
			"to": [14, 18, 14],
			"faces": {
				"north": {"uv": [0, 0, 12, 6], "texture": "#0"},
				"east": {"uv": [0, 0, 12, 6], "texture": "#0"},
				"south": {"uv": [0, 0, 12, 6], "texture": "#0"},
				"west": {"uv": [0, 0, 12, 6], "texture": "#0"},
				"up": {"uv": [13, 10, 16, 13], "texture": "#0"},
				"down": {"uv": [10, 10, 13, 13], "texture": "#0"}
			}
		},
		{
			"from": [5, 19.75, -11.5],
			"to": [11, 24.75, -5.5],
			"rotation": {"angle": 45, "axis": "x", "origin": [0, 0, 0]},
			"faces": {
				"north": {"uv": [4, 12, 5.5, 13.25], "texture": "#0"},
				"east": {"uv": [4, 9, 5.5, 10.25], "texture": "#0"},
				"south": {"uv": [6.5, 9.5, 8, 10.75], "texture": "#0"},
				"west": {"uv": [7, 8, 8.5, 9.25], "texture": "#0"},
				"up": {"uv": [2.5, 8, 4, 9.5], "texture": "#0"},
				"down": {"uv": [4, 7.25, 5.5, 8.75], "texture": "#0"}
			}
		},
		{
			"from": [3, 17.75, -4.25],
			"to": [13, 22.75, 4.75],
			"rotation": {"angle": 22.5, "axis": "x", "origin": [0, 0, 0]},
			"faces": {
				"north": {"uv": [1, 12, 3.5, 13.25], "texture": "#0"},
				"east": {"uv": [7, 12, 9, 13.25], "texture": "#0"},
				"south": {"uv": [1.5, 10, 4, 11.25], "texture": "#0"},
				"west": {"uv": [2, 8, 4, 9.25], "texture": "#0"},
				"up": {"uv": [4, 11.25, 6.5, 13.25], "texture": "#0"},
				"down": {"uv": [5.5, 8, 8, 10], "texture": "#0"}
			}
		},
		{
			"from": [8.5, 19.5, -4.5],
			"to": [13.5, 22.5, -3.5],
			"rotation": {"angle": 22.5, "axis": "x", "origin": [0, 0, 0]},
			"faces": {
				"north": {"uv": [12, 4, 16, 8], "texture": "#0"},
				"east": {"uv": [15, 4, 16, 8], "texture": "#0"},
				"south": {"uv": [15.75, 6, 16, 6.75], "texture": "#0"},
				"west": {"uv": [12, 4, 13, 8], "texture": "#0"},
				"up": {"uv": [12, 4, 16, 5], "texture": "#0"},
				"down": {"uv": [12, 4, 16, 5], "texture": "#0"}
			}
		},
		{
			"from": [9.5, 22.5, -4.5],
			"to": [12.5, 23.5, -3.5],
			"rotation": {"angle": 22.5, "axis": "x", "origin": [0, 0, 0]},
			"faces": {
				"north": {"uv": [13, 4, 14.75, 4.25], "texture": "#0"},
				"east": {"uv": [14, 7, 14.25, 7.25], "texture": "#0"},
				"south": {"uv": [12, 6, 12.75, 6.25], "texture": "#0"},
				"west": {"uv": [14, 7, 14.25, 7.25], "texture": "#0"},
				"up": {"uv": [13, 7, 13.75, 7.25], "texture": "#0"},
				"down": {"uv": [15.25, 6, 16, 6.25], "texture": "#0"}
			}
		},
		{
			"from": [9.5, 18.5, -4.5],
			"to": [12.5, 19.5, -3.5],
			"rotation": {"angle": 22.5, "axis": "x", "origin": [0, 0, 0]},
			"faces": {
				"north": {"uv": [13, 7, 14.75, 7.25], "texture": "#0"},
				"east": {"uv": [14, 4, 14.25, 4.25], "texture": "#0"},
				"south": {"uv": [12, 6, 12.75, 6.25], "texture": "#0"},
				"west": {"uv": [14, 7, 14.25, 7.25], "texture": "#0"},
				"up": {"uv": [15.25, 6, 16, 6.25], "texture": "#0"},
				"down": {"uv": [15.25, 6, 16, 6.25], "texture": "#0"}
			}
		},
		{
			"from": [2.5, 18.5, -4.5],
			"to": [7.5, 21.5, -3.5],
			"rotation": {"angle": 22.5, "axis": "x", "origin": [0, 0, 0]},
			"faces": {
				"north": {"uv": [12, 4, 16, 8], "texture": "#0"},
				"east": {"uv": [15, 4, 16, 8], "texture": "#0"},
				"south": {"uv": [13, 7, 14.25, 7.75], "texture": "#0"},
				"west": {"uv": [12, 4, 13, 8], "texture": "#0"},
				"up": {"uv": [12, 4, 16, 5], "texture": "#0"},
				"down": {"uv": [12, 4, 16, 5], "texture": "#0"}
			}
		},
		{
			"from": [3.5, 17.5, -4.5],
			"to": [6.5, 18.5, -3.5],
			"rotation": {"angle": 22.5, "axis": "x", "origin": [0, 0, 0]},
			"faces": {
				"north": {"uv": [15.25, 5, 16, 6.25], "texture": "#0"},
				"east": {"uv": [15.75, 6, 16, 6.25], "texture": "#0"},
				"south": {"uv": [15.25, 6, 16, 6.25], "texture": "#0"},
				"west": {"uv": [15.75, 6, 16, 6.25], "texture": "#0"},
				"up": {"uv": [15.25, 6, 16, 6.25], "texture": "#0"},
				"down": {"uv": [15.25, 6, 16, 6.25], "texture": "#0"}
			}
		},
		{
			"from": [3.5, 21.5, -4.5],
			"to": [6.5, 22.5, -3.5],
			"rotation": {"angle": 22.5, "axis": "x", "origin": [0, 0, 0]},
			"faces": {
				"north": {"uv": [13, 5, 14.75, 4.25], "texture": "#0"},
				"east": {"uv": [15.75, 6, 16, 6.25], "texture": "#0"},
				"south": {"uv": [14, 7, 14.75, 7.25], "texture": "#0"},
				"west": {"uv": [14, 7, 14.25, 7.25], "texture": "#0"},
				"up": {"uv": [15.25, 6, 16, 6.25], "texture": "#0"},
				"down": {"uv": [12, 6, 12.75, 6.25], "texture": "#0"}
			}
		},
		{
			"from": [5.5, 21, 9.25],
			"to": [10.5, 25, 15.25],
			"faces": {
				"north": {"uv": [4, 12, 5.25, 13], "texture": "#0"},
				"east": {"uv": [2, 9, 3.5, 10], "texture": "#0"},
				"south": {"uv": [6, 11, 7.25, 12], "texture": "#0"},
				"west": {"uv": [5, 12, 6.5, 13], "texture": "#0"},
				"up": {"uv": [3, 11, 4.25, 12.5], "texture": "#0"},
				"down": {"uv": [2, 8, 3.25, 9.5], "texture": "#0"}
			}
		},
		{
			"from": [6, 24.75, 3.75],
			"to": [9.75, 27.75, 7.75],
			"rotation": {"angle": 22.5, "axis": "x", "origin": [0, 0, 0]},
			"faces": {
				"north": {"uv": [2, 13, 2.9375, 13.75], "texture": "#0"},
				"east": {"uv": [2, 9, 3, 9.75], "texture": "#0"},
				"south": {"uv": [6, 12, 6.9375, 12.75], "texture": "#0"},
				"west": {"uv": [5, 12, 6, 12.75], "texture": "#0"},
				"up": {"uv": [2, 11, 2.9375, 12], "texture": "#0"},
				"down": {"uv": [2, 9, 2.9375, 10], "texture": "#0"}
			}
		},
		{
			"from": [6.5, 9.25, 23],
			"to": [9.25, 13.75, 25],
			"rotation": {"angle": -22.5, "axis": "x", "origin": [0, 0, 0]},
			"faces": {
				"north": {"uv": [2, 13, 2.6875, 14.125], "rotation": 180, "texture": "#0"},
				"east": {"uv": [2, 9, 3.125, 9.5], "rotation": 270, "texture": "#0"},
				"south": {"uv": [6, 12, 6.6875, 13.125], "texture": "#0"},
				"west": {"uv": [5, 12, 6.125, 12.5], "rotation": 90, "texture": "#0"},
				"up": {"uv": [2, 11, 2.6875, 11.5], "rotation": 180, "texture": "#0"},
				"down": {"uv": [2, 9, 2.6875, 9.5], "texture": "#0"}
			}
		},
		{
			"from": [7, 16.5, 18.25],
			"to": [9, 18.5, 19.25],
			"faces": {
				"north": {"uv": [13.25, 0, 14.75, 1.5], "texture": "#0"},
				"east": {"uv": [14.75, 0, 16, 1.5], "texture": "#0"},
				"south": {"uv": [14.25, 0, 15.75, 1.5], "texture": "#0"},
				"west": {"uv": [12, 0, 13.25, 1.5], "texture": "#0"},
				"up": {"uv": [12, 0, 13.5, 1.25], "texture": "#0"},
				"down": {"uv": [12, 0, 13.5, 1.25], "texture": "#0"}
			}
		},
		{
			"from": [6.5, 15.5, 18.25],
			"to": [9.5, 16.5, 19.25],
			"faces": {
				"north": {"uv": [13.25, 0, 15, 1.25], "texture": "#0"},
				"east": {"uv": [14.75, 0, 16, 1.25], "texture": "#0"},
				"south": {"uv": [14.25, 0, 16, 1.25], "texture": "#0"},
				"west": {"uv": [12, 0, 13.25, 1.25], "texture": "#0"},
				"up": {"uv": [12, 0, 13.75, 1.25], "texture": "#0"},
				"down": {"uv": [12, 0, 13.75, 1.25], "texture": "#0"}
			}
		},
		{
			"from": [8.5, 14.5, 18.25],
			"to": [9.5, 15.5, 19.25],
			"faces": {
				"north": {"uv": [13.25, 0, 14.5, 1.25], "texture": "#0"},
				"east": {"uv": [14.75, 0, 16, 1.25], "texture": "#0"},
				"south": {"uv": [14.25, 0, 15.5, 1.25], "texture": "#0"},
				"west": {"uv": [12, 0, 13.25, 1.25], "texture": "#0"},
				"up": {"uv": [12, 0, 13.25, 1.25], "texture": "#0"},
				"down": {"uv": [12, 0, 13.25, 1.25], "texture": "#0"}
			}
		},
		{
			"from": [6.5, 13.5, 18.25],
			"to": [7.5, 15.5, 19.25],
			"faces": {
				"north": {"uv": [13.25, 0, 14.5, 1.5], "texture": "#0"},
				"east": {"uv": [14.75, 0, 16, 1.5], "texture": "#0"},
				"south": {"uv": [14.25, 0, 15.5, 1.5], "texture": "#0"},
				"west": {"uv": [12, 0, 13.25, 1.5], "texture": "#0"},
				"up": {"uv": [12, 0, 13.25, 1.25], "texture": "#0"},
				"down": {"uv": [12, 0, 13.25, 1.25], "texture": "#0"}
			}
		}
	],
	"display": {
		"thirdperson_righthand": {
			"rotation": [180, 0, -90],
			"translation": [-2, -2, -3.5],
			"scale": [0.5, 0.5, 0.5]
		},
		"thirdperson_lefthand": {
			"rotation": [180, 0, -90],
			"translation": [-2, -2, -3.25],
			"scale": [0.5, 0.5, 0.5]
		},
		"firstperson_righthand": {
			"rotation": [0, 114, 0],
			"translation": [0, -1, -1],
			"scale": [0.5, 0.5, 0.5]
		},
		"firstperson_lefthand": {
			"rotation": [0, 63, 0],
			"translation": [0, -1, -1],
			"scale": [0.5, 0.5, 0.5]
		},
		"ground": {
			"translation": [0, -2.75, 0],
			"scale": [0.5, 0.5, 0.5]
		},
		"gui": {
			"rotation": [30, 135, 0],
			"translation": [0, -4, 0],
			"scale": [0.55, 0.55, 0.55]
		},
		"head": {
			"rotation": [5, 0, 0],
			"translation": [0, -2.75, -0.75],
			"scale": [1.15, 1.15, 1.15]
		},
		"fixed": {
			"rotation": [-90, 0, 0],
			"translation": [0, 0, 6.5],
			"scale": [1.8, 1.8, 1.8]
		}
	}
}