{
	"credit": "Made with Mr_JSPA",
	"textures": {
		"0": "./black",
		"1": "./white",
		"2": "./red",
		"particle": "./black"
	},
	"elements": [
		{
			"from": [5, 0, 4],
			"to": [12, 2, 11],
			"rotation": {"angle": 0, "axis": "y", "origin": [14, 8, 12]},
			"faces": {
				"north": {"uv": [0, 0, 7, 2], "texture": "#1"},
				"east": {"uv": [0, 0, 7, 2], "texture": "#1"},
				"south": {"uv": [0, 0, 7, 2], "texture": "#1"},
				"west": {"uv": [0, 0, 7, 2], "texture": "#1"},
				"up": {"uv": [0, 0, 7, 7], "texture": "#1"},
				"down": {"uv": [0, 0, 7, 7], "texture": "#1"}
			}
		},
		{
			"from": [5, 5, 4],
			"to": [12, 7, 11],
			"rotation": {"angle": 0, "axis": "y", "origin": [14, 13, 12]},
			"faces": {
				"north": {"uv": [0, 0, 7, 2], "texture": "#2"},
				"east": {"uv": [0, 0, 7, 2], "texture": "#2"},
				"south": {"uv": [0, 0, 7, 2], "texture": "#2"},
				"west": {"uv": [0, 0, 7, 2], "texture": "#2"},
				"up": {"uv": [0, 0, 7, 7], "texture": "#2"},
				"down": {"uv": [0, 0, 7, 7], "texture": "#2"}
			}
		},
		{
			"from": [5.25, 3, 4.25],
			"to": [11.75, 4, 10.75],
			"rotation": {"angle": 0, "axis": "y", "origin": [14, 11, 12]},
			"faces": {
				"north": {"uv": [0, 0, 6.5, 1], "texture": "#0"},
				"east": {"uv": [0, 0, 6.5, 1], "texture": "#0"},
				"south": {"uv": [0, 0, 6.5, 1], "texture": "#0"},
				"west": {"uv": [0, 0, 6.5, 1], "texture": "#0"},
				"up": {"uv": [0, 0, 6.5, 6.5], "texture": "#0"},
				"down": {"uv": [0, 0, 6.5, 6.5], "texture": "#0"}
			}
		},
		{
			"from": [5, 2, 4],
			"to": [7, 3, 11],
			"rotation": {"angle": 0, "axis": "y", "origin": [14, 9, 12]},
			"faces": {
				"north": {"uv": [0, 0, 2, 1], "texture": "#1"},
				"east": {"uv": [0, 0, 7, 1], "texture": "#1"},
				"south": {"uv": [0, 0, 2, 1], "texture": "#1"},
				"west": {"uv": [0, 0, 7, 1], "texture": "#1"},
				"up": {"uv": [0, 0, 2, 7], "texture": "#1"},
				"down": {"uv": [0, 0, 2, 7], "texture": "#1"}
			}
		},
		{
			"from": [5, 4, 4],
			"to": [7, 5, 11],
			"rotation": {"angle": 0, "axis": "y", "origin": [14, 11, 12]},
			"faces": {
				"north": {"uv": [0, 0, 2, 1], "texture": "#2"},
				"east": {"uv": [0, 0, 7, 1], "texture": "#2"},
				"south": {"uv": [0, 0, 2, 1], "texture": "#2"},
				"west": {"uv": [0, 0, 7, 1], "texture": "#2"},
				"up": {"uv": [0, 0, 2, 7], "texture": "#2"},
				"down": {"uv": [0, 0, 2, 7], "texture": "#2"}
			}
		},
		{
			"from": [10, 2, 4],
			"to": [12, 3, 11],
			"rotation": {"angle": 0, "axis": "y", "origin": [19, 9, 12]},
			"faces": {
				"north": {"uv": [0, 0, 2, 1], "texture": "#1"},
				"east": {"uv": [0, 0, 7, 1], "texture": "#1"},
				"south": {"uv": [0, 0, 2, 1], "texture": "#1"},
				"west": {"uv": [0, 0, 7, 1], "texture": "#1"},
				"up": {"uv": [0, 0, 2, 7], "texture": "#1"},
				"down": {"uv": [0, 0, 2, 7], "texture": "#1"}
			}
		},
		{
			"from": [10, 4, 4],
			"to": [12, 5, 11],
			"rotation": {"angle": 0, "axis": "y", "origin": [19, 11, 12]},
			"faces": {
				"north": {"uv": [0, 0, 2, 1], "texture": "#2"},
				"east": {"uv": [0, 0, 7, 1], "texture": "#2"},
				"south": {"uv": [0, 0, 2, 1], "texture": "#2"},
				"west": {"uv": [0, 0, 7, 1], "texture": "#2"},
				"up": {"uv": [0, 0, 2, 7], "texture": "#2"},
				"down": {"uv": [0, 0, 2, 7], "texture": "#2"}
			}
		},
		{
			"from": [7, 2, 5],
			"to": [10, 3, 11],
			"rotation": {"angle": 0, "axis": "y", "origin": [16, 9, 12]},
			"faces": {
				"north": {"uv": [0, 0, 3, 1], "texture": "#1"},
				"east": {"uv": [0, 0, 6, 1], "texture": "#1"},
				"south": {"uv": [0, 0, 3, 1], "texture": "#1"},
				"west": {"uv": [0, 0, 6, 1], "texture": "#1"},
				"up": {"uv": [0, 0, 3, 6], "texture": "#1"},
				"down": {"uv": [0, 0, 3, 6], "texture": "#1"}
			}
		},
		{
			"from": [7, 4, 5],
			"to": [10, 5, 11],
			"rotation": {"angle": 0, "axis": "y", "origin": [16, 11, 12]},
			"faces": {
				"north": {"uv": [0, 0, 3, 1], "texture": "#2"},
				"east": {"uv": [0, 0, 6, 1], "texture": "#2"},
				"south": {"uv": [0, 0, 3, 1], "texture": "#2"},
				"west": {"uv": [0, 0, 6, 1], "texture": "#2"},
				"up": {"uv": [0, 0, 3, 6], "texture": "#2"},
				"down": {"uv": [0, 0, 3, 6], "texture": "#2"}
			}
		},
		{
			"from": [7, 2, 4.25],
			"to": [10, 5, 5],
			"rotation": {"angle": 0, "axis": "y", "origin": [11, 10, 12]},
			"faces": {
				"north": {"uv": [0, 0, 3, 3], "texture": "#0"},
				"east": {"uv": [0, 0, 0.75, 3], "texture": "#0"},
				"south": {"uv": [0, 0, 3, 3], "texture": "#0"},
				"west": {"uv": [0, 0, 0.75, 3], "texture": "#0"},
				"up": {"uv": [0, 0, 3, 0.75], "texture": "#0"},
				"down": {"uv": [0, 0, 3, 0.75], "texture": "#0"}
			}
		},
		{
			"from": [8, 3, 4],
			"to": [9, 4, 4.75],
			"rotation": {"angle": 0, "axis": "y", "origin": [11, 10, 11.75]},
			"faces": {
				"north": {"uv": [0, 0, 1, 1], "texture": "#1"},
				"east": {"uv": [0, 0, 0.75, 1], "texture": "#1"},
				"south": {"uv": [0, 0, 1, 1], "texture": "#1"},
				"west": {"uv": [0, 0, 0.75, 1], "texture": "#1"},
				"up": {"uv": [0, 0, 1, 0.75], "texture": "#1"},
				"down": {"uv": [0, 0, 1, 0.75], "texture": "#1"}
			}
		}
	],
	"display": {
		"thirdperson_righthand": {
			"translation": [-1, 2.5, 0],
			"scale": [0.6, 0.6, 0.6]
		},
		"thirdperson_lefthand": {
			"translation": [-0.5, 2.5, 0],
			"scale": [0.6, 0.6, 0.6]
		},
		"firstperson_righthand": {
			"rotation": [0, 0.5, 0],
			"translation": [1.5, 4.5, 0]
		},
		"firstperson_lefthand": {
			"rotation": [0, 4, 0],
			"translation": [1.5, 4.5, 0]
		},
		"ground": {
			"translation": [0, 0.25, 0],
			"scale": [0.5, 0.5, 0.5]
		},
		"gui": {
			"rotation": [0, 155, 0],
			"translation": [0.5, 4.25, 0]
		},
		"fixed": {
			"rotation": [-90, 0, 0],
			"translation": [-0.5, 0.75, -8]
		}
	}
}