{
	"credit": "Made with Blockbench",
	"textures": {
		"texture": "./river_diary"
	},
	"elements": [
		{
			"name": "book shell1",
			"from": [2.5, 0.375, 1],
			"to": [13.5, 0.875, 15],
			"faces": {
				"north": {"uv": [0, 12, 4, 16], "texture": "#texture"},
				"east": {"uv": [0, 12, 4, 16], "texture": "#texture"},
				"south": {"uv": [0, 12, 4, 16], "texture": "#texture"},
				"west": {"uv": [0, 12, 4, 16], "texture": "#texture"},
				"up": {"uv": [0, 12, 4, 16], "texture": "#texture"},
				"down": {"uv": [0, 12, 4, 16], "texture": "#texture"}
			}
		},
		{
			"name": "book shell2",
			"from": [2, 0, 0],
			"to": [14, 1, 1],
			"faces": {
				"north": {"uv": [12, 12, 16, 16], "texture": "#texture"},
				"east": {"uv": [12, 12, 16, 16], "texture": "#texture"},
				"south": {"uv": [12, 12, 16, 16], "texture": "#texture"},
				"west": {"uv": [12, 12, 16, 16], "texture": "#texture"},
				"up": {"uv": [12, 12, 16, 16], "texture": "#texture"},
				"down": {"uv": [12, 12, 16, 16], "texture": "#texture"}
			}
		},
		{
			"name": "book shell3",
			"from": [13, 0, 1],
			"to": [14, 1, 15],
			"faces": {
				"north": {"uv": [12, 12, 16, 16], "texture": "#texture"},
				"east": {"uv": [12, 12, 16, 16], "texture": "#texture"},
				"south": {"uv": [12, 12, 16, 16], "texture": "#texture"},
				"west": {"uv": [12, 12, 16, 16], "texture": "#texture"},
				"up": {"uv": [12, 12, 16, 16], "texture": "#texture"},
				"down": {"uv": [12, 12, 16, 16], "texture": "#texture"}
			}
		},
		{
			"name": "book shell4",
			"from": [2, 0, 1],
			"to": [3, 1, 15],
			"faces": {
				"north": {"uv": [12, 12, 16, 16], "texture": "#texture"},
				"east": {"uv": [12, 12, 16, 16], "texture": "#texture"},
				"south": {"uv": [12, 12, 16, 16], "texture": "#texture"},
				"west": {"uv": [12, 12, 16, 16], "texture": "#texture"},
				"up": {"uv": [12, 12, 16, 16], "texture": "#texture"},
				"down": {"uv": [12, 12, 16, 16], "texture": "#texture"}
			}
		},
		{
			"name": "book shell5",
			"from": [2, 0, 15],
			"to": [14, 1, 16],
			"faces": {
				"north": {"uv": [12, 12, 16, 16], "texture": "#texture"},
				"east": {"uv": [12, 12, 16, 16], "texture": "#texture"},
				"south": {"uv": [12, 12, 16, 16], "texture": "#texture"},
				"west": {"uv": [12, 12, 16, 16], "texture": "#texture"},
				"up": {"uv": [12, 12, 16, 16], "texture": "#texture"},
				"down": {"uv": [12, 12, 16, 16], "texture": "#texture"}
			}
		},
		{
			"name": "book shell6",
			"from": [2, 0, 0],
			"to": [3, 1, 16],
			"rotation": {"angle": 22.5, "axis": "z", "origin": [2, 0, 0]},
			"faces": {
				"north": {"uv": [12, 12, 16, 16], "texture": "#texture"},
				"east": {"uv": [12, 12, 16, 16], "texture": "#texture"},
				"south": {"uv": [12, 12, 16, 16], "texture": "#texture"},
				"west": {"uv": [12, 12, 16, 16], "texture": "#texture"},
				"up": {"uv": [12, 12, 16, 16], "texture": "#texture"},
				"down": {"uv": [12, 12, 16, 16], "texture": "#texture"}
			}
		},
		{
			"name": "book shell7",
			"from": [1.625, 0.875, 0],
			"to": [2.625, 1.875, 16],
			"faces": {
				"north": {"uv": [12, 12, 16, 16], "texture": "#texture"},
				"east": {"uv": [12, 12, 16, 16], "texture": "#texture"},
				"south": {"uv": [12, 12, 16, 16], "texture": "#texture"},
				"west": {"uv": [12, 12, 16, 16], "texture": "#texture"},
				"up": {"uv": [12, 12, 16, 16], "texture": "#texture"},
				"down": {"uv": [12, 12, 16, 16], "texture": "#texture"}
			}
		},
		{
			"name": "book shell8",
			"from": [1.375, 0.375, 0],
			"to": [2.5, 4.125, 16],
			"faces": {
				"north": {"uv": [12, 12, 16, 16], "texture": "#texture"},
				"east": {"uv": [12, 12, 16, 16], "texture": "#texture"},
				"south": {"uv": [12, 12, 16, 16], "texture": "#texture"},
				"west": {"uv": [12, 12, 16, 16], "texture": "#texture"},
				"up": {"uv": [12, 12, 16, 16], "texture": "#texture"},
				"down": {"uv": [12, 12, 16, 16], "texture": "#texture"}
			}
		},
		{
			"name": "book shell9",
			"from": [1.625, 2.625, 0],
			"to": [2.625, 3.625, 16],
			"faces": {
				"north": {"uv": [12, 12, 16, 16], "texture": "#texture"},
				"east": {"uv": [12, 12, 16, 16], "texture": "#texture"},
				"south": {"uv": [12, 12, 16, 16], "texture": "#texture"},
				"west": {"uv": [12, 12, 16, 16], "texture": "#texture"},
				"up": {"uv": [12, 12, 16, 16], "texture": "#texture"},
				"down": {"uv": [12, 12, 16, 16], "texture": "#texture"}
			}
		},
		{
			"name": "book shell10",
			"from": [1.625, 3.625, 0],
			"to": [2.625, 4.625, 16],
			"rotation": {"angle": -22.5, "axis": "z", "origin": [1.625, 3.625, 0]},
			"faces": {
				"north": {"uv": [12, 12, 16, 16], "texture": "#texture"},
				"east": {"uv": [12, 12, 16, 16], "texture": "#texture"},
				"south": {"uv": [12, 12, 16, 16], "texture": "#texture"},
				"west": {"uv": [12, 12, 16, 16], "texture": "#texture"},
				"up": {"uv": [12, 12, 16, 16], "texture": "#texture"},
				"down": {"uv": [12, 12, 16, 16], "texture": "#texture"}
			}
		},
		{
			"name": "book shell11",
			"from": [2, 3.5, 15],
			"to": [14, 4.5, 16],
			"faces": {
				"north": {"uv": [12, 12, 16, 16], "texture": "#texture"},
				"east": {"uv": [12, 12, 16, 16], "texture": "#texture"},
				"south": {"uv": [12, 12, 16, 16], "texture": "#texture"},
				"west": {"uv": [12, 12, 16, 16], "texture": "#texture"},
				"up": {"uv": [12, 12, 16, 16], "texture": "#texture"},
				"down": {"uv": [12, 12, 16, 16], "texture": "#texture"}
			}
		},
		{
			"name": "book shell12",
			"from": [2, 3.5, 0],
			"to": [14, 4.5, 1],
			"faces": {
				"north": {"uv": [12, 12, 16, 16], "texture": "#texture"},
				"east": {"uv": [12, 12, 16, 16], "texture": "#texture"},
				"south": {"uv": [12, 12, 16, 16], "texture": "#texture"},
				"west": {"uv": [12, 12, 16, 16], "texture": "#texture"},
				"up": {"uv": [12, 12, 16, 16], "texture": "#texture"},
				"down": {"uv": [12, 12, 16, 16], "texture": "#texture"}
			}
		},
		{
			"name": "book shell13",
			"from": [13, 3.5, 1],
			"to": [14, 4.5, 15],
			"faces": {
				"north": {"uv": [12, 12, 16, 16], "texture": "#texture"},
				"east": {"uv": [12, 12, 16, 16], "texture": "#texture"},
				"south": {"uv": [12, 12, 16, 16], "texture": "#texture"},
				"west": {"uv": [12, 12, 16, 16], "texture": "#texture"},
				"up": {"uv": [12, 12, 16, 16], "texture": "#texture"},
				"down": {"uv": [12, 12, 16, 16], "texture": "#texture"}
			}
		},
		{
			"name": "book shell14",
			"from": [2, 3.5, 1],
			"to": [3, 4.5, 15],
			"faces": {
				"north": {"uv": [12, 12, 16, 16], "texture": "#texture"},
				"east": {"uv": [12, 12, 16, 16], "texture": "#texture"},
				"south": {"uv": [12, 12, 16, 16], "texture": "#texture"},
				"west": {"uv": [12, 12, 16, 16], "texture": "#texture"},
				"up": {"uv": [12, 12, 16, 16], "texture": "#texture"},
				"down": {"uv": [12, 12, 16, 16], "texture": "#texture"}
			}
		},
		{
			"name": "book shell15",
			"from": [2.5, 3.625, 1],
			"to": [13.5, 4.125, 15],
			"faces": {
				"north": {"uv": [0, 12, 4, 16], "texture": "#texture"},
				"east": {"uv": [0, 12, 4, 16], "texture": "#texture"},
				"south": {"uv": [0, 12, 4, 16], "texture": "#texture"},
				"west": {"uv": [0, 12, 4, 16], "texture": "#texture"},
				"up": {"uv": [0, 12, 4, 16], "texture": "#texture"},
				"down": {"uv": [0, 12, 4, 16], "texture": "#texture"}
			}
		},
		{
			"name": "book shell16",
			"from": [2.5, 3.5, 1],
			"to": [13.5, 3.625, 15],
			"faces": {
				"north": {"uv": [12, 12, 16, 16], "texture": "#texture"},
				"east": {"uv": [12, 12, 16, 16], "texture": "#texture"},
				"south": {"uv": [12, 12, 16, 16], "texture": "#texture"},
				"west": {"uv": [12, 12, 16, 16], "texture": "#texture"},
				"up": {"uv": [12, 12, 16, 16], "texture": "#texture"},
				"down": {"uv": [12, 12, 16, 16], "texture": "#texture"}
			}
		},
		{
			"name": "book shell17",
			"from": [2.5, 0.875, 1],
			"to": [13.5, 1, 15],
			"faces": {
				"north": {"uv": [12, 12, 16, 16], "texture": "#texture"},
				"east": {"uv": [12, 12, 16, 16], "texture": "#texture"},
				"south": {"uv": [12, 12, 16, 16], "texture": "#texture"},
				"west": {"uv": [12, 12, 16, 16], "texture": "#texture"},
				"up": {"uv": [12, 12, 16, 16], "texture": "#texture"},
				"down": {"uv": [12, 12, 16, 16], "texture": "#texture"}
			}
		},
		{
			"name": "panels",
			"from": [7.5, 4.125, 1],
			"to": [8.5, 4.5, 15],
			"faces": {
				"north": {"uv": [12, 12, 16, 16], "texture": "#texture"},
				"east": {"uv": [12, 12, 16, 16], "texture": "#texture"},
				"south": {"uv": [12, 12, 16, 16], "texture": "#texture"},
				"west": {"uv": [12, 12, 16, 16], "texture": "#texture"},
				"up": {"uv": [12, 12, 16, 16], "texture": "#texture"},
				"down": {"uv": [12, 12, 16, 16], "texture": "#texture"}
			}
		},
		{
			"name": "panels1",
			"from": [8.75, 4.125, 1.125],
			"to": [9.75, 4.5, 14.875],
			"faces": {
				"north": {"uv": [12, 12, 16, 16], "texture": "#texture"},
				"east": {"uv": [12, 12, 16, 16], "texture": "#texture"},
				"south": {"uv": [12, 12, 16, 16], "texture": "#texture"},
				"west": {"uv": [12, 12, 16, 16], "texture": "#texture"},
				"up": {"uv": [12, 12, 16, 16], "texture": "#texture"},
				"down": {"uv": [12, 12, 16, 16], "texture": "#texture"}
			}
		},
		{
			"name": "panels2",
			"from": [11.75, 4.125, 1.125],
			"to": [12.75, 4.5, 14.875],
			"faces": {
				"north": {"uv": [12, 12, 16, 16], "texture": "#texture"},
				"east": {"uv": [12, 12, 16, 16], "texture": "#texture"},
				"south": {"uv": [12, 12, 16, 16], "texture": "#texture"},
				"west": {"uv": [12, 12, 16, 16], "texture": "#texture"},
				"up": {"uv": [12, 12, 16, 16], "texture": "#texture"},
				"down": {"uv": [12, 12, 16, 16], "texture": "#texture"}
			}
		},
		{
			"name": "panels3",
			"from": [9.75, 4.125, 1.125],
			"to": [11.75, 4.5, 2.125],
			"faces": {
				"north": {"uv": [12, 12, 16, 16], "texture": "#texture"},
				"east": {"uv": [12, 12, 16, 16], "texture": "#texture"},
				"south": {"uv": [12, 12, 16, 16], "texture": "#texture"},
				"west": {"uv": [12, 12, 16, 16], "texture": "#texture"},
				"up": {"uv": [12, 12, 16, 16], "texture": "#texture"},
				"down": {"uv": [12, 12, 16, 16], "texture": "#texture"}
			}
		},
		{
			"name": "panels4",
			"from": [9.75, 4.125, 13.875],
			"to": [11.75, 4.5, 14.875],
			"faces": {
				"north": {"uv": [12, 12, 16, 16], "texture": "#texture"},
				"east": {"uv": [12, 12, 16, 16], "texture": "#texture"},
				"south": {"uv": [12, 12, 16, 16], "texture": "#texture"},
				"west": {"uv": [12, 12, 16, 16], "texture": "#texture"},
				"up": {"uv": [12, 12, 16, 16], "texture": "#texture"},
				"down": {"uv": [12, 12, 16, 16], "texture": "#texture"}
			}
		},
		{
			"name": "panels5",
			"from": [9.75, 4.125, 10.75],
			"to": [11.75, 4.5, 11.75],
			"faces": {
				"north": {"uv": [12, 12, 16, 16], "texture": "#texture"},
				"east": {"uv": [12, 12, 16, 16], "texture": "#texture"},
				"south": {"uv": [12, 12, 16, 16], "texture": "#texture"},
				"west": {"uv": [12, 12, 16, 16], "texture": "#texture"},
				"up": {"uv": [12, 12, 16, 16], "texture": "#texture"},
				"down": {"uv": [12, 12, 16, 16], "texture": "#texture"}
			}
		},
		{
			"name": "panels6",
			"from": [9.75, 4.125, 7.625],
			"to": [11.75, 4.5, 8.625],
			"faces": {
				"north": {"uv": [12, 12, 16, 16], "texture": "#texture"},
				"east": {"uv": [12, 12, 16, 16], "texture": "#texture"},
				"south": {"uv": [12, 12, 16, 16], "texture": "#texture"},
				"west": {"uv": [12, 12, 16, 16], "texture": "#texture"},
				"up": {"uv": [12, 12, 16, 16], "texture": "#texture"},
				"down": {"uv": [12, 12, 16, 16], "texture": "#texture"}
			}
		},
		{
			"name": "panels7",
			"from": [9.75, 4.125, 4.375],
			"to": [11.75, 4.5, 5.375],
			"faces": {
				"north": {"uv": [12, 12, 16, 16], "texture": "#texture"},
				"east": {"uv": [12, 12, 16, 16], "texture": "#texture"},
				"south": {"uv": [12, 12, 16, 16], "texture": "#texture"},
				"west": {"uv": [12, 12, 16, 16], "texture": "#texture"},
				"up": {"uv": [12, 12, 16, 16], "texture": "#texture"},
				"down": {"uv": [12, 12, 16, 16], "texture": "#texture"}
			}
		},
		{
			"name": "panels8",
			"from": [9.875, 4.125, 2.375],
			"to": [11.625, 4.5, 4.125],
			"faces": {
				"north": {"uv": [12, 12, 16, 16], "texture": "#texture"},
				"east": {"uv": [12, 12, 16, 16], "texture": "#texture"},
				"south": {"uv": [12, 12, 16, 16], "texture": "#texture"},
				"west": {"uv": [12, 12, 16, 16], "texture": "#texture"},
				"up": {"uv": [12, 12, 16, 16], "texture": "#texture"},
				"down": {"uv": [12, 12, 16, 16], "texture": "#texture"}
			}
		},
		{
			"name": "panels9",
			"from": [9.875, 4.125, 5.625],
			"to": [11.625, 4.5, 7.375],
			"faces": {
				"north": {"uv": [12, 12, 16, 16], "texture": "#texture"},
				"east": {"uv": [12, 12, 16, 16], "texture": "#texture"},
				"south": {"uv": [12, 12, 16, 16], "texture": "#texture"},
				"west": {"uv": [12, 12, 16, 16], "texture": "#texture"},
				"up": {"uv": [12, 12, 16, 16], "texture": "#texture"},
				"down": {"uv": [12, 12, 16, 16], "texture": "#texture"}
			}
		},
		{
			"name": "panels10",
			"from": [9.875, 4.125, 8.8],
			"to": [11.625, 4.5, 10.55],
			"faces": {
				"north": {"uv": [12, 12, 16, 16], "texture": "#texture"},
				"east": {"uv": [12, 12, 16, 16], "texture": "#texture"},
				"south": {"uv": [12, 12, 16, 16], "texture": "#texture"},
				"west": {"uv": [12, 12, 16, 16], "texture": "#texture"},
				"up": {"uv": [12, 12, 16, 16], "texture": "#texture"},
				"down": {"uv": [12, 12, 16, 16], "texture": "#texture"}
			}
		},
		{
			"name": "panels11",
			"from": [9.875, 4.125, 12],
			"to": [11.625, 4.5, 13.75],
			"faces": {
				"north": {"uv": [12, 12, 16, 16], "texture": "#texture"},
				"east": {"uv": [12, 12, 16, 16], "texture": "#texture"},
				"south": {"uv": [12, 12, 16, 16], "texture": "#texture"},
				"west": {"uv": [12, 12, 16, 16], "texture": "#texture"},
				"up": {"uv": [12, 12, 16, 16], "texture": "#texture"},
				"down": {"uv": [12, 12, 16, 16], "texture": "#texture"}
			}
		},
		{
			"name": "panels12",
			"from": [4.375, 4.125, 11.875],
			"to": [6.125, 4.5, 13.625],
			"faces": {
				"north": {"uv": [12, 12, 16, 16], "texture": "#texture"},
				"east": {"uv": [12, 12, 16, 16], "texture": "#texture"},
				"south": {"uv": [12, 12, 16, 16], "texture": "#texture"},
				"west": {"uv": [12, 12, 16, 16], "texture": "#texture"},
				"up": {"uv": [12, 12, 16, 16], "texture": "#texture"},
				"down": {"uv": [12, 12, 16, 16], "texture": "#texture"}
			}
		},
		{
			"name": "panels13",
			"from": [3.25, 4.125, 1.125],
			"to": [4.25, 4.5, 14.875],
			"faces": {
				"north": {"uv": [12, 12, 16, 16], "texture": "#texture"},
				"east": {"uv": [12, 12, 16, 16], "texture": "#texture"},
				"south": {"uv": [12, 12, 16, 16], "texture": "#texture"},
				"west": {"uv": [12, 12, 16, 16], "texture": "#texture"},
				"up": {"uv": [12, 12, 16, 16], "texture": "#texture"},
				"down": {"uv": [12, 12, 16, 16], "texture": "#texture"}
			}
		},
		{
			"name": "panels14",
			"from": [6.25, 4.125, 1.125],
			"to": [7.25, 4.5, 14.875],
			"faces": {
				"north": {"uv": [12, 12, 16, 16], "texture": "#texture"},
				"east": {"uv": [12, 12, 16, 16], "texture": "#texture"},
				"south": {"uv": [12, 12, 16, 16], "texture": "#texture"},
				"west": {"uv": [12, 12, 16, 16], "texture": "#texture"},
				"up": {"uv": [12, 12, 16, 16], "texture": "#texture"},
				"down": {"uv": [12, 12, 16, 16], "texture": "#texture"}
			}
		},
		{
			"name": "panels15",
			"from": [4.25, 4.125, 1.125],
			"to": [6.25, 4.5, 2.125],
			"faces": {
				"north": {"uv": [12, 12, 16, 16], "texture": "#texture"},
				"east": {"uv": [12, 12, 16, 16], "texture": "#texture"},
				"south": {"uv": [12, 12, 16, 16], "texture": "#texture"},
				"west": {"uv": [12, 12, 16, 16], "texture": "#texture"},
				"up": {"uv": [12, 12, 16, 16], "texture": "#texture"},
				"down": {"uv": [12, 12, 16, 16], "texture": "#texture"}
			}
		},
		{
			"name": "panels16",
			"from": [4.25, 4.125, 13.875],
			"to": [6.25, 4.5, 14.875],
			"faces": {
				"north": {"uv": [12, 12, 16, 16], "texture": "#texture"},
				"east": {"uv": [12, 12, 16, 16], "texture": "#texture"},
				"south": {"uv": [12, 12, 16, 16], "texture": "#texture"},
				"west": {"uv": [12, 12, 16, 16], "texture": "#texture"},
				"up": {"uv": [12, 12, 16, 16], "texture": "#texture"},
				"down": {"uv": [12, 12, 16, 16], "texture": "#texture"}
			}
		},
		{
			"name": "panels17",
			"from": [4.25, 4.125, 10.625],
			"to": [6.25, 4.5, 11.625],
			"faces": {
				"north": {"uv": [12, 12, 16, 16], "texture": "#texture"},
				"east": {"uv": [12, 12, 16, 16], "texture": "#texture"},
				"south": {"uv": [12, 12, 16, 16], "texture": "#texture"},
				"west": {"uv": [12, 12, 16, 16], "texture": "#texture"},
				"up": {"uv": [12, 12, 16, 16], "texture": "#texture"},
				"down": {"uv": [12, 12, 16, 16], "texture": "#texture"}
			}
		},
		{
			"name": "panels18",
			"from": [4.25, 4.125, 7.5],
			"to": [6.25, 4.5, 8.5],
			"faces": {
				"north": {"uv": [12, 12, 16, 16], "texture": "#texture"},
				"east": {"uv": [12, 12, 16, 16], "texture": "#texture"},
				"south": {"uv": [12, 12, 16, 16], "texture": "#texture"},
				"west": {"uv": [12, 12, 16, 16], "texture": "#texture"},
				"up": {"uv": [12, 12, 16, 16], "texture": "#texture"},
				"down": {"uv": [12, 12, 16, 16], "texture": "#texture"}
			}
		},
		{
			"name": "panels19",
			"from": [4.25, 4.125, 4.25],
			"to": [6.25, 4.5, 5.25],
			"faces": {
				"north": {"uv": [12, 12, 16, 16], "texture": "#texture"},
				"east": {"uv": [12, 12, 16, 16], "texture": "#texture"},
				"south": {"uv": [12, 12, 16, 16], "texture": "#texture"},
				"west": {"uv": [12, 12, 16, 16], "texture": "#texture"},
				"up": {"uv": [12, 12, 16, 16], "texture": "#texture"},
				"down": {"uv": [12, 12, 16, 16], "texture": "#texture"}
			}
		},
		{
			"name": "panels20",
			"from": [4.375, 4.125, 2.25],
			"to": [6.125, 4.5, 4],
			"faces": {
				"north": {"uv": [12, 12, 16, 16], "texture": "#texture"},
				"east": {"uv": [12, 12, 16, 16], "texture": "#texture"},
				"south": {"uv": [12, 12, 16, 16], "texture": "#texture"},
				"west": {"uv": [12, 12, 16, 16], "texture": "#texture"},
				"up": {"uv": [12, 12, 16, 16], "texture": "#texture"},
				"down": {"uv": [12, 12, 16, 16], "texture": "#texture"}
			}
		},
		{
			"name": "panels21",
			"from": [4.375, 4.125, 5.5],
			"to": [6.125, 4.5, 7.25],
			"faces": {
				"north": {"uv": [12, 12, 16, 16], "texture": "#texture"},
				"east": {"uv": [12, 12, 16, 16], "texture": "#texture"},
				"south": {"uv": [12, 12, 16, 16], "texture": "#texture"},
				"west": {"uv": [12, 12, 16, 16], "texture": "#texture"},
				"up": {"uv": [12, 12, 16, 16], "texture": "#texture"},
				"down": {"uv": [12, 12, 16, 16], "texture": "#texture"}
			}
		},
		{
			"name": "panels22",
			"from": [4.375, 4.125, 8.675],
			"to": [6.125, 4.5, 10.425],
			"faces": {
				"north": {"uv": [12, 12, 16, 16], "texture": "#texture"},
				"east": {"uv": [12, 12, 16, 16], "texture": "#texture"},
				"south": {"uv": [12, 12, 16, 16], "texture": "#texture"},
				"west": {"uv": [12, 12, 16, 16], "texture": "#texture"},
				"up": {"uv": [12, 12, 16, 16], "texture": "#texture"},
				"down": {"uv": [12, 12, 16, 16], "texture": "#texture"}
			}
		},
		{
			"name": "panels22",
			"from": [4.375, 0, 8.625],
			"to": [6.125, 0.375, 10.375],
			"faces": {
				"north": {"uv": [12, 12, 16, 16], "texture": "#texture"},
				"east": {"uv": [12, 12, 16, 16], "texture": "#texture"},
				"south": {"uv": [12, 12, 16, 16], "texture": "#texture"},
				"west": {"uv": [12, 12, 16, 16], "texture": "#texture"},
				"up": {"uv": [12, 12, 16, 16], "texture": "#texture"},
				"down": {"uv": [12, 12, 16, 16], "texture": "#texture"}
			}
		},
		{
			"name": "panels",
			"from": [7.5, 0, 0.95],
			"to": [8.5, 0.375, 15.075],
			"faces": {
				"north": {"uv": [12, 12, 16, 16], "texture": "#texture"},
				"east": {"uv": [12, 12, 16, 16], "texture": "#texture"},
				"south": {"uv": [12, 12, 16, 16], "texture": "#texture"},
				"west": {"uv": [12, 12, 16, 16], "texture": "#texture"},
				"up": {"uv": [12, 12, 16, 16], "texture": "#texture"},
				"down": {"uv": [12, 12, 16, 16], "texture": "#texture"}
			}
		},
		{
			"name": "panels1",
			"from": [8.75, 0, 1.075],
			"to": [9.75, 0.375, 14.825],
			"faces": {
				"north": {"uv": [12, 12, 16, 16], "texture": "#texture"},
				"east": {"uv": [12, 12, 16, 16], "texture": "#texture"},
				"south": {"uv": [12, 12, 16, 16], "texture": "#texture"},
				"west": {"uv": [12, 12, 16, 16], "texture": "#texture"},
				"up": {"uv": [12, 12, 16, 16], "texture": "#texture"},
				"down": {"uv": [12, 12, 16, 16], "texture": "#texture"}
			}
		},
		{
			"name": "panels2",
			"from": [11.75, 0, 1.075],
			"to": [12.75, 0.375, 14.825],
			"faces": {
				"north": {"uv": [12, 12, 16, 16], "texture": "#texture"},
				"east": {"uv": [12, 12, 16, 16], "texture": "#texture"},
				"south": {"uv": [12, 12, 16, 16], "texture": "#texture"},
				"west": {"uv": [12, 12, 16, 16], "texture": "#texture"},
				"up": {"uv": [12, 12, 16, 16], "texture": "#texture"},
				"down": {"uv": [12, 12, 16, 16], "texture": "#texture"}
			}
		},
		{
			"name": "panels3",
			"from": [9.75, 0, 1.075],
			"to": [11.75, 0.375, 2.075],
			"faces": {
				"north": {"uv": [12, 12, 16, 16], "texture": "#texture"},
				"east": {"uv": [12, 12, 16, 16], "texture": "#texture"},
				"south": {"uv": [12, 12, 16, 16], "texture": "#texture"},
				"west": {"uv": [12, 12, 16, 16], "texture": "#texture"},
				"up": {"uv": [12, 12, 16, 16], "texture": "#texture"},
				"down": {"uv": [12, 12, 16, 16], "texture": "#texture"}
			}
		},
		{
			"name": "panels4",
			"from": [9.75, 0, 13.825],
			"to": [11.75, 0.375, 14.825],
			"faces": {
				"north": {"uv": [12, 12, 16, 16], "texture": "#texture"},
				"east": {"uv": [12, 12, 16, 16], "texture": "#texture"},
				"south": {"uv": [12, 12, 16, 16], "texture": "#texture"},
				"west": {"uv": [12, 12, 16, 16], "texture": "#texture"},
				"up": {"uv": [12, 12, 16, 16], "texture": "#texture"},
				"down": {"uv": [12, 12, 16, 16], "texture": "#texture"}
			}
		},
		{
			"name": "panels5",
			"from": [9.75, 0, 10.7],
			"to": [11.75, 0.375, 11.7],
			"faces": {
				"north": {"uv": [12, 12, 16, 16], "texture": "#texture"},
				"east": {"uv": [12, 12, 16, 16], "texture": "#texture"},
				"south": {"uv": [12, 12, 16, 16], "texture": "#texture"},
				"west": {"uv": [12, 12, 16, 16], "texture": "#texture"},
				"up": {"uv": [12, 12, 16, 16], "texture": "#texture"},
				"down": {"uv": [12, 12, 16, 16], "texture": "#texture"}
			}
		},
		{
			"name": "panels6",
			"from": [9.75, 0, 7.575],
			"to": [11.75, 0.375, 8.575],
			"faces": {
				"north": {"uv": [12, 12, 16, 16], "texture": "#texture"},
				"east": {"uv": [12, 12, 16, 16], "texture": "#texture"},
				"south": {"uv": [12, 12, 16, 16], "texture": "#texture"},
				"west": {"uv": [12, 12, 16, 16], "texture": "#texture"},
				"up": {"uv": [12, 12, 16, 16], "texture": "#texture"},
				"down": {"uv": [12, 12, 16, 16], "texture": "#texture"}
			}
		},
		{
			"name": "panels7",
			"from": [9.75, 0, 4.325],
			"to": [11.75, 0.375, 5.325],
			"faces": {
				"north": {"uv": [12, 12, 16, 16], "texture": "#texture"},
				"east": {"uv": [12, 12, 16, 16], "texture": "#texture"},
				"south": {"uv": [12, 12, 16, 16], "texture": "#texture"},
				"west": {"uv": [12, 12, 16, 16], "texture": "#texture"},
				"up": {"uv": [12, 12, 16, 16], "texture": "#texture"},
				"down": {"uv": [12, 12, 16, 16], "texture": "#texture"}
			}
		},
		{
			"name": "panels8",
			"from": [9.875, 0, 2.325],
			"to": [11.625, 0.375, 4.075],
			"faces": {
				"north": {"uv": [12, 12, 16, 16], "texture": "#texture"},
				"east": {"uv": [12, 12, 16, 16], "texture": "#texture"},
				"south": {"uv": [12, 12, 16, 16], "texture": "#texture"},
				"west": {"uv": [12, 12, 16, 16], "texture": "#texture"},
				"up": {"uv": [12, 12, 16, 16], "texture": "#texture"},
				"down": {"uv": [12, 12, 16, 16], "texture": "#texture"}
			}
		},
		{
			"name": "panels9",
			"from": [9.875, 0, 5.575],
			"to": [11.625, 0.375, 7.325],
			"faces": {
				"north": {"uv": [12, 12, 16, 16], "texture": "#texture"},
				"east": {"uv": [12, 12, 16, 16], "texture": "#texture"},
				"south": {"uv": [12, 12, 16, 16], "texture": "#texture"},
				"west": {"uv": [12, 12, 16, 16], "texture": "#texture"},
				"up": {"uv": [12, 12, 16, 16], "texture": "#texture"},
				"down": {"uv": [12, 12, 16, 16], "texture": "#texture"}
			}
		},
		{
			"name": "panels10",
			"from": [9.875, 0, 8.75],
			"to": [11.625, 0.375, 10.5],
			"faces": {
				"north": {"uv": [12, 12, 16, 16], "texture": "#texture"},
				"east": {"uv": [12, 12, 16, 16], "texture": "#texture"},
				"south": {"uv": [12, 12, 16, 16], "texture": "#texture"},
				"west": {"uv": [12, 12, 16, 16], "texture": "#texture"},
				"up": {"uv": [12, 12, 16, 16], "texture": "#texture"},
				"down": {"uv": [12, 12, 16, 16], "texture": "#texture"}
			}
		},
		{
			"name": "panels11",
			"from": [9.875, 0, 11.95],
			"to": [11.625, 0.375, 13.7],
			"faces": {
				"north": {"uv": [12, 12, 16, 16], "texture": "#texture"},
				"east": {"uv": [12, 12, 16, 16], "texture": "#texture"},
				"south": {"uv": [12, 12, 16, 16], "texture": "#texture"},
				"west": {"uv": [12, 12, 16, 16], "texture": "#texture"},
				"up": {"uv": [12, 12, 16, 16], "texture": "#texture"},
				"down": {"uv": [12, 12, 16, 16], "texture": "#texture"}
			}
		},
		{
			"name": "panels12",
			"from": [4.375, 0, 11.825],
			"to": [6.125, 0.375, 13.575],
			"faces": {
				"north": {"uv": [12, 12, 16, 16], "texture": "#texture"},
				"east": {"uv": [12, 12, 16, 16], "texture": "#texture"},
				"south": {"uv": [12, 12, 16, 16], "texture": "#texture"},
				"west": {"uv": [12, 12, 16, 16], "texture": "#texture"},
				"up": {"uv": [12, 12, 16, 16], "texture": "#texture"},
				"down": {"uv": [12, 12, 16, 16], "texture": "#texture"}
			}
		},
		{
			"name": "panels13",
			"from": [3.25, 0, 1.075],
			"to": [4.25, 0.375, 14.825],
			"faces": {
				"north": {"uv": [12, 12, 16, 16], "texture": "#texture"},
				"east": {"uv": [12, 12, 16, 16], "texture": "#texture"},
				"south": {"uv": [12, 12, 16, 16], "texture": "#texture"},
				"west": {"uv": [12, 12, 16, 16], "texture": "#texture"},
				"up": {"uv": [12, 12, 16, 16], "texture": "#texture"},
				"down": {"uv": [12, 12, 16, 16], "texture": "#texture"}
			}
		},
		{
			"name": "panels14",
			"from": [6.25, 0, 1.075],
			"to": [7.25, 0.375, 14.825],
			"faces": {
				"north": {"uv": [12, 12, 16, 16], "texture": "#texture"},
				"east": {"uv": [12, 12, 16, 16], "texture": "#texture"},
				"south": {"uv": [12, 12, 16, 16], "texture": "#texture"},
				"west": {"uv": [12, 12, 16, 16], "texture": "#texture"},
				"up": {"uv": [12, 12, 16, 16], "texture": "#texture"},
				"down": {"uv": [12, 12, 16, 16], "texture": "#texture"}
			}
		},
		{
			"name": "panels15",
			"from": [4.25, 0, 1.075],
			"to": [6.25, 0.375, 2.075],
			"faces": {
				"north": {"uv": [12, 12, 16, 16], "texture": "#texture"},
				"east": {"uv": [12, 12, 16, 16], "texture": "#texture"},
				"south": {"uv": [12, 12, 16, 16], "texture": "#texture"},
				"west": {"uv": [12, 12, 16, 16], "texture": "#texture"},
				"up": {"uv": [12, 12, 16, 16], "texture": "#texture"},
				"down": {"uv": [12, 12, 16, 16], "texture": "#texture"}
			}
		},
		{
			"name": "panels16",
			"from": [4.25, 0, 13.825],
			"to": [6.25, 0.375, 14.825],
			"faces": {
				"north": {"uv": [12, 12, 16, 16], "texture": "#texture"},
				"east": {"uv": [12, 12, 16, 16], "texture": "#texture"},
				"south": {"uv": [12, 12, 16, 16], "texture": "#texture"},
				"west": {"uv": [12, 12, 16, 16], "texture": "#texture"},
				"up": {"uv": [12, 12, 16, 16], "texture": "#texture"},
				"down": {"uv": [12, 12, 16, 16], "texture": "#texture"}
			}
		},
		{
			"name": "panels17",
			"from": [4.25, 0, 10.575],
			"to": [6.25, 0.375, 11.575],
			"faces": {
				"north": {"uv": [12, 12, 16, 16], "texture": "#texture"},
				"east": {"uv": [12, 12, 16, 16], "texture": "#texture"},
				"south": {"uv": [12, 12, 16, 16], "texture": "#texture"},
				"west": {"uv": [12, 12, 16, 16], "texture": "#texture"},
				"up": {"uv": [12, 12, 16, 16], "texture": "#texture"},
				"down": {"uv": [12, 12, 16, 16], "texture": "#texture"}
			}
		},
		{
			"name": "panels18",
			"from": [4.25, 0, 7.45],
			"to": [6.25, 0.375, 8.45],
			"faces": {
				"north": {"uv": [12, 12, 16, 16], "texture": "#texture"},
				"east": {"uv": [12, 12, 16, 16], "texture": "#texture"},
				"south": {"uv": [12, 12, 16, 16], "texture": "#texture"},
				"west": {"uv": [12, 12, 16, 16], "texture": "#texture"},
				"up": {"uv": [12, 12, 16, 16], "texture": "#texture"},
				"down": {"uv": [12, 12, 16, 16], "texture": "#texture"}
			}
		},
		{
			"name": "panels19",
			"from": [4.25, 0, 4.2],
			"to": [6.25, 0.375, 5.2],
			"faces": {
				"north": {"uv": [12, 12, 16, 16], "texture": "#texture"},
				"east": {"uv": [12, 12, 16, 16], "texture": "#texture"},
				"south": {"uv": [12, 12, 16, 16], "texture": "#texture"},
				"west": {"uv": [12, 12, 16, 16], "texture": "#texture"},
				"up": {"uv": [12, 12, 16, 16], "texture": "#texture"},
				"down": {"uv": [12, 12, 16, 16], "texture": "#texture"}
			}
		},
		{
			"name": "panels20",
			"from": [4.375, 0, 2.2],
			"to": [6.125, 0.375, 3.95],
			"faces": {
				"north": {"uv": [12, 12, 16, 16], "texture": "#texture"},
				"east": {"uv": [12, 12, 16, 16], "texture": "#texture"},
				"south": {"uv": [12, 12, 16, 16], "texture": "#texture"},
				"west": {"uv": [12, 12, 16, 16], "texture": "#texture"},
				"up": {"uv": [12, 12, 16, 16], "texture": "#texture"},
				"down": {"uv": [12, 12, 16, 16], "texture": "#texture"}
			}
		},
		{
			"name": "panels21",
			"from": [4.375, 0, 5.45],
			"to": [6.125, 0.375, 7.2],
			"faces": {
				"north": {"uv": [12, 12, 16, 16], "texture": "#texture"},
				"east": {"uv": [12, 12, 16, 16], "texture": "#texture"},
				"south": {"uv": [12, 12, 16, 16], "texture": "#texture"},
				"west": {"uv": [12, 12, 16, 16], "texture": "#texture"},
				"up": {"uv": [12, 12, 16, 16], "texture": "#texture"},
				"down": {"uv": [12, 12, 16, 16], "texture": "#texture"}
			}
		},
		{
			"name": "Box75",
			"from": [2.625, 1.125, 0.5],
			"to": [13.625, 3.375, 15.5],
			"faces": {
				"north": {"uv": [0, 0, 16, 11.5], "texture": "#texture"},
				"east": {"uv": [0, 0, 16, 11.5], "texture": "#texture"},
				"south": {"uv": [0, 0, 16, 11.5], "texture": "#texture"},
				"west": {"uv": [0, 0, 16, 11.5], "texture": "#texture"},
				"up": {"uv": [0, 0, 16, 0.5], "texture": "#texture"},
				"down": {"uv": [0, 11, 16, 11.5], "texture": "#texture"}
			}
		},
		{
			"name": "Box65",
			"from": [5.625, 1.375, 14.5],
			"to": [6.625, 1.376, 15.5],
			"rotation": {"angle": -22.5, "axis": "y", "origin": [5.625, 1.375, 14.5]},
			"faces": {
				"north": {"uv": [5.5, 14, 7.5, 16], "texture": "#texture"},
				"east": {"uv": [5.5, 14, 7.5, 16], "texture": "#texture"},
				"south": {"uv": [5.5, 14, 7.5, 16], "texture": "#texture"},
				"west": {"uv": [5.5, 14, 7.5, 16], "texture": "#texture"},
				"up": {"uv": [5.5, 14, 7.5, 16], "texture": "#texture"},
				"down": {"uv": [5.5, 14, 7.5, 16], "texture": "#texture"}
			}
		},
		{
			"name": "Box65",
			"from": [13, 2.875, 14.625],
			"to": [14, 2.876, 15.625],
			"rotation": {"angle": -22.5, "axis": "y", "origin": [13, 2.875, 14.625]},
			"faces": {
				"north": {"uv": [5.5, 14, 7.5, 16], "texture": "#texture"},
				"east": {"uv": [5.5, 14, 7.5, 16], "texture": "#texture"},
				"south": {"uv": [5.5, 14, 7.5, 16], "texture": "#texture"},
				"west": {"uv": [5.5, 14, 7.5, 16], "texture": "#texture"},
				"up": {"uv": [5.5, 14, 7.5, 16], "rotation": 90, "texture": "#texture"},
				"down": {"uv": [5.5, 14, 7.5, 16], "rotation": 270, "texture": "#texture"}
			}
		},
		{
			"name": "Box65",
			"from": [5.375, 1.125, 0],
			"to": [6.375, 1.126, 1],
			"rotation": {"angle": 22.5, "axis": "y", "origin": [6.375, 1.125, 0]},
			"faces": {
				"north": {"uv": [5.5, 14, 7.5, 16], "texture": "#texture"},
				"east": {"uv": [5.5, 14, 7.5, 16], "texture": "#texture"},
				"south": {"uv": [5.5, 14, 7.5, 16], "texture": "#texture"},
				"west": {"uv": [5.5, 14, 7.5, 16], "texture": "#texture"},
				"up": {"uv": [5.5, 14, 7.5, 16], "rotation": 90, "texture": "#texture"},
				"down": {"uv": [5.5, 14, 7.5, 16], "rotation": 270, "texture": "#texture"}
			}
		},
		{
			"name": "Box65",
			"from": [10.5, 2.625, 0],
			"to": [11.5, 2.626, 1],
			"rotation": {"angle": 22.5, "axis": "y", "origin": [11.5, 2.625, 0]},
			"faces": {
				"north": {"uv": [5.5, 14, 7.5, 16], "texture": "#texture"},
				"east": {"uv": [5.5, 14, 7.5, 16], "texture": "#texture"},
				"south": {"uv": [5.5, 14, 7.5, 16], "texture": "#texture"},
				"west": {"uv": [5.5, 14, 7.5, 16], "texture": "#texture"},
				"up": {"uv": [5.5, 14, 7.5, 16], "rotation": 90, "texture": "#texture"},
				"down": {"uv": [5.5, 14, 7.5, 16], "rotation": 270, "texture": "#texture"}
			}
		},
		{
			"name": "Box65",
			"from": [12.5, 2.5, 4],
			"to": [13.5, 2.501, 5],
			"rotation": {"angle": 22.5, "axis": "y", "origin": [13.5, 2.5, 4]},
			"faces": {
				"north": {"uv": [5.5, 14, 7.5, 16], "texture": "#texture"},
				"east": {"uv": [5.5, 14, 7.5, 16], "texture": "#texture"},
				"south": {"uv": [5.5, 14, 7.5, 16], "texture": "#texture"},
				"west": {"uv": [5.5, 14, 7.5, 16], "texture": "#texture"},
				"up": {"uv": [5.5, 14, 7.5, 16], "rotation": 90, "texture": "#texture"},
				"down": {"uv": [5.5, 14, 7.5, 16], "rotation": 270, "texture": "#texture"}
			}
		},
		{
			"name": "Box65",
			"from": [13.1739, 1.75, 9.7423],
			"to": [14.1739, 1.751, 10.7423],
			"rotation": {"angle": -45, "axis": "y", "origin": [14.1739, 1.75, 9.7423]},
			"faces": {
				"north": {"uv": [5.5, 14, 7.5, 16], "texture": "#texture"},
				"east": {"uv": [5.5, 14, 7.5, 16], "texture": "#texture"},
				"south": {"uv": [5.5, 14, 7.5, 16], "texture": "#texture"},
				"west": {"uv": [5.5, 14, 7.5, 16], "texture": "#texture"},
				"up": {"uv": [5.5, 14, 7.5, 16], "rotation": 90, "texture": "#texture"},
				"down": {"uv": [5.5, 14, 7.5, 16], "rotation": 270, "texture": "#texture"}
			}
		}
	],
	"display": {
		"thirdperson_righthand": {
			"rotation": [-73, 0, 92],
			"translation": [-2.75, -0.25, -0.25],
			"scale": [0.5, 0.5, 0.5]
		},
		"thirdperson_lefthand": {
			"rotation": [102, 0, 92],
			"translation": [-3, 0, -0.75],
			"scale": [0.5, 0.5, 0.5]
		},
		"firstperson_righthand": {
			"rotation": [75, 6, 0],
			"translation": [2, 3, 0],
			"scale": [0.75, 0.75, 0.75]
		},
		"firstperson_lefthand": {
			"rotation": [75, 6, 0],
			"translation": [2, 3, 0],
			"scale": [0.75, 0.75, 0.75]
		},
		"ground": {
			"translation": [0, 2, 0],
			"scale": [0.5, 0.5, 0.5]
		},
		"gui": {
			"rotation": [59, -13, 2],
			"translation": [0, 2.25, 0],
			"scale": [0.75, 0.75, 0.75]
		},
		"head": {
			"rotation": [92, 0, 0],
			"translation": [0, 0, -3.5]
		},
		"fixed": {
			"rotation": [-90, 0, 180],
			"translation": [0, 0, 3.5]
		}
	}
}