{
	"credit": "Made with Blockbench",
	"textures": {
		"1": "./guitar"
	},
	"elements": [
		{
			"from": [6, 0, 0],
			"to": [10, 1, 1],
			"faces": {
				"north": {"uv": [1.5, 13, 3.5, 13.5], "texture": "#1"},
				"east": {"uv": [1.5, 13, 2, 13.5], "rotation": 270, "texture": "#1"},
				"south": {"uv": [1.5, 13, 3.5, 13.5], "texture": "#1"},
				"west": {"uv": [3, 13, 3.5, 13.5], "rotation": 90, "texture": "#1"},
				"up": {"uv": [7, 13, 9, 13.5], "rotation": 180, "texture": "#1"},
				"down": {"uv": [1.5, 13, 3.5, 13.5], "texture": "#1"}
			}
		},
		{
			"from": [4, 0, 1],
			"to": [12, 1, 3],
			"faces": {
				"north": {"uv": [0.5, 12.5, 4.5, 13], "texture": "#1"},
				"east": {"uv": [0.5, 12, 1, 13], "rotation": 270, "texture": "#1"},
				"south": {"uv": [0.5, 12, 4.5, 12.5], "texture": "#1"},
				"west": {"uv": [4, 12, 4.5, 13], "rotation": 90, "texture": "#1"},
				"up": {"uv": [6, 12, 10, 13], "rotation": 180, "texture": "#1"},
				"down": {"uv": [0.5, 12, 4.5, 13], "texture": "#1"}
			}
		},
		{
			"from": [3.25, 0, 3],
			"to": [12.75, 1, 7],
			"faces": {
				"north": {"uv": [0, 11.5, 5, 12], "texture": "#1"},
				"east": {"uv": [0, 10, 0.5, 12], "rotation": 270, "texture": "#1"},
				"south": {"uv": [0, 10, 5, 10.5], "texture": "#1"},
				"west": {"uv": [4.5, 10, 5, 12], "rotation": 90, "texture": "#1"},
				"up": {"uv": [5.5, 10, 10.5, 12], "rotation": 180, "texture": "#1"},
				"down": {"uv": [0, 10, 5, 12], "texture": "#1"}
			}
		},
		{
			"from": [4, 0, 7],
			"to": [12, 1, 9],
			"faces": {
				"north": {"uv": [0.5, 9.5, 4.5, 10], "texture": "#1"},
				"east": {"uv": [0.5, 9, 1, 10], "rotation": 270, "texture": "#1"},
				"south": {"uv": [0.5, 9, 4.5, 9.5], "texture": "#1"},
				"west": {"uv": [4, 9, 4.5, 10], "rotation": 90, "texture": "#1"},
				"up": {"uv": [6, 9, 10, 10], "rotation": 180, "texture": "#1"},
				"down": {"uv": [0.5, 9, 4.5, 10], "texture": "#1"}
			}
		},
		{
			"from": [3.25, 0, 9],
			"to": [12.75, 1, 12],
			"faces": {
				"north": {"uv": [0, 8.5, 5, 9], "texture": "#1"},
				"east": {"uv": [0, 7.5, 0.5, 9], "rotation": 270, "texture": "#1"},
				"south": {"uv": [0, 7.5, 5, 8], "texture": "#1"},
				"west": {"uv": [4.5, 7.5, 5, 9], "rotation": 90, "texture": "#1"},
				"up": {"uv": [5.5, 7.5, 10.5, 9], "rotation": 180, "texture": "#1"},
				"down": {"uv": [0, 7.5, 5, 9], "texture": "#1"}
			}
		},
		{
			"from": [9, 0, 14],
			"to": [11, 1, 15],
			"rotation": {"angle": 0, "axis": "y", "origin": [7, 8, 8]},
			"faces": {
				"north": {"uv": [2, 6, 3, 6.5], "texture": "#1"},
				"east": {"uv": [1.75, 6.25, 2.25, 6.75], "rotation": 270, "texture": "#1"},
				"south": {"uv": [2, 6.25, 3, 6.75], "texture": "#1"},
				"west": {"uv": [1, 6, 1.5, 6.5], "rotation": 90, "texture": "#1"},
				"up": {"uv": [2, 6.25, 3, 6.75], "rotation": 180, "texture": "#1"},
				"down": {"uv": [1.75, 6.25, 2.75, 6.75], "texture": "#1"}
			}
		},
		{
			"from": [4, 0, 12],
			"to": [12, 1, 14],
			"faces": {
				"north": {"uv": [0.5, 7, 4.5, 7.5], "texture": "#1"},
				"east": {"uv": [0.5, 6.5, 1, 7.5], "rotation": 270, "texture": "#1"},
				"south": {"uv": [0.5, 6.5, 4.5, 7], "texture": "#1"},
				"west": {"uv": [4, 6.5, 4.5, 7.5], "rotation": 90, "texture": "#1"},
				"up": {"uv": [6, 6.5, 10, 7.5], "rotation": 180, "texture": "#1"},
				"down": {"uv": [0.5, 6.5, 4.5, 7.5], "texture": "#1"}
			}
		},
		{
			"from": [5, 0, 14],
			"to": [7, 1, 15],
			"faces": {
				"north": {"uv": [3.5, 6, 4, 6.5], "texture": "#1"},
				"east": {"uv": [3.5, 6, 4, 6.5], "rotation": 270, "texture": "#1"},
				"south": {"uv": [3.5, 6, 4, 6.5], "texture": "#1"},
				"west": {"uv": [3.5, 6, 4, 6.5], "rotation": 90, "texture": "#1"},
				"up": {"uv": [9, 6, 9.5, 6.5], "rotation": 180, "texture": "#1"},
				"down": {"uv": [3.5, 6, 4, 6.5], "texture": "#1"}
			}
		},
		{
			"from": [7, 0.5, 14],
			"to": [9, 1.5, 26],
			"faces": {
				"north": {"uv": [2, 6, 3, 6.5], "texture": "#1"},
				"east": {"uv": [2.5, 1.5, 3, 6.5], "rotation": 270, "texture": "#1"},
				"south": {"uv": [2, 1.5, 3, 2], "texture": "#1"},
				"west": {"uv": [2, 1.5, 2.5, 6.5], "rotation": 90, "texture": "#1"},
				"up": {"uv": [7.5, 1.5, 8.5, 6.5], "rotation": 180, "texture": "#1"},
				"down": {"uv": [2, 1.5, 3, 6.5], "texture": "#1"}
			}
		},
		{
			"from": [6.5, 0.5, 26],
			"to": [9.5, 1.5, 29],
			"rotation": {"angle": 22.5, "axis": "x", "origin": [8, 1.5, 26]},
			"faces": {
				"north": {"uv": [1.75, 1, 3.25, 1.5], "texture": "#1"},
				"east": {"uv": [2.75, 0, 3.25, 1.5], "rotation": 270, "texture": "#1"},
				"south": {"uv": [1.75, 0, 3.25, 0.5], "texture": "#1"},
				"west": {"uv": [1.75, 0, 2.25, 1.5], "rotation": 90, "texture": "#1"},
				"up": {"uv": [7.25, 0, 8.75, 1.5], "rotation": 180, "texture": "#1"},
				"down": {"uv": [1.75, 0, 3.25, 1.5], "texture": "#1"}
			}
		},
		{
			"from": [7, 1, 4],
			"to": [9, 1.5, 5],
			"faces": {
				"north": {"uv": [12.75, 11.75, 13.75, 12], "texture": "#1"},
				"east": {"uv": [12.75, 11.5, 13, 12], "texture": "#1"},
				"south": {"uv": [12.75, 11.75, 13.75, 12], "texture": "#1"},
				"west": {"uv": [12.75, 11.5, 13, 12], "texture": "#1"},
				"up": {"uv": [12.75, 11.5, 13.75, 12], "texture": "#1"},
				"down": {"uv": [12.5, 11.5, 13.5, 12], "texture": "#1"}
			}
		},
		{
			"from": [9, 1, 4],
			"to": [9.25, 1.25, 5],
			"rotation": {"angle": 0, "axis": "y", "origin": [8.25, 8, 8]},
			"faces": {
				"north": {"uv": [12.5, 11.5, 13.5, 11.75], "texture": "#1"},
				"east": {"uv": [12.75, 11.5, 13, 12], "texture": "#1"},
				"south": {"uv": [13, 11.5, 14, 11.75], "texture": "#1"},
				"west": {"uv": [12.75, 11.5, 13, 12], "texture": "#1"},
				"up": {"uv": [12.75, 11.5, 13.75, 12], "texture": "#1"},
				"down": {"uv": [12.5, 11.5, 13.5, 12], "texture": "#1"}
			}
		},
		{
			"from": [6.75, 1, 4],
			"to": [7, 1.25, 5],
			"rotation": {"angle": 0, "axis": "y", "origin": [6, 8, 8]},
			"faces": {
				"north": {"uv": [13, 11.5, 14, 11.75], "texture": "#1"},
				"east": {"uv": [12.5, 11.5, 12.75, 12], "texture": "#1"},
				"south": {"uv": [13, 11.5, 14, 11.75], "texture": "#1"},
				"west": {"uv": [12.5, 11.5, 12.75, 12], "texture": "#1"},
				"up": {"uv": [13, 11.75, 13.5, 12], "texture": "#1"},
				"down": {"uv": [12.75, 11.5, 13.75, 12], "texture": "#1"}
			}
		},
		{
			"from": [7.1, 1.5, 4.5],
			"to": [7.3, 1.7, 26],
			"faces": {
				"north": {"uv": [15.75, 0, 15.95, 0.2], "texture": "#1"},
				"east": {"uv": [15.75, 0, 16, 16], "rotation": 90, "texture": "#1"},
				"south": {"uv": [15.75, 0, 15.95, 0.2], "texture": "#1"},
				"west": {"uv": [15.75, 0, 16, 16], "rotation": 90, "texture": "#1"},
				"up": {"uv": [15.75, 0, 16, 16], "rotation": 90, "texture": "#1"},
				"down": {"uv": [15.75, 0, 16, 16], "rotation": 90, "texture": "#1"}
			}
		},
		{
			"from": [7.5, 1.5, 4.5],
			"to": [7.7, 1.7, 26],
			"faces": {
				"north": {"uv": [15.75, 0, 15.95, 0.2], "texture": "#1"},
				"east": {"uv": [15.75, 0, 16, 16], "rotation": 90, "texture": "#1"},
				"south": {"uv": [15.75, 0, 15.95, 0.2], "texture": "#1"},
				"west": {"uv": [15.75, 0, 16, 16], "rotation": 90, "texture": "#1"},
				"up": {"uv": [15.75, 0, 16, 16], "rotation": 90, "texture": "#1"},
				"down": {"uv": [15.75, 0, 16, 16], "rotation": 90, "texture": "#1"}
			}
		},
		{
			"from": [7.9, 1.5, 4.5],
			"to": [8.1, 1.7, 26],
			"faces": {
				"north": {"uv": [15.75, 0, 15.95, 0.2], "texture": "#1"},
				"east": {"uv": [15.75, 0, 16, 16], "rotation": 90, "texture": "#1"},
				"south": {"uv": [15.75, 0, 15.95, 0.2], "texture": "#1"},
				"west": {"uv": [15.75, 0, 16, 16], "rotation": 90, "texture": "#1"},
				"up": {"uv": [15.75, 0, 16, 16], "rotation": 90, "texture": "#1"},
				"down": {"uv": [15.75, 0, 16, 16], "rotation": 90, "texture": "#1"}
			}
		},
		{
			"from": [8.3, 1.5, 4.5],
			"to": [8.5, 1.7, 26],
			"faces": {
				"north": {"uv": [15.75, 0, 15.95, 0.2], "texture": "#1"},
				"east": {"uv": [15.75, 0, 16, 16], "rotation": 90, "texture": "#1"},
				"south": {"uv": [15.75, 0, 15.95, 0.2], "texture": "#1"},
				"west": {"uv": [15.75, 0, 16, 16], "rotation": 90, "texture": "#1"},
				"up": {"uv": [15.75, 0, 16, 16], "rotation": 90, "texture": "#1"},
				"down": {"uv": [15.75, 0, 16, 16], "rotation": 90, "texture": "#1"}
			}
		},
		{
			"from": [8.7, 1.5, 4.5],
			"to": [8.9, 1.7, 26],
			"faces": {
				"north": {"uv": [15.75, 0, 15.95, 0.2], "texture": "#1"},
				"east": {"uv": [15.75, 0, 16, 16], "rotation": 90, "texture": "#1"},
				"south": {"uv": [15.75, 0, 15.95, 0.2], "texture": "#1"},
				"west": {"uv": [15.75, 0, 16, 16], "rotation": 90, "texture": "#1"},
				"up": {"uv": [15.75, 0, 16, 16], "rotation": 90, "texture": "#1"},
				"down": {"uv": [15.75, 0, 16, 16], "rotation": 90, "texture": "#1"}
			}
		}
	],
	"display": {
		"thirdperson_righthand": {
			"rotation": [-84, -180, -80],
			"translation": [-6.75, 13, 2]
		},
		"thirdperson_lefthand": {
			"rotation": [70, 100, -80],
			"translation": [-11, 5.25, 0.5]
		},
		"firstperson_righthand": {
			"rotation": [-114, -180, -80],
			"translation": [-5.5, 8, -3.5]
		},
		"firstperson_lefthand": {
			"rotation": [-49, 86, -21],
			"translation": [-15.75, 3.75, -4.5]
		},
		"ground": {
			"rotation": [-60, 0, 0],
			"translation": [0, 5, -6],
			"scale": [0.75, 0.75, 0.75]
		},
		"gui": {
			"rotation": [-90, 45, 180],
			"translation": [-2.5, -2.5, 0],
			"scale": [0.65, 0.65, 0.65]
		},
		"head": {
			"rotation": [0, -90, 0],
			"translation": [0, 8, 0],
			"scale": [2, 2, 2]
		},
		"fixed": {
			"rotation": [-80, 0, 0],
			"translation": [0.5, 1.25, -20],
			"scale": [2, 2, 2]
		}
	},
	"groups": [
		{
			"name": "group",
			"origin": [8, 8, 8],
			"children": [0, 1, 2, 3, 4, 5, 6, 7, 8, 9, 10, 11, 12, 13, 14, 15, 16, 17]
		}
	]
}