{
	"credit": "Made with Blockbench",
	"textures": {
		"0": "./yshanka",
		"1": "./meh",
		"particle": "./yshanka"
	},
	"elements": [
		{
			"from": [3, 0, 6],
			"to": [4, 3, 10],
			"rotation": {"angle": 0, "axis": "y", "origin": [11, 8, 15]},
			"faces": {
				"north": {"uv": [0, 13, 1, 16], "texture": "#1"},
				"east": {"uv": [0, 0, 4, 3], "texture": "#1"},
				"south": {"uv": [0, 13, 1, 16], "texture": "#1"},
				"west": {"uv": [12, 13, 16, 16], "texture": "#1"},
				"up": {"uv": [0, 0, 1, 4], "texture": "#0"},
				"down": {"uv": [0, 0, 1, 4], "texture": "#1"}
			}
		},
		{
			"from": [12, 0, 6],
			"to": [13, 3, 10],
			"rotation": {"angle": 0, "axis": "y", "origin": [20, 8, 15]},
			"faces": {
				"north": {"uv": [0, 13, 1, 16], "texture": "#1"},
				"east": {"uv": [12, 13, 16, 16], "texture": "#1"},
				"south": {"uv": [0, 13, 1, 16], "texture": "#1"},
				"west": {"uv": [0, 0, 4, 3], "texture": "#1"},
				"up": {"uv": [0, 0, 1, 4], "texture": "#0"},
				"down": {"uv": [0, 0, 1, 4], "texture": "#1"}
			}
		},
		{
			"from": [12, 3, 4.25],
			"to": [13, 6, 12.25],
			"rotation": {"angle": 0, "axis": "y", "origin": [20, 11, 15.25]},
			"faces": {
				"north": {"uv": [0, 13, 1, 16], "texture": "#1"},
				"east": {"uv": [0, 13, 8, 16], "texture": "#1"},
				"south": {"uv": [0, 11, 1, 14], "texture": "#1"},
				"west": {"uv": [0, 0, 8, 3], "texture": "#1"},
				"up": {"uv": [0, 0, 1, 8], "texture": "#0"},
				"down": {"uv": [0, 11, 1, 16], "texture": "#1"}
			}
		},
		{
			"from": [3, 3, 4.25],
			"to": [4, 6, 12.25],
			"rotation": {"angle": 0, "axis": "y", "origin": [11, 11, 15.25]},
			"faces": {
				"north": {"uv": [0, 13, 1, 16], "texture": "#1"},
				"east": {"uv": [0, 0, 8, 3], "texture": "#1"},
				"south": {"uv": [0, 11, 1, 14], "texture": "#1"},
				"west": {"uv": [0, 10, 8, 13], "texture": "#1"},
				"up": {"uv": [0, 0, 1, 8], "texture": "#0"},
				"down": {"uv": [0, 0, 1, 8], "texture": "#1"}
			}
		},
		{
			"from": [3, 6, 3.5],
			"to": [13, 10, 12.25],
			"rotation": {"angle": 0, "axis": "y", "origin": [11, 14, 15.25]},
			"faces": {
				"north": {"uv": [0, 6, 10, 10], "texture": "#0"},
				"east": {"uv": [0, 0, 8.75, 4], "texture": "#0"},
				"south": {"uv": [0, 0, 10, 4], "texture": "#0"},
				"west": {"uv": [0, 0, 8.75, 4], "texture": "#0"},
				"up": {"uv": [10, 0, 16, 8.75], "texture": "#0"},
				"down": {"uv": [0, 0, 10, 7.75], "texture": "#0"}
			}
		},
		{
			"from": [5.5, 6, 2.75],
			"to": [10.5, 9.5, 3.5],
			"rotation": {"angle": 0, "axis": "y", "origin": [11, 14, 6.5]},
			"faces": {
				"north": {"uv": [0, 0, 5, 3.5], "texture": "#1"},
				"east": {"uv": [0, 0, 0.75, 3.5], "texture": "#1"},
				"south": {"uv": [0, 0, 5, 3.5], "texture": "#1"},
				"west": {"uv": [0, 0, 0.75, 3.5], "texture": "#1"},
				"up": {"uv": [0, 0, 5, 0.75], "texture": "#1"},
				"down": {"uv": [0, 0, 5, 0.75], "texture": "#1"}
			}
		},
		{
			"from": [3.5, 6, 2.75],
			"to": [12.5, 8.75, 3.5],
			"rotation": {"angle": 0, "axis": "y", "origin": [11, 14, 6.5]},
			"faces": {
				"north": {"uv": [0, 0, 9, 2.75], "texture": "#1"},
				"east": {"uv": [0, 0, 0.75, 2.75], "texture": "#1"},
				"south": {"uv": [0, 0, 9, 2.75], "texture": "#1"},
				"west": {"uv": [0, 0, 0.75, 2.75], "texture": "#1"},
				"up": {"uv": [0, 0, 9, 0.75], "texture": "#1"},
				"down": {"uv": [0, 0, 9, 0.75], "texture": "#1"}
			}
		},
		{
			"from": [5, 6, 3.5],
			"to": [11, 10.25, 12.25],
			"rotation": {"angle": 0, "axis": "y", "origin": [11, 14, 15.25]},
			"faces": {
				"north": {"uv": [0, 0, 6, 4.25], "texture": "#0"},
				"east": {"uv": [0, 0, 8.75, 4.25], "texture": "#0"},
				"south": {"uv": [0, 0, 6, 4.25], "texture": "#0"},
				"west": {"uv": [0, 0, 8.75, 4.25], "texture": "#0"},
				"up": {"uv": [10, 0, 16, 8.75], "texture": "#0"},
				"down": {"uv": [0, 0, 6, 7.75], "texture": "#0"}
			}
		},
		{
			"from": [4, 3, 11.5],
			"to": [12, 6, 12.25],
			"rotation": {"angle": 0, "axis": "y", "origin": [11, 11, 15.25]},
			"faces": {
				"north": {"uv": [0, 0, 8, 3], "texture": "#1"},
				"east": {"uv": [0, 0, 0.75, 3], "texture": "#0"},
				"south": {"uv": [8, 10, 16, 13], "texture": "#0"},
				"west": {"uv": [0, 0, 0.75, 3], "texture": "#0"},
				"up": {"uv": [0, 0, 8, 0.75], "texture": "#0"},
				"down": {"uv": [0, 8, 8, 8.75], "texture": "#0"}
			}
		}
	],
	"display": {
		"thirdperson_righthand": {
			"rotation": [0, 85, 0],
			"translation": [1.25, 0, -2.75],
			"scale": [0.8, 0.8, 0.8]
		},
		"thirdperson_lefthand": {
			"rotation": [0, 86, 0],
			"translation": [1.5, 0, -2.5],
			"scale": [0.8, 0.8, 0.8]
		},
		"firstperson_righthand": {
			"rotation": [-30, 81, 0],
			"translation": [0.25, 2.25, 0]
		},
		"firstperson_lefthand": {
			"rotation": [-30, 81, 0],
			"translation": [-1, 2.25, 0]
		},
		"ground": {
			"translation": [0, 5, 0]
		},
		"gui": {
			"rotation": [16, 136, 0],
			"translation": [0.25, 2.75, 0]
		},
		"head": {
			"translation": [0, 4.75, 0.25],
			"scale": [1.5, 1.5, 1.5]
		},
		"fixed": {
			"rotation": [-24, 0, 0],
			"translation": [0, 1.75, -4.5],
			"scale": [1.3, 1.3, 1.3]
		}
	}
}