{
	"credit": "Made with Mr_JSPA",
	"textures": {
		"0": "./Frog_Eyes",
		"1": "./lily_pad",
		"2": "./texture",
		"particle": "./Frog_Eyes"
	},
	"elements": [
		{
			"from": [4.25, 1.25, 2.75],
			"to": [11.25, 6.25, 11.75],
			"faces": {
				"north": {"uv": [10.5, 2.5, 14, 5], "texture": "#2"},
				"east": {"uv": [7, 9, 11.5, 11.5], "texture": "#2"},
				"south": {"uv": [10.5, 5, 14, 7.5], "texture": "#2"},
				"west": {"uv": [10.5, 0, 15, 2.5], "texture": "#2"},
				"up": {"uv": [10.5, 4.5, 7, 0], "texture": "#2"},
				"down": {"uv": [10.5, 4.5, 7, 9], "texture": "#2"}
			}
		},
		{
			"from": [2.75, 0.25, 3],
			"to": [4.75, 3.25, 6],
			"faces": {
				"north": {"uv": [3, 14, 4, 15.5], "texture": "#2"},
				"east": {"uv": [13, 9, 14.5, 10.5], "texture": "#2"},
				"south": {"uv": [4, 14, 5, 15.5], "texture": "#2"},
				"west": {"uv": [10.5, 13, 12, 14.5], "texture": "#2"},
				"up": {"uv": [15, 5.5, 14, 4], "texture": "#2"},
				"down": {"uv": [6, 14, 5, 15.5], "texture": "#2"}
			}
		},
		{
			"from": [0.75, 0.25, 0],
			"to": [14.75, 0.25, 14],
			"faces": {
				"north": {"uv": [0, 0, 7, 0], "texture": "#2"},
				"east": {"uv": [0, 0, 7, 0], "texture": "#2"},
				"south": {"uv": [0, 0, 7, 0], "texture": "#2"},
				"west": {"uv": [0, 0, 7, 0], "texture": "#2"},
				"up": {"uv": [7, 7, 0, 0], "texture": "#2"},
				"down": {"uv": [7, 7, 0, 14], "texture": "#2"}
			}
		},
		{
			"from": [2.5, 0.25, 9],
			"to": [5.5, 3.25, 13],
			"faces": {
				"north": {"uv": [1.5, 14, 3, 15.5], "texture": "#2"},
				"east": {"uv": [10.5, 11.5, 12.5, 13], "texture": "#2"},
				"south": {"uv": [14, 2.5, 15.5, 4], "texture": "#2"},
				"west": {"uv": [12.5, 7.5, 14.5, 9], "texture": "#2"},
				"up": {"uv": [14, 13, 12.5, 11], "texture": "#2"},
				"down": {"uv": [8.5, 13, 7, 15], "texture": "#2"}
			}
		},
		{
			"from": [4.25, 6.25, 3.75],
			"to": [7.25, 8.25, 6.75],
			"faces": {
				"north": {"uv": [0, 6, 3, 8], "texture": "#0"},
				"east": {"uv": [6, 0, 9, 2], "texture": "#0"},
				"south": {"uv": [6, 2, 9, 4], "texture": "#0"},
				"west": {"uv": [3, 6, 6, 8], "texture": "#0"},
				"up": {"uv": [3, 3, 0, 0], "texture": "#0"},
				"down": {"uv": [3, 3, 0, 6], "texture": "#0"}
			}
		},
		{
			"from": [8.25, 6.25, 3.75],
			"to": [11.25, 8.25, 6.75],
			"faces": {
				"north": {"uv": [6, 4, 9, 6], "texture": "#0"},
				"east": {"uv": [6, 6, 9, 8], "texture": "#0"},
				"south": {"uv": [0, 8, 3, 10], "texture": "#0"},
				"west": {"uv": [3, 8, 6, 10], "texture": "#0"},
				"up": {"uv": [6, 3, 3, 0], "texture": "#0"},
				"down": {"uv": [6, 3, 3, 6], "texture": "#0"}
			}
		},
		{
			"from": [10.25, 0.25, 9],
			"to": [13.25, 3.25, 13],
			"faces": {
				"north": {"uv": [1.5, 14, 3, 15.5], "texture": "#2"},
				"east": {"uv": [10.5, 11.5, 12.5, 13], "texture": "#2"},
				"south": {"uv": [14, 2.5, 15.5, 4], "texture": "#2"},
				"west": {"uv": [12.5, 7.5, 14.5, 9], "texture": "#2"},
				"up": {"uv": [14, 13, 12.5, 11], "texture": "#2"},
				"down": {"uv": [8.5, 13, 7, 15], "texture": "#2"}
			}
		},
		{
			"from": [10.5, 0.25, 3],
			"to": [12.5, 3.25, 6],
			"faces": {
				"north": {"uv": [3, 14, 4, 15.5], "texture": "#2"},
				"east": {"uv": [13, 9, 14.5, 10.5], "texture": "#2"},
				"south": {"uv": [4, 14, 5, 15.5], "texture": "#2"},
				"west": {"uv": [10.5, 13, 12, 14.5], "texture": "#2"},
				"up": {"uv": [15, 5.5, 14, 4], "texture": "#2"},
				"down": {"uv": [6, 14, 5, 15.5], "texture": "#2"}
			}
		},
		{
			"from": [-2, 0, -1.5],
			"to": [17, 0, 17.5],
			"rotation": {"angle": 0, "axis": "y", "origin": [7.5, 0, 7.5]},
			"faces": {
				"north": {"uv": [0, 0, 16, 0], "texture": "#1"},
				"east": {"uv": [0, 0, 16, 0], "texture": "#1"},
				"south": {"uv": [0, 0, 16, 0], "texture": "#1"},
				"west": {"uv": [0, 0, 16, 0], "texture": "#1"},
				"up": {"uv": [1, 0, 16, 16], "texture": "#1"},
				"down": {"uv": [1, 0, 16, 16], "rotation": 180, "texture": "#1"}
			}
		}
	],
	"display": {
		"thirdperson_righthand": {
			"rotation": [0, 45, 0],
			"translation": [0.25, 5.75, 1.25],
			"scale": [0.69, 0.69, 0.69]
		},
		"thirdperson_lefthand": {
			"rotation": [0, 53, 0],
			"translation": [0.25, 5.75, 1.5],
			"scale": [0.69, 0.69, 0.69]
		},
		"firstperson_righthand": {
			"rotation": [-172.5, 32.75, -180],
			"translation": [0, 7, -5.25]
		},
		"firstperson_lefthand": {
			"rotation": [0, 116, 0],
			"translation": [5, 5.25, -6.25]
		},
		"ground": {
			"translation": [0, 0.25, 0],
			"scale": [0.46875, 0.46875, 0.46875]
		},
		"gui": {
			"rotation": [-146, 30.5, -180],
			"translation": [0, 4.5, 0],
			"scale": [0.8, 0.8, 0.8]
		},
		"head": {
			"rotation": [0, -20.25, 0],
			"translation": [1, 15.5, -0.5],
			"scale": [1.13281, 1.13281, 1.13281]
		},
		"fixed": {
			"rotation": [-90, 0, 0],
			"translation": [0, 0, -12],
			"scale": [1.58008, 1.58008, 1.58008]
		}
	},
	"groups": [
		{
			"name": "Frog",
			"origin": [0, 0, 0],
			"color": 0,
			"children": [0, 1, 2, 3, 4, 5, 6, 7]
		},
		{
			"name": "group",
			"origin": [8, 8, 8],
			"color": 0,
			"children": [8]
		}
	]
}