{
	"credit": "Made with Blockbench",
	"textures": {
		"0": "./spytendo",
		"particle": "./spytendo"
	},
	"elements": [
		{
			"from": [5, 6.5, 2],
			"to": [11, 9.5, 12],
			"rotation": {"angle": 0, "axis": "y", "origin": [9, 6, 11]},
			"faces": {
				"north": {"uv": [6, 3, 12, 6], "texture": "#0"},
				"east": {"uv": [6, 6, 9, 16], "rotation": 90, "texture": "#0"},
				"south": {"uv": [0, 3, 6, 6], "texture": "#0"},
				"west": {"uv": [0, 0, 10, 3], "texture": "#0"},
				"up": {"uv": [0, 6, 6, 16], "texture": "#0"},
				"down": {"uv": [9, 6, 15, 16], "texture": "#0"}
			}
		}
	],
	"gui_light": "front",
	"display": {
		"thirdperson_righthand": {
			"rotation": [90, 0, 0],
			"translation": [-1.25, 1, 0]
		},
		"thirdperson_lefthand": {
			"rotation": [90, 0, 0],
			"translation": [-1.25, 0, 0]
		},
		"firstperson_righthand": {
			"rotation": [90, 0, 0]
		},
		"firstperson_lefthand": {
			"rotation": [90, 0, 0]
		},
		"ground": {
			"rotation": [90, 0, 0]
		},
		"gui": {
			"rotation": [-67.5, -180, 145],
			"translation": [0, -1.25, 0],
			"scale": [1.1, 1.1, 1.1]
		},
		"head": {
			"rotation": [90, 0, 0],
			"translation": [0, 0, -16],
			"scale": [1.6, 1.6, 1.6]
		},
		"fixed": {
			"rotation": [-90, -180, 0],
			"translation": [0, 0, -1.5],
			"scale": [1.5, 1.5, 1.5]
		}
	}
}