{
	"credit": "Made with Blockbench",
	"textures": {
		"0": "block/monitor",
		"particle": "block/monitor"
	},
	"elements": [
		{
			"from": [6, 0, 6],
			"to": [10, 1, 10],
			"rotation": {"angle": 0, "axis": "y", "origin": [17, 8, 17]},
			"faces": {
				"north": {"uv": [0, 0, 4, 1], "texture": "#0"},
				"east": {"uv": [0, 0, 4, 1], "texture": "#0"},
				"south": {"uv": [0, 0, 4, 1], "texture": "#0"},
				"west": {"uv": [0, 0, 4, 1], "texture": "#0"},
				"up": {"uv": [0, 0, 4, 4], "texture": "#0"},
				"down": {"uv": [0, 0, 4, 4], "texture": "#0"}
			}
		},
		{
			"from": [7, 1, 8],
			"to": [9, 3, 9],
			"rotation": {"angle": 0, "axis": "y", "origin": [17, 9, 17]},
			"faces": {
				"north": {"uv": [0, 0, 2, 2], "texture": "#0"},
				"east": {"uv": [0, 0, 1, 2], "texture": "#0"},
				"south": {"uv": [0, 0, 2, 2], "texture": "#0"},
				"west": {"uv": [0, 0, 1, 2], "texture": "#0"},
				"up": {"uv": [0, 0, 2, 1], "texture": "#0"},
				"down": {"uv": [0, 0, 2, 1], "texture": "#0"}
			}
		},
		{
			"from": [2, 4, 8],
			"to": [3, 10, 9],
			"rotation": {"angle": 0, "axis": "y", "origin": [17, 12, 17]},
			"faces": {
				"north": {"uv": [0, 0, 1, 6], "texture": "#0"},
				"east": {"uv": [0, 0, 1, 6], "texture": "#0"},
				"south": {"uv": [0, 0, 1, 6], "texture": "#0"},
				"west": {"uv": [0, 0, 1, 6], "texture": "#0"},
				"up": {"uv": [0, 0, 1, 1], "texture": "#0"},
				"down": {"uv": [0, 0, 1, 1], "texture": "#0"}
			}
		},
		{
			"from": [3, 4, 8.25],
			"to": [13, 10, 9],
			"rotation": {"angle": 0, "axis": "y", "origin": [18, 12, 17]},
			"faces": {
				"north": {"uv": [6, 10, 16, 16], "texture": "#0"},
				"east": {"uv": [0, 0, 0.75, 6], "texture": "#0"},
				"south": {"uv": [6, 0, 16, 6], "texture": "#0"},
				"west": {"uv": [0, 0, 0.75, 6], "texture": "#0"},
				"up": {"uv": [0, 0, 10, 0.75], "texture": "#0"},
				"down": {"uv": [0, 0, 10, 0.75], "texture": "#0"}
			}
		},
		{
			"from": [13, 4, 8],
			"to": [14, 10, 9],
			"rotation": {"angle": 0, "axis": "y", "origin": [17, 12, 17]},
			"faces": {
				"north": {"uv": [0, 0, 1, 6], "texture": "#0"},
				"east": {"uv": [0, 0, 1, 6], "texture": "#0"},
				"south": {"uv": [0, 0, 1, 6], "texture": "#0"},
				"west": {"uv": [0, 0, 1, 6], "texture": "#0"},
				"up": {"uv": [0, 0, 1, 1], "texture": "#0"},
				"down": {"uv": [0, 0, 1, 1], "texture": "#0"}
			}
		},
		{
			"from": [2, 3, 8],
			"to": [14, 4, 9],
			"rotation": {"angle": 0, "axis": "y", "origin": [17, 12, 17]},
			"faces": {
				"north": {"uv": [0, 0, 12, 1], "texture": "#0"},
				"east": {"uv": [0, 0, 1, 1], "texture": "#0"},
				"south": {"uv": [0, 0, 12, 1], "texture": "#0"},
				"west": {"uv": [0, 0, 1, 1], "texture": "#0"},
				"up": {"uv": [0, 0, 12, 1], "texture": "#0"},
				"down": {"uv": [0, 0, 12, 1], "texture": "#0"}
			}
		},
		{
			"from": [2, 10, 8],
			"to": [14, 11, 9],
			"rotation": {"angle": 0, "axis": "y", "origin": [17, 19, 17]},
			"faces": {
				"north": {"uv": [0, 0, 12, 1], "texture": "#0"},
				"east": {"uv": [0, 0, 1, 1], "texture": "#0"},
				"south": {"uv": [0, 0, 12, 1], "texture": "#0"},
				"west": {"uv": [0, 0, 1, 1], "texture": "#0"},
				"up": {"uv": [0, 0, 12, 1], "texture": "#0"},
				"down": {"uv": [0, 0, 12, 1], "texture": "#0"}
			}
		}
	],
	"display": {
		"thirdperson_righthand": {
			"rotation": [24, 91, 0],
			"translation": [0, 2.5, -3.25]
		},
		"thirdperson_lefthand": {
			"rotation": [32, 89, 0],
			"translation": [-0.5, 2.5, -1.75]
		},
		"firstperson_righthand": {
			"rotation": [0, 81, 0],
			"translation": [0, 4.5, 0]
		},
		"firstperson_lefthand": {
			"rotation": [0, 84, 0],
			"translation": [0, 4.5, 0]
		},
		"ground": {
			"translation": [0, 5.25, 0]
		},
		"gui": {
			"rotation": [26, 147, 0],
			"translation": [-0.25, 2.25, 0]
		},
		"fixed": {
			"rotation": [-90, 0, 0],
			"translation": [0, 0, -16],
			"scale": [2, 2, 2]
		}
	}
}