{
	"credit": "Made with Blockbench",
	"textures": {
		"2": "./red",
		"3": "./white",
		"4": "./blue",
		"particle": "./shield"
	},
	"elements": [
		{
			"name": "6 Red Outline x32",
			"from": [1, 6, 8.5],
			"to": [2, 9.5, 9.5],
			"faces": {
				"north": {"uv": [1.5, 6.5, 0.5, 10], "texture": "#2"},
				"east": {"uv": [1.5, 6.5, 1, 10], "texture": "#2"},
				"south": {"uv": [0.5, 6.5, 1.5, 10], "texture": "#2"},
				"west": {"uv": [0.5, 6.5, 1, 10], "texture": "#2"},
				"up": {"uv": [0.5, 6.5, 1.5, 7], "texture": "#2"},
				"down": {"uv": [0.5, 10, 1.5, 9.5], "texture": "#2"}
			}
		},
		{
			"name": "6 Red Outline x32",
			"from": [1, 9.5, 8.5],
			"to": [2, 10.5, 9.5],
			"faces": {
				"north": {"uv": [2, 5.5, 1, 6.5], "texture": "#2"},
				"east": {"uv": [2, 5.5, 1.5, 6.5], "texture": "#2"},
				"south": {"uv": [1, 5.5, 2, 6.5], "texture": "#2"},
				"west": {"uv": [1, 5.5, 1.5, 6.5], "texture": "#2"},
				"up": {"uv": [1, 5.5, 2, 6], "texture": "#2"},
				"down": {"uv": [1, 6.5, 2, 6], "texture": "#2"}
			}
		},
		{
			"name": "6 Red Outline x32",
			"from": [1, 5, 8.5],
			"to": [2, 6, 9.5],
			"faces": {
				"north": {"uv": [2, 10, 1, 11], "texture": "#2"},
				"east": {"uv": [2, 10, 1.5, 11], "texture": "#2"},
				"south": {"uv": [1, 10, 2, 11], "texture": "#2"},
				"west": {"uv": [1, 10, 1.5, 11], "texture": "#2"},
				"up": {"uv": [1, 10, 2, 10.5], "texture": "#2"},
				"down": {"uv": [1, 11, 2, 10.5], "texture": "#2"}
			}
		},
		{
			"name": "6 Red Outline x32",
			"from": [1.5, 10.5, 8.5],
			"to": [2.5, 12, 9.5],
			"faces": {
				"north": {"uv": [2.5, 4, 1.5, 5.5], "texture": "#2"},
				"east": {"uv": [2.5, 4, 2, 5.5], "texture": "#2"},
				"south": {"uv": [1.5, 4, 2.5, 5.5], "texture": "#2"},
				"west": {"uv": [1.5, 4, 2, 5.5], "texture": "#2"},
				"up": {"uv": [1.5, 4, 2.5, 4.5], "texture": "#2"},
				"down": {"uv": [1.5, 5.5, 2.5, 5], "texture": "#2"}
			}
		},
		{
			"name": "6 Red Outline x32",
			"from": [1.5, 4, 8.5],
			"to": [2.5, 5, 9.5],
			"faces": {
				"north": {"uv": [2.5, 11, 1.5, 12], "texture": "#2"},
				"east": {"uv": [2.5, 11, 2, 12], "texture": "#2"},
				"south": {"uv": [1.5, 11, 2.5, 12], "texture": "#2"},
				"west": {"uv": [1.5, 11, 2, 12], "texture": "#2"},
				"up": {"uv": [1.5, 11, 2.5, 11.5], "texture": "#2"},
				"down": {"uv": [1.5, 12, 2.5, 11.5], "texture": "#2"}
			}
		},
		{
			"name": "6 Red Outline x32",
			"from": [2, 12, 8.5],
			"to": [3, 13, 9.5],
			"faces": {
				"north": {"uv": [3, 3, 2, 4], "texture": "#2"},
				"east": {"uv": [3, 3, 2.5, 4], "texture": "#2"},
				"south": {"uv": [2, 3, 3, 4], "texture": "#2"},
				"west": {"uv": [2, 3, 2.5, 4], "texture": "#2"},
				"up": {"uv": [2, 3, 3, 3.5], "texture": "#2"},
				"down": {"uv": [2, 4, 3, 3.5], "texture": "#2"}
			}
		},
		{
			"name": "6 Red Outline x32",
			"from": [2, 2.5, 8.5],
			"to": [3, 4, 9.5],
			"faces": {
				"north": {"uv": [3, 12, 2, 13.5], "texture": "#2"},
				"east": {"uv": [3, 12, 2.5, 13.5], "texture": "#2"},
				"south": {"uv": [2, 12, 3, 13.5], "texture": "#2"},
				"west": {"uv": [2, 12, 2.5, 13.5], "texture": "#2"},
				"up": {"uv": [2, 12, 3, 12.5], "texture": "#2"},
				"down": {"uv": [2, 13.5, 3, 13], "texture": "#2"}
			}
		},
		{
			"name": "6 Red Outline x32",
			"from": [2.5, 13, 8.5],
			"to": [4, 13.5, 9.5],
			"faces": {
				"north": {"uv": [4, 2.5, 2.5, 3], "texture": "#2"},
				"east": {"uv": [4, 2.5, 3.5, 3], "texture": "#2"},
				"south": {"uv": [2.5, 2.5, 4, 3], "texture": "#2"},
				"west": {"uv": [2.5, 2.5, 3, 3], "texture": "#2"},
				"up": {"uv": [2.5, 2.5, 4, 3], "texture": "#2"},
				"down": {"uv": [2.5, 3, 4, 2.5], "texture": "#2"}
			}
		},
		{
			"name": "6 Red Outline x32",
			"from": [2.5, 2, 8.5],
			"to": [4, 2.5, 9.5],
			"faces": {
				"north": {"uv": [4, 13.5, 2.5, 14], "texture": "#2"},
				"east": {"uv": [4, 13.5, 3.5, 14], "texture": "#2"},
				"south": {"uv": [2.5, 13.5, 4, 14], "texture": "#2"},
				"west": {"uv": [2.5, 13.5, 3, 14], "texture": "#2"},
				"up": {"uv": [2.5, 13.5, 4, 14], "texture": "#2"},
				"down": {"uv": [2.5, 14, 4, 13.5], "texture": "#2"}
			}
		},
		{
			"name": "6 Red Outline x32",
			"from": [3, 13.5, 8.5],
			"to": [5.5, 14, 9.5],
			"faces": {
				"north": {"uv": [5.5, 2, 3, 2.5], "texture": "#2"},
				"east": {"uv": [5.5, 2, 5, 2.5], "texture": "#2"},
				"south": {"uv": [3, 2, 5.5, 2.5], "texture": "#2"},
				"west": {"uv": [3, 2, 3.5, 2.5], "texture": "#2"},
				"up": {"uv": [3, 2, 5.5, 2.5], "texture": "#2"},
				"down": {"uv": [3, 2.5, 5.5, 2], "texture": "#2"}
			}
		},
		{
			"name": "6 Red Outline x32",
			"from": [3, 1.5, 8.5],
			"to": [5.5, 2, 9.5],
			"faces": {
				"north": {"uv": [5.5, 14, 3, 14.5], "texture": "#2"},
				"east": {"uv": [5.5, 14, 5, 14.5], "texture": "#2"},
				"south": {"uv": [3, 14, 5.5, 14.5], "texture": "#2"},
				"west": {"uv": [3, 14, 3.5, 14.5], "texture": "#2"},
				"up": {"uv": [3, 14, 5.5, 14.5], "texture": "#2"},
				"down": {"uv": [3, 14.5, 5.5, 14], "texture": "#2"}
			}
		},
		{
			"name": "6 Red Outline x32",
			"from": [4, 14, 8.5],
			"to": [6.5, 14.5, 9.5],
			"faces": {
				"north": {"uv": [6.5, 1.5, 4, 2], "texture": "#2"},
				"east": {"uv": [6.5, 1.5, 6, 2], "texture": "#2"},
				"south": {"uv": [4, 1.5, 6.5, 2], "texture": "#2"},
				"west": {"uv": [4, 1.5, 4.5, 2], "texture": "#2"},
				"up": {"uv": [4, 1.5, 6.5, 2], "texture": "#2"},
				"down": {"uv": [4, 2, 6.5, 1.5], "texture": "#2"}
			}
		},
		{
			"name": "6 Red Outline x32",
			"from": [4, 1, 8.5],
			"to": [6.5, 1.5, 9.5],
			"faces": {
				"north": {"uv": [6.5, 14.5, 4, 15], "texture": "#2"},
				"east": {"uv": [6.5, 14.5, 6, 15], "texture": "#2"},
				"south": {"uv": [4, 14.5, 6.5, 15], "texture": "#2"},
				"west": {"uv": [4, 14.5, 4.5, 15], "texture": "#2"},
				"up": {"uv": [4, 14.5, 6.5, 15], "texture": "#2"},
				"down": {"uv": [4, 15, 6.5, 14.5], "texture": "#2"}
			}
		},
		{
			"name": "6 Red Outline x32",
			"from": [5.5, 14.5, 8.5],
			"to": [11, 15, 9.5],
			"faces": {
				"north": {"uv": [11, 1, 5.5, 1.5], "texture": "#2"},
				"east": {"uv": [11, 1, 10.5, 1.5], "texture": "#2"},
				"south": {"uv": [5.5, 1, 11, 1.5], "texture": "#2"},
				"west": {"uv": [5.5, 1, 6, 1.5], "texture": "#2"},
				"up": {"uv": [5.5, 1, 11, 1.5], "texture": "#2"},
				"down": {"uv": [5.5, 1.5, 11, 1], "texture": "#2"}
			}
		},
		{
			"name": "6 Red Outline x32",
			"from": [5.5, 0.5, 8.5],
			"to": [11, 1, 9.5],
			"faces": {
				"north": {"uv": [11, 15, 5.5, 15.5], "texture": "#2"},
				"east": {"uv": [11, 15, 10.5, 15.5], "texture": "#2"},
				"south": {"uv": [5.5, 15, 11, 15.5], "texture": "#2"},
				"west": {"uv": [5.5, 15, 6, 15.5], "texture": "#2"},
				"up": {"uv": [5.5, 15, 11, 15.5], "texture": "#2"},
				"down": {"uv": [5.5, 15.5, 11, 15], "texture": "#2"}
			}
		},
		{
			"name": "6 Red Outline x32",
			"from": [6.5, 14, 8.5],
			"to": [10, 14.5, 9.5],
			"faces": {
				"north": {"uv": [10, 0.5, 6.5, 1], "texture": "#2"},
				"east": {"uv": [10, 0.5, 9.5, 1], "texture": "#2"},
				"south": {"uv": [6.5, 0.5, 10, 1], "texture": "#2"},
				"west": {"uv": [6.5, 0.5, 7, 1], "texture": "#2"},
				"up": {"uv": [6.5, 0.5, 10, 1], "texture": "#2"},
				"down": {"uv": [6.5, 1, 10, 0.5], "texture": "#2"}
			}
		},
		{
			"name": "6 Red Outline x32",
			"from": [10, 14, 8.5],
			"to": [12, 14.5, 9.5],
			"faces": {
				"north": {"uv": [12, 1.5, 10, 2], "texture": "#2"},
				"east": {"uv": [12, 1.5, 11.5, 2], "texture": "#2"},
				"south": {"uv": [10, 1.5, 12, 2], "texture": "#2"},
				"west": {"uv": [10, 1.5, 10.5, 2], "texture": "#2"},
				"up": {"uv": [10, 1.5, 12, 2], "texture": "#2"},
				"down": {"uv": [10, 2, 12, 1.5], "texture": "#2"}
			}
		},
		{
			"name": "6 Red Outline x32",
			"from": [10, 1, 8.5],
			"to": [12, 1.5, 9.5],
			"faces": {
				"north": {"uv": [12, 14.5, 10, 15], "texture": "#2"},
				"east": {"uv": [12, 14.5, 11.5, 15], "texture": "#2"},
				"south": {"uv": [10, 14.5, 12, 15], "texture": "#2"},
				"west": {"uv": [10, 14.5, 10.5, 15], "texture": "#2"},
				"up": {"uv": [10, 14.5, 12, 15], "texture": "#2"},
				"down": {"uv": [10, 15, 12, 14.5], "texture": "#2"}
			}
		},
		{
			"name": "6 Red Outline x32",
			"from": [11, 13.5, 8.5],
			"to": [13.5, 14, 9.5],
			"faces": {
				"north": {"uv": [13.5, 2, 11, 2.5], "texture": "#2"},
				"east": {"uv": [13.5, 2, 13, 2.5], "texture": "#2"},
				"south": {"uv": [11, 2, 13.5, 2.5], "texture": "#2"},
				"west": {"uv": [11, 2, 11.5, 2.5], "texture": "#2"},
				"up": {"uv": [11, 2, 13.5, 2.5], "texture": "#2"},
				"down": {"uv": [11, 2.5, 13.5, 2], "texture": "#2"}
			}
		},
		{
			"name": "6 Red Outline x32",
			"from": [11, 1.5, 8.5],
			"to": [13.5, 2, 9.5],
			"faces": {
				"north": {"uv": [13.5, 14, 11, 14.5], "texture": "#2"},
				"east": {"uv": [13.5, 14, 13, 14.5], "texture": "#2"},
				"south": {"uv": [11, 14, 13.5, 14.5], "texture": "#2"},
				"west": {"uv": [11, 14, 11.5, 14.5], "texture": "#2"},
				"up": {"uv": [11, 14, 13.5, 14.5], "texture": "#2"},
				"down": {"uv": [11, 14.5, 13.5, 14], "texture": "#2"}
			}
		},
		{
			"name": "6 Red Outline x32",
			"from": [12, 13, 8.5],
			"to": [14, 13.5, 9.5],
			"faces": {
				"north": {"uv": [14, 2.5, 12, 3], "texture": "#2"},
				"east": {"uv": [14, 2.5, 13.5, 3], "texture": "#2"},
				"south": {"uv": [12, 2.5, 14, 3], "texture": "#2"},
				"west": {"uv": [12, 2.5, 12.5, 3], "texture": "#2"},
				"up": {"uv": [12, 2.5, 14, 3], "texture": "#2"},
				"down": {"uv": [12, 3, 14, 2.5], "texture": "#2"}
			}
		},
		{
			"name": "6 Red Outline x32",
			"from": [12, 2, 8.5],
			"to": [14, 2.5, 9.5],
			"faces": {
				"north": {"uv": [14, 13.5, 12, 14], "texture": "#2"},
				"east": {"uv": [14, 13.5, 13.5, 14], "texture": "#2"},
				"south": {"uv": [12, 13.5, 14, 14], "texture": "#2"},
				"west": {"uv": [12, 13.5, 12.5, 14], "texture": "#2"},
				"up": {"uv": [12, 13.5, 14, 14], "texture": "#2"},
				"down": {"uv": [12, 14, 14, 13.5], "texture": "#2"}
			}
		},
		{
			"name": "6 Red Outline x32",
			"from": [13.5, 12, 8.5],
			"to": [14.5, 13, 9.5],
			"faces": {
				"north": {"uv": [14.5, 3, 13.5, 4], "texture": "#2"},
				"east": {"uv": [14.5, 3, 14, 4], "texture": "#2"},
				"south": {"uv": [13.5, 3, 14.5, 4], "texture": "#2"},
				"west": {"uv": [13.5, 3, 14, 4], "texture": "#2"},
				"up": {"uv": [13.5, 3, 14.5, 3.5], "texture": "#2"},
				"down": {"uv": [13.5, 4, 14.5, 3.5], "texture": "#2"}
			}
		},
		{
			"name": "6 Red Outline x32",
			"from": [13.5, 2.5, 8.5],
			"to": [14.5, 4, 9.5],
			"faces": {
				"north": {"uv": [14.5, 12, 13.5, 13.5], "texture": "#2"},
				"east": {"uv": [14.5, 12, 14, 13.5], "texture": "#2"},
				"south": {"uv": [13.5, 12, 14.5, 13.5], "texture": "#2"},
				"west": {"uv": [13.5, 12, 14, 13.5], "texture": "#2"},
				"up": {"uv": [13.5, 12, 14.5, 12.5], "texture": "#2"},
				"down": {"uv": [13.5, 13.5, 14.5, 13], "texture": "#2"}
			}
		},
		{
			"name": "6 Red Outline x32",
			"from": [14, 10.5, 8.5],
			"to": [15, 12, 9.5],
			"faces": {
				"north": {"uv": [15, 4, 14, 5.5], "texture": "#2"},
				"east": {"uv": [15, 4, 14.5, 5.5], "texture": "#2"},
				"south": {"uv": [14, 4, 15, 5.5], "texture": "#2"},
				"west": {"uv": [14, 4, 14.5, 5.5], "texture": "#2"},
				"up": {"uv": [14, 4, 15, 4.5], "texture": "#2"},
				"down": {"uv": [14, 5.5, 15, 5], "texture": "#2"}
			}
		},
		{
			"name": "6 Red Outline x32",
			"from": [14, 4, 8.5],
			"to": [15, 5, 9.5],
			"faces": {
				"north": {"uv": [15, 11, 14, 12], "texture": "#2"},
				"east": {"uv": [15, 11, 14.5, 12], "texture": "#2"},
				"south": {"uv": [14, 11, 15, 12], "texture": "#2"},
				"west": {"uv": [14, 11, 14.5, 12], "texture": "#2"},
				"up": {"uv": [14, 11, 15, 11.5], "texture": "#2"},
				"down": {"uv": [14, 12, 15, 11.5], "texture": "#2"}
			}
		},
		{
			"name": "6 Red Outline x32",
			"from": [14.5, 9.5, 8.5],
			"to": [15.5, 10.5, 9.5],
			"faces": {
				"north": {"uv": [15.5, 5.5, 14.5, 6.5], "texture": "#2"},
				"east": {"uv": [15.5, 5.5, 15, 6.5], "texture": "#2"},
				"south": {"uv": [14.5, 5.5, 15.5, 6.5], "texture": "#2"},
				"west": {"uv": [14.5, 5.5, 15, 6.5], "texture": "#2"},
				"up": {"uv": [14.5, 5.5, 15.5, 6], "texture": "#2"},
				"down": {"uv": [14.5, 6.5, 15.5, 6], "texture": "#2"}
			}
		},
		{
			"name": "6 Red Outline x32",
			"from": [14.5, 5, 8.5],
			"to": [15.5, 6, 9.5],
			"faces": {
				"north": {"uv": [15.5, 10, 14.5, 11], "texture": "#2"},
				"east": {"uv": [15.5, 10, 15, 11], "texture": "#2"},
				"south": {"uv": [14.5, 10, 15.5, 11], "texture": "#2"},
				"west": {"uv": [14.5, 10, 15, 11], "texture": "#2"},
				"up": {"uv": [14.5, 10, 15.5, 10.5], "texture": "#2"},
				"down": {"uv": [14.5, 11, 15.5, 10.5], "texture": "#2"}
			}
		},
		{
			"name": "6 Red Outline x32",
			"from": [15, 6, 8.5],
			"to": [15.5, 9.5, 9.5],
			"faces": {
				"north": {"uv": [15.5, 6.5, 15, 10], "texture": "#2"},
				"east": {"uv": [15.5, 6.5, 15, 10], "texture": "#2"},
				"south": {"uv": [15, 6.5, 15.5, 10], "texture": "#2"},
				"west": {"uv": [15, 6.5, 15.5, 10], "texture": "#2"},
				"up": {"uv": [15, 6.5, 15.5, 7], "texture": "#2"},
				"down": {"uv": [15, 10, 15.5, 9.5], "texture": "#2"}
			}
		},
		{
			"name": "5 Red Ring 2 x32",
			"from": [1.5, 6, 9],
			"to": [2.5, 9.5, 10],
			"faces": {
				"north": {"uv": [2.5, 6.5, 1.5, 10], "texture": "#2"},
				"east": {"uv": [2.5, 6.5, 2, 10], "texture": "#2"},
				"south": {"uv": [1.5, 6.5, 2.5, 10], "texture": "#2"},
				"west": {"uv": [1.5, 6.5, 2, 10], "texture": "#2"},
				"up": {"uv": [1.5, 6.5, 2.5, 7], "texture": "#2"},
				"down": {"uv": [1.5, 10, 2.5, 9.5], "texture": "#2"}
			}
		},
		{
			"name": "5 Red Ring 2 x32",
			"from": [2, 9.5, 9],
			"to": [3, 10.5, 10],
			"faces": {
				"north": {"uv": [3, 5.5, 2, 6.5], "texture": "#2"},
				"east": {"uv": [3, 5.5, 2.5, 6.5], "texture": "#2"},
				"south": {"uv": [2, 5.5, 3, 6.5], "texture": "#2"},
				"west": {"uv": [2, 5.5, 2.5, 6.5], "texture": "#2"},
				"up": {"uv": [2, 5.5, 3, 6], "texture": "#2"},
				"down": {"uv": [2, 6.5, 3, 6], "texture": "#2"}
			}
		},
		{
			"name": "5 Red Ring 2 x32",
			"from": [2, 5, 9],
			"to": [3, 6, 10],
			"faces": {
				"north": {"uv": [3, 10, 2, 11], "texture": "#2"},
				"east": {"uv": [3, 10, 2.5, 11], "texture": "#2"},
				"south": {"uv": [2, 10, 3, 11], "texture": "#2"},
				"west": {"uv": [2, 10, 2.5, 11], "texture": "#2"},
				"up": {"uv": [2, 10, 3, 10.5], "texture": "#2"},
				"down": {"uv": [2, 11, 3, 10.5], "texture": "#2"}
			}
		},
		{
			"name": "5 Red Ring 2 x32",
			"from": [2.5, 10.5, 9],
			"to": [3.5, 12, 10],
			"faces": {
				"north": {"uv": [3.5, 4, 2.5, 5.5], "texture": "#2"},
				"east": {"uv": [3.5, 4, 3, 5.5], "texture": "#2"},
				"south": {"uv": [2.5, 4, 3.5, 5.5], "texture": "#2"},
				"west": {"uv": [2.5, 4, 3, 5.5], "texture": "#2"},
				"up": {"uv": [2.5, 4, 3.5, 4.5], "texture": "#2"},
				"down": {"uv": [2.5, 5.5, 3.5, 5], "texture": "#2"}
			}
		},
		{
			"name": "5 Red Ring 2 x32",
			"from": [2.5, 4, 9],
			"to": [3.5, 5, 10],
			"faces": {
				"north": {"uv": [3.5, 11, 2.5, 12], "texture": "#2"},
				"east": {"uv": [3.5, 11, 3, 12], "texture": "#2"},
				"south": {"uv": [2.5, 11, 3.5, 12], "texture": "#2"},
				"west": {"uv": [2.5, 11, 3, 12], "texture": "#2"},
				"up": {"uv": [2.5, 11, 3.5, 11.5], "texture": "#2"},
				"down": {"uv": [2.5, 12, 3.5, 11.5], "texture": "#2"}
			}
		},
		{
			"name": "5 Red Ring 2 x32",
			"from": [3, 12, 9],
			"to": [4, 13, 10],
			"faces": {
				"north": {"uv": [4, 3, 3, 4], "texture": "#2"},
				"east": {"uv": [4, 3, 3.5, 4], "texture": "#2"},
				"south": {"uv": [3, 3, 4, 4], "texture": "#2"},
				"west": {"uv": [3, 3, 3.5, 4], "texture": "#2"},
				"up": {"uv": [3, 3, 4, 3.5], "texture": "#2"},
				"down": {"uv": [3, 4, 4, 3.5], "texture": "#2"}
			}
		},
		{
			"name": "5 Red Ring 2 x32",
			"from": [3, 2.5, 9],
			"to": [4, 4, 10],
			"faces": {
				"north": {"uv": [4, 12, 3, 13.5], "texture": "#2"},
				"east": {"uv": [4, 12, 3.5, 13.5], "texture": "#2"},
				"south": {"uv": [3, 12, 4, 13.5], "texture": "#2"},
				"west": {"uv": [3, 12, 3.5, 13.5], "texture": "#2"},
				"up": {"uv": [3, 12, 4, 12.5], "texture": "#2"},
				"down": {"uv": [3, 13.5, 4, 13], "texture": "#2"}
			}
		},
		{
			"name": "5 Red Ring 2 x32",
			"from": [4, 12.5, 9],
			"to": [5.5, 13.5, 10],
			"faces": {
				"north": {"uv": [5.5, 2.5, 4, 3.5], "texture": "#2"},
				"east": {"uv": [5.5, 2.5, 5, 3.5], "texture": "#2"},
				"south": {"uv": [4, 2.5, 5.5, 3.5], "texture": "#2"},
				"west": {"uv": [4, 2.5, 4.5, 3.5], "texture": "#2"},
				"up": {"uv": [4, 2.5, 5.5, 3], "texture": "#2"},
				"down": {"uv": [4, 3.5, 5.5, 3], "texture": "#2"}
			}
		},
		{
			"name": "5 Red Ring 2 x32",
			"from": [4, 2, 9],
			"to": [5.5, 3, 10],
			"faces": {
				"north": {"uv": [5.5, 13, 4, 14], "texture": "#2"},
				"east": {"uv": [5.5, 13, 5, 14], "texture": "#2"},
				"south": {"uv": [4, 13, 5.5, 14], "texture": "#2"},
				"west": {"uv": [4, 13, 4.5, 14], "texture": "#2"},
				"up": {"uv": [4, 13, 5.5, 13.5], "texture": "#2"},
				"down": {"uv": [4, 14, 5.5, 13.5], "texture": "#2"}
			}
		},
		{
			"name": "5 Red Ring 2 x32",
			"from": [5.5, 13, 9],
			"to": [6.5, 14, 10],
			"faces": {
				"north": {"uv": [6.5, 2, 5.5, 3], "texture": "#2"},
				"east": {"uv": [6.5, 2, 6, 3], "texture": "#2"},
				"south": {"uv": [5.5, 2, 6.5, 3], "texture": "#2"},
				"west": {"uv": [5.5, 2, 6, 3], "texture": "#2"},
				"up": {"uv": [5.5, 2, 6.5, 2.5], "texture": "#2"},
				"down": {"uv": [5.5, 3, 6.5, 2.5], "texture": "#2"}
			}
		},
		{
			"name": "5 Red Ring 2 x32",
			"from": [5.5, 1.5, 9],
			"to": [6.5, 2.5, 10],
			"faces": {
				"north": {"uv": [6.5, 13.5, 5.5, 14.5], "texture": "#2"},
				"east": {"uv": [6.5, 13.5, 6, 14.5], "texture": "#2"},
				"south": {"uv": [5.5, 13.5, 6.5, 14.5], "texture": "#2"},
				"west": {"uv": [5.5, 13.5, 6, 14.5], "texture": "#2"},
				"up": {"uv": [5.5, 13.5, 6.5, 14], "texture": "#2"},
				"down": {"uv": [5.5, 14.5, 6.5, 14], "texture": "#2"}
			}
		},
		{
			"name": "5 Red Ring 2 x32",
			"from": [6.5, 13.5, 9],
			"to": [10, 14.5, 10],
			"faces": {
				"north": {"uv": [10, 1.5, 6.5, 2.5], "texture": "#2"},
				"east": {"uv": [10, 1.5, 9.5, 2.5], "texture": "#2"},
				"south": {"uv": [6.5, 1.5, 10, 2.5], "texture": "#2"},
				"west": {"uv": [6.5, 1.5, 7, 2.5], "texture": "#2"},
				"up": {"uv": [6.5, 1.5, 10, 2], "texture": "#2"},
				"down": {"uv": [6.5, 2.5, 10, 2], "texture": "#2"}
			}
		},
		{
			"name": "5 Red Ring 2 x32",
			"from": [6.5, 1, 9],
			"to": [10, 2, 10],
			"faces": {
				"north": {"uv": [10, 14, 6.5, 15], "texture": "#2"},
				"east": {"uv": [10, 14, 9.5, 15], "texture": "#2"},
				"south": {"uv": [6.5, 14, 10, 15], "texture": "#2"},
				"west": {"uv": [6.5, 14, 7, 15], "texture": "#2"},
				"up": {"uv": [6.5, 14, 10, 14.5], "texture": "#2"},
				"down": {"uv": [6.5, 15, 10, 14.5], "texture": "#2"}
			}
		},
		{
			"name": "5 Red Ring 2 x32",
			"from": [10, 13, 9],
			"to": [11, 14, 10],
			"faces": {
				"north": {"uv": [11, 2, 10, 3], "texture": "#2"},
				"east": {"uv": [11, 2, 10.5, 3], "texture": "#2"},
				"south": {"uv": [10, 2, 11, 3], "texture": "#2"},
				"west": {"uv": [10, 2, 10.5, 3], "texture": "#2"},
				"up": {"uv": [10, 2, 11, 2.5], "texture": "#2"},
				"down": {"uv": [10, 3, 11, 2.5], "texture": "#2"}
			}
		},
		{
			"name": "5 Red Ring 2 x32",
			"from": [10, 1.5, 9],
			"to": [11, 2.5, 10],
			"faces": {
				"north": {"uv": [11, 13.5, 10, 14.5], "texture": "#2"},
				"east": {"uv": [11, 13.5, 10.5, 14.5], "texture": "#2"},
				"south": {"uv": [10, 13.5, 11, 14.5], "texture": "#2"},
				"west": {"uv": [10, 13.5, 10.5, 14.5], "texture": "#2"},
				"up": {"uv": [10, 13.5, 11, 14], "texture": "#2"},
				"down": {"uv": [10, 14.5, 11, 14], "texture": "#2"}
			}
		},
		{
			"name": "5 Red Ring 2 x32",
			"from": [11, 12.5, 9],
			"to": [12, 13.5, 10],
			"faces": {
				"north": {"uv": [12, 2.5, 11, 3.5], "texture": "#2"},
				"east": {"uv": [12, 2.5, 11.5, 3.5], "texture": "#2"},
				"south": {"uv": [11, 2.5, 12, 3.5], "texture": "#2"},
				"west": {"uv": [11, 2.5, 11.5, 3.5], "texture": "#2"},
				"up": {"uv": [11, 2.5, 12, 3], "texture": "#2"},
				"down": {"uv": [11, 3.5, 12, 3], "texture": "#2"}
			}
		},
		{
			"name": "5 Red Ring 2 x32",
			"from": [11, 2, 9],
			"to": [12, 3, 10],
			"faces": {
				"north": {"uv": [12, 13, 11, 14], "texture": "#2"},
				"east": {"uv": [12, 13, 11.5, 14], "texture": "#2"},
				"south": {"uv": [11, 13, 12, 14], "texture": "#2"},
				"west": {"uv": [11, 13, 11.5, 14], "texture": "#2"},
				"up": {"uv": [11, 13, 12, 13.5], "texture": "#2"},
				"down": {"uv": [11, 14, 12, 13.5], "texture": "#2"}
			}
		},
		{
			"name": "5 Red Ring 2 x32",
			"from": [12, 12, 9],
			"to": [13.5, 13, 10],
			"faces": {
				"north": {"uv": [13.5, 3, 12, 4], "texture": "#2"},
				"east": {"uv": [13.5, 3, 13, 4], "texture": "#2"},
				"south": {"uv": [12, 3, 13.5, 4], "texture": "#2"},
				"west": {"uv": [12, 3, 12.5, 4], "texture": "#2"},
				"up": {"uv": [12, 3, 13.5, 3.5], "texture": "#2"},
				"down": {"uv": [12, 4, 13.5, 3.5], "texture": "#2"}
			}
		},
		{
			"name": "5 Red Ring 2 x32",
			"from": [12, 2.5, 9],
			"to": [13.5, 4, 10],
			"faces": {
				"north": {"uv": [13.5, 12, 12, 13.5], "texture": "#2"},
				"east": {"uv": [13.5, 12, 13, 13.5], "texture": "#2"},
				"south": {"uv": [12, 12, 13.5, 13.5], "texture": "#2"},
				"west": {"uv": [12, 12, 12.5, 13.5], "texture": "#2"},
				"up": {"uv": [12, 12, 13.5, 12.5], "texture": "#2"},
				"down": {"uv": [12, 13.5, 13.5, 13], "texture": "#2"}
			}
		},
		{
			"name": "5 Red Ring 2 x32",
			"from": [13, 10.5, 9],
			"to": [14, 12, 10],
			"faces": {
				"north": {"uv": [14, 4, 13, 5.5], "texture": "#2"},
				"east": {"uv": [14, 4, 13.5, 5.5], "texture": "#2"},
				"south": {"uv": [13, 4, 14, 5.5], "texture": "#2"},
				"west": {"uv": [13, 4, 13.5, 5.5], "texture": "#2"},
				"up": {"uv": [13, 4, 14, 4.5], "texture": "#2"},
				"down": {"uv": [13, 5.5, 14, 5], "texture": "#2"}
			}
		},
		{
			"name": "5 Red Ring 2 x32",
			"from": [13, 4, 9],
			"to": [14, 5, 10],
			"faces": {
				"north": {"uv": [14, 11, 13, 12], "texture": "#2"},
				"east": {"uv": [14, 11, 13.5, 12], "texture": "#2"},
				"south": {"uv": [13, 11, 14, 12], "texture": "#2"},
				"west": {"uv": [13, 11, 13.5, 12], "texture": "#2"},
				"up": {"uv": [13, 11, 14, 11.5], "texture": "#2"},
				"down": {"uv": [13, 12, 14, 11.5], "texture": "#2"}
			}
		},
		{
			"name": "5 Red Ring 2 x32",
			"from": [13.5, 9.5, 9],
			"to": [14.5, 10.5, 10],
			"faces": {
				"north": {"uv": [14.5, 5.5, 13.5, 6.5], "texture": "#2"},
				"east": {"uv": [14.5, 5.5, 14, 6.5], "texture": "#2"},
				"south": {"uv": [13.5, 5.5, 14.5, 6.5], "texture": "#2"},
				"west": {"uv": [13.5, 5.5, 14, 6.5], "texture": "#2"},
				"up": {"uv": [13.5, 5.5, 14.5, 6], "texture": "#2"},
				"down": {"uv": [13.5, 6.5, 14.5, 6], "texture": "#2"}
			}
		},
		{
			"name": "5 Red Ring 2 x32",
			"from": [13.5, 5, 9],
			"to": [14.5, 6, 10],
			"faces": {
				"north": {"uv": [14.5, 10, 13.5, 11], "texture": "#2"},
				"east": {"uv": [14.5, 10, 14, 11], "texture": "#2"},
				"south": {"uv": [13.5, 10, 14.5, 11], "texture": "#2"},
				"west": {"uv": [13.5, 10, 14, 11], "texture": "#2"},
				"up": {"uv": [13.5, 10, 14.5, 10.5], "texture": "#2"},
				"down": {"uv": [13.5, 11, 14.5, 10.5], "texture": "#2"}
			}
		},
		{
			"name": "5 Red Ring 2 x32",
			"from": [14, 6, 9],
			"to": [15, 9.5, 10],
			"faces": {
				"north": {"uv": [15, 6.5, 14, 10], "texture": "#2"},
				"east": {"uv": [15, 6.5, 14.5, 10], "texture": "#2"},
				"south": {"uv": [14, 6.5, 15, 10], "texture": "#2"},
				"west": {"uv": [14, 6.5, 14.5, 10], "texture": "#2"},
				"up": {"uv": [14, 6.5, 15, 7], "texture": "#2"},
				"down": {"uv": [14, 10, 15, 9.5], "texture": "#2"}
			}
		},
		{
			"name": "4 White Ring x32",
			"from": [2.5, 6, 9.5],
			"to": [3.5, 9.5, 10.5],
			"faces": {
				"north": {"uv": [3.5, 6.5, 2.5, 10], "texture": "#3"},
				"east": {"uv": [3.5, 6.5, 3, 10], "texture": "#3"},
				"south": {"uv": [2.5, 6.5, 3.5, 10], "texture": "#3"},
				"west": {"uv": [2.5, 6.5, 3, 10], "texture": "#3"},
				"up": {"uv": [2.5, 6.5, 3.5, 7], "texture": "#3"},
				"down": {"uv": [2.5, 10, 3.5, 9.5], "texture": "#3"}
			}
		},
		{
			"name": "4 White Ring x32",
			"from": [3, 9.5, 9.5],
			"to": [4, 10.5, 10.5],
			"faces": {
				"north": {"uv": [4, 5.5, 3, 6.5], "texture": "#3"},
				"east": {"uv": [4, 5.5, 3.5, 6.5], "texture": "#3"},
				"south": {"uv": [3, 5.5, 4, 6.5], "texture": "#3"},
				"west": {"uv": [3, 5.5, 3.5, 6.5], "texture": "#3"},
				"up": {"uv": [3, 5.5, 4, 6], "texture": "#3"},
				"down": {"uv": [3, 6.5, 4, 6], "texture": "#3"}
			}
		},
		{
			"name": "4 White Ring x32",
			"from": [3, 5, 9.5],
			"to": [4, 6, 10.5],
			"faces": {
				"north": {"uv": [4, 10, 3, 11], "texture": "#3"},
				"east": {"uv": [4, 10, 3.5, 11], "texture": "#3"},
				"south": {"uv": [3, 10, 4, 11], "texture": "#3"},
				"west": {"uv": [3, 10, 3.5, 11], "texture": "#3"},
				"up": {"uv": [3, 10, 4, 10.5], "texture": "#3"},
				"down": {"uv": [3, 11, 4, 10.5], "texture": "#3"}
			}
		},
		{
			"name": "4 White Ring x32",
			"from": [3.5, 10.5, 9.5],
			"to": [5, 12, 10.5],
			"faces": {
				"north": {"uv": [5, 4, 3.5, 5.5], "texture": "#3"},
				"east": {"uv": [5, 4, 4.5, 5.5], "texture": "#3"},
				"south": {"uv": [3.5, 4, 5, 5.5], "texture": "#3"},
				"west": {"uv": [3.5, 4, 4, 5.5], "texture": "#3"},
				"up": {"uv": [3.5, 4, 5, 4.5], "texture": "#3"},
				"down": {"uv": [3.5, 5.5, 5, 5], "texture": "#3"}
			}
		},
		{
			"name": "4 White Ring x32",
			"from": [3.5, 4, 9.5],
			"to": [5, 5, 10.5],
			"faces": {
				"north": {"uv": [5, 11, 3.5, 12], "texture": "#3"},
				"east": {"uv": [5, 11, 4.5, 12], "texture": "#3"},
				"south": {"uv": [3.5, 11, 5, 12], "texture": "#3"},
				"west": {"uv": [3.5, 11, 4, 12], "texture": "#3"},
				"up": {"uv": [3.5, 11, 5, 11.5], "texture": "#3"},
				"down": {"uv": [3.5, 12, 5, 11.5], "texture": "#3"}
			}
		},
		{
			"name": "4 White Ring x32",
			"from": [4, 12, 9.5],
			"to": [6.5, 12.5, 10.5],
			"faces": {
				"north": {"uv": [6.5, 3.5, 4, 4], "texture": "#3"},
				"east": {"uv": [6.5, 3.5, 6, 4], "texture": "#3"},
				"south": {"uv": [4, 3.5, 6.5, 4], "texture": "#3"},
				"west": {"uv": [4, 3.5, 4.5, 4], "texture": "#3"},
				"up": {"uv": [4, 3.5, 6.5, 4], "texture": "#3"},
				"down": {"uv": [4, 4, 6.5, 3.5], "texture": "#3"}
			}
		},
		{
			"name": "4 White Ring x32",
			"from": [4, 3, 9.5],
			"to": [6.5, 4, 10.5],
			"faces": {
				"north": {"uv": [6.5, 12, 4, 13], "texture": "#3"},
				"east": {"uv": [6.5, 12, 6, 13], "texture": "#3"},
				"south": {"uv": [4, 12, 6.5, 13], "texture": "#3"},
				"west": {"uv": [4, 12, 4.5, 13], "texture": "#3"},
				"up": {"uv": [4, 12, 6.5, 12.5], "texture": "#3"},
				"down": {"uv": [4, 13, 6.5, 12.5], "texture": "#3"}
			}
		},
		{
			"name": "4 White Ring x32",
			"from": [5, 11, 9.5],
			"to": [5.5, 12, 10.5],
			"faces": {
				"north": {"uv": [5.5, 4, 5, 5], "texture": "#3"},
				"east": {"uv": [5.5, 4, 5, 5], "texture": "#3"},
				"south": {"uv": [5, 4, 5.5, 5], "texture": "#3"},
				"west": {"uv": [5, 4, 5.5, 5], "texture": "#3"},
				"up": {"uv": [5, 4, 5.5, 4.5], "texture": "#3"},
				"down": {"uv": [5, 5, 5.5, 4.5], "texture": "#3"}
			}
		},
		{
			"name": "4 White Ring x32",
			"from": [5, 4, 9.5],
			"to": [5.5, 4.5, 10.5],
			"faces": {
				"north": {"uv": [5.5, 11.5, 5, 12], "texture": "#3"},
				"east": {"uv": [5.5, 11.5, 5, 12], "texture": "#3"},
				"south": {"uv": [5, 11.5, 5.5, 12], "texture": "#3"},
				"west": {"uv": [5, 11.5, 5.5, 12], "texture": "#3"},
				"up": {"uv": [5, 11.5, 5.5, 12], "texture": "#3"},
				"down": {"uv": [5, 12, 5.5, 11.5], "texture": "#3"}
			}
		},
		{
			"name": "4 White Ring x32",
			"from": [5.5, 12.5, 9.5],
			"to": [11, 13, 10.5],
			"faces": {
				"north": {"uv": [11, 3, 5.5, 3.5], "texture": "#3"},
				"east": {"uv": [11, 3, 10.5, 3.5], "texture": "#3"},
				"south": {"uv": [5.5, 3, 11, 3.5], "texture": "#3"},
				"west": {"uv": [5.5, 3, 6, 3.5], "texture": "#3"},
				"up": {"uv": [5.5, 3, 11, 3.5], "texture": "#3"},
				"down": {"uv": [5.5, 3.5, 11, 3], "texture": "#3"}
			}
		},
		{
			"name": "4 White Ring x32",
			"from": [5.5, 2.5, 9.5],
			"to": [11, 3, 10.5],
			"faces": {
				"north": {"uv": [11, 13, 5.5, 13.5], "texture": "#3"},
				"east": {"uv": [11, 13, 10.5, 13.5], "texture": "#3"},
				"south": {"uv": [5.5, 13, 11, 13.5], "texture": "#3"},
				"west": {"uv": [5.5, 13, 6, 13.5], "texture": "#3"},
				"up": {"uv": [5.5, 13, 11, 13.5], "texture": "#3"},
				"down": {"uv": [5.5, 13.5, 11, 13], "texture": "#3"}
			}
		},
		{
			"name": "4 White Ring x32",
			"from": [6.5, 13, 9.5],
			"to": [10, 13.5, 10.5],
			"faces": {
				"north": {"uv": [10, 2.5, 6.5, 3], "texture": "#3"},
				"east": {"uv": [10, 2.5, 9.5, 3], "texture": "#3"},
				"south": {"uv": [6.5, 2.5, 10, 3], "texture": "#3"},
				"west": {"uv": [6.5, 2.5, 7, 3], "texture": "#3"},
				"up": {"uv": [6.5, 2.5, 10, 3], "texture": "#3"},
				"down": {"uv": [6.5, 3, 10, 2.5], "texture": "#3"}
			}
		},
		{
			"name": "4 White Ring x32",
			"from": [6.5, 2, 9.5],
			"to": [10, 2.5, 10.5],
			"faces": {
				"north": {"uv": [10, 13.5, 6.5, 14], "texture": "#3"},
				"east": {"uv": [10, 13.5, 9.5, 14], "texture": "#3"},
				"south": {"uv": [6.5, 13.5, 10, 14], "texture": "#3"},
				"west": {"uv": [6.5, 13.5, 7, 14], "texture": "#3"},
				"up": {"uv": [6.5, 13.5, 10, 14], "texture": "#3"},
				"down": {"uv": [6.5, 14, 10, 13.5], "texture": "#3"}
			}
		},
		{
			"name": "4 White Ring x32",
			"from": [10, 12, 9.5],
			"to": [12, 12.5, 10.5],
			"faces": {
				"north": {"uv": [12, 3.5, 10, 4], "texture": "#3"},
				"east": {"uv": [12, 3.5, 11.5, 4], "texture": "#3"},
				"south": {"uv": [10, 3.5, 12, 4], "texture": "#3"},
				"west": {"uv": [10, 3.5, 10.5, 4], "texture": "#3"},
				"up": {"uv": [10, 3.5, 12, 4], "texture": "#3"},
				"down": {"uv": [10, 4, 12, 3.5], "texture": "#3"}
			}
		},
		{
			"name": "4 White Ring x32",
			"from": [10, 3, 9.5],
			"to": [12, 4, 10.5],
			"faces": {
				"north": {"uv": [12, 12, 10, 13], "texture": "#3"},
				"east": {"uv": [12, 12, 11.5, 13], "texture": "#3"},
				"south": {"uv": [10, 12, 12, 13], "texture": "#3"},
				"west": {"uv": [10, 12, 10.5, 13], "texture": "#3"},
				"up": {"uv": [10, 12, 12, 12.5], "texture": "#3"},
				"down": {"uv": [10, 13, 12, 12.5], "texture": "#3"}
			}
		},
		{
			"name": "4 White Ring x32",
			"from": [11, 11, 9.5],
			"to": [13, 12, 10.5],
			"faces": {
				"north": {"uv": [13, 4, 11, 5], "texture": "#3"},
				"east": {"uv": [13, 4, 12.5, 5], "texture": "#3"},
				"south": {"uv": [11, 4, 13, 5], "texture": "#3"},
				"west": {"uv": [11, 4, 11.5, 5], "texture": "#3"},
				"up": {"uv": [11, 4, 13, 4.5], "texture": "#3"},
				"down": {"uv": [11, 5, 13, 4.5], "texture": "#3"}
			}
		},
		{
			"name": "4 White Ring x32",
			"from": [11, 4, 9.5],
			"to": [13, 4.5, 10.5],
			"faces": {
				"north": {"uv": [13, 11.5, 11, 12], "texture": "#3"},
				"east": {"uv": [13, 11.5, 12.5, 12], "texture": "#3"},
				"south": {"uv": [11, 11.5, 13, 12], "texture": "#3"},
				"west": {"uv": [11, 11.5, 11.5, 12], "texture": "#3"},
				"up": {"uv": [11, 11.5, 13, 12], "texture": "#3"},
				"down": {"uv": [11, 12, 13, 11.5], "texture": "#3"}
			}
		},
		{
			"name": "4 White Ring x32",
			"from": [11.5, 10.5, 9.5],
			"to": [13, 11, 10.5],
			"faces": {
				"north": {"uv": [13, 5, 11.5, 5.5], "texture": "#3"},
				"east": {"uv": [13, 5, 12.5, 5.5], "texture": "#3"},
				"south": {"uv": [11.5, 5, 13, 5.5], "texture": "#3"},
				"west": {"uv": [11.5, 5, 12, 5.5], "texture": "#3"},
				"up": {"uv": [11.5, 5, 13, 5.5], "texture": "#3"},
				"down": {"uv": [11.5, 5.5, 13, 5], "texture": "#3"}
			}
		},
		{
			"name": "4 White Ring x32",
			"from": [11.5, 4.5, 9.5],
			"to": [13, 5, 10.5],
			"faces": {
				"north": {"uv": [13, 11, 11.5, 11.5], "texture": "#3"},
				"east": {"uv": [13, 11, 12.5, 11.5], "texture": "#3"},
				"south": {"uv": [11.5, 11, 13, 11.5], "texture": "#3"},
				"west": {"uv": [11.5, 11, 12, 11.5], "texture": "#3"},
				"up": {"uv": [11.5, 11, 13, 11.5], "texture": "#3"},
				"down": {"uv": [11.5, 11.5, 13, 11], "texture": "#3"}
			}
		},
		{
			"name": "4 White Ring x32",
			"from": [12, 9.5, 9.5],
			"to": [13.5, 10.5, 10.5],
			"faces": {
				"north": {"uv": [13.5, 5.5, 12, 6.5], "texture": "#3"},
				"east": {"uv": [13.5, 5.5, 13, 6.5], "texture": "#3"},
				"south": {"uv": [12, 5.5, 13.5, 6.5], "texture": "#3"},
				"west": {"uv": [12, 5.5, 12.5, 6.5], "texture": "#3"},
				"up": {"uv": [12, 5.5, 13.5, 6], "texture": "#3"},
				"down": {"uv": [12, 6.5, 13.5, 6], "texture": "#3"}
			}
		},
		{
			"name": "4 White Ring x32",
			"from": [12, 5, 9.5],
			"to": [13.5, 6, 10.5],
			"faces": {
				"north": {"uv": [13.5, 10, 12, 11], "texture": "#3"},
				"east": {"uv": [13.5, 10, 13, 11], "texture": "#3"},
				"south": {"uv": [12, 10, 13.5, 11], "texture": "#3"},
				"west": {"uv": [12, 10, 12.5, 11], "texture": "#3"},
				"up": {"uv": [12, 10, 13.5, 10.5], "texture": "#3"},
				"down": {"uv": [12, 11, 13.5, 10.5], "texture": "#3"}
			}
		},
		{
			"name": "4 White Ring x32",
			"from": [13, 6, 9.5],
			"to": [14, 9.5, 10.5],
			"faces": {
				"north": {"uv": [14, 6.5, 13, 10], "texture": "#3"},
				"east": {"uv": [14, 6.5, 13.5, 10], "texture": "#3"},
				"south": {"uv": [13, 6.5, 14, 10], "texture": "#3"},
				"west": {"uv": [13, 6.5, 13.5, 10], "texture": "#3"},
				"up": {"uv": [13, 6.5, 14, 7], "texture": "#3"},
				"down": {"uv": [13, 10, 14, 9.5], "texture": "#3"}
			}
		},
		{
			"name": "3 Red Ring 1 x32",
			"from": [3.5, 6, 9.5],
			"to": [5, 9.5, 10.5],
			"faces": {
				"north": {"uv": [5, 6.5, 3.5, 10], "texture": "#2"},
				"east": {"uv": [5, 6.5, 4.5, 10], "texture": "#2"},
				"south": {"uv": [3.5, 6.5, 5, 10], "texture": "#2"},
				"west": {"uv": [3.5, 6.5, 4, 10], "texture": "#2"},
				"up": {"uv": [3.5, 6.5, 5, 7], "texture": "#2"},
				"down": {"uv": [3.5, 10, 5, 9.5], "texture": "#2"}
			}
		},
		{
			"name": "3 Red Ring 1 x32",
			"from": [4, 9.5, 9.5],
			"to": [5.5, 10.5, 10.5],
			"faces": {
				"north": {"uv": [5.5, 5.5, 4, 6.5], "texture": "#2"},
				"east": {"uv": [5.5, 5.5, 5, 6.5], "texture": "#2"},
				"south": {"uv": [4, 5.5, 5.5, 6.5], "texture": "#2"},
				"west": {"uv": [4, 5.5, 4.5, 6.5], "texture": "#2"},
				"up": {"uv": [4, 5.5, 5.5, 6], "texture": "#2"},
				"down": {"uv": [4, 6.5, 5.5, 6], "texture": "#2"}
			}
		},
		{
			"name": "3 Red Ring 1 x32",
			"from": [4, 5, 9.5],
			"to": [5.5, 6, 10.5],
			"faces": {
				"north": {"uv": [5.5, 10, 4, 11], "texture": "#2"},
				"east": {"uv": [5.5, 10, 5, 11], "texture": "#2"},
				"south": {"uv": [4, 10, 5.5, 11], "texture": "#2"},
				"west": {"uv": [4, 10, 4.5, 11], "texture": "#2"},
				"up": {"uv": [4, 10, 5.5, 10.5], "texture": "#2"},
				"down": {"uv": [4, 11, 5.5, 10.5], "texture": "#2"}
			}
		},
		{
			"name": "3 Red Ring 1 x32",
			"from": [5, 10.5, 9.5],
			"to": [6.5, 11, 10.5],
			"faces": {
				"north": {"uv": [6.5, 5, 5, 5.5], "texture": "#2"},
				"east": {"uv": [6.5, 5, 6, 5.5], "texture": "#2"},
				"south": {"uv": [5, 5, 6.5, 5.5], "texture": "#2"},
				"west": {"uv": [5, 5, 5.5, 5.5], "texture": "#2"},
				"up": {"uv": [5, 5, 6.5, 5.5], "texture": "#2"},
				"down": {"uv": [5, 5.5, 6.5, 5], "texture": "#2"}
			}
		},
		{
			"name": "3 Red Ring 1 x32",
			"from": [5, 4.5, 9.5],
			"to": [6.5, 5, 10.5],
			"faces": {
				"north": {"uv": [6.5, 11, 5, 11.5], "texture": "#2"},
				"east": {"uv": [6.5, 11, 6, 11.5], "texture": "#2"},
				"south": {"uv": [5, 11, 6.5, 11.5], "texture": "#2"},
				"west": {"uv": [5, 11, 5.5, 11.5], "texture": "#2"},
				"up": {"uv": [5, 11, 6.5, 11.5], "texture": "#2"},
				"down": {"uv": [5, 11.5, 6.5, 11], "texture": "#2"}
			}
		},
		{
			"name": "3 Red Ring 1 x32",
			"from": [5.5, 11, 9.5],
			"to": [11, 12, 10.5],
			"faces": {
				"north": {"uv": [11, 4, 5.5, 5], "texture": "#2"},
				"east": {"uv": [11, 4, 10.5, 5], "texture": "#2"},
				"south": {"uv": [5.5, 4, 11, 5], "texture": "#2"},
				"west": {"uv": [5.5, 4, 6, 5], "texture": "#2"},
				"up": {"uv": [5.5, 4, 11, 4.5], "texture": "#2"},
				"down": {"uv": [5.5, 5, 11, 4.5], "texture": "#2"}
			}
		},
		{
			"name": "3 Red Ring 1 x32",
			"from": [5.5, 10, 9.5],
			"to": [6, 10.5, 10.5],
			"faces": {
				"north": {"uv": [6, 5.5, 5.5, 6], "texture": "#2"},
				"east": {"uv": [6, 5.5, 5.5, 6], "texture": "#2"},
				"south": {"uv": [5.5, 5.5, 6, 6], "texture": "#2"},
				"west": {"uv": [5.5, 5.5, 6, 6], "texture": "#2"},
				"up": {"uv": [5.5, 5.5, 6, 6], "texture": "#2"},
				"down": {"uv": [5.5, 6, 6, 5.5], "texture": "#2"}
			}
		},
		{
			"name": "3 Red Ring 1 x32",
			"from": [5.5, 5, 9.5],
			"to": [6, 5.5, 10.5],
			"faces": {
				"north": {"uv": [6, 10.5, 5.5, 11], "texture": "#2"},
				"east": {"uv": [6, 10.5, 5.5, 11], "texture": "#2"},
				"south": {"uv": [5.5, 10.5, 6, 11], "texture": "#2"},
				"west": {"uv": [5.5, 10.5, 6, 11], "texture": "#2"},
				"up": {"uv": [5.5, 10.5, 6, 11], "texture": "#2"},
				"down": {"uv": [5.5, 11, 6, 10.5], "texture": "#2"}
			}
		},
		{
			"name": "3 Red Ring 1 x32",
			"from": [5.5, 4, 9.5],
			"to": [11, 4.5, 10.5],
			"faces": {
				"north": {"uv": [11, 11.5, 5.5, 12], "texture": "#2"},
				"east": {"uv": [11, 11.5, 10.5, 12], "texture": "#2"},
				"south": {"uv": [5.5, 11.5, 11, 12], "texture": "#2"},
				"west": {"uv": [5.5, 11.5, 6, 12], "texture": "#2"},
				"up": {"uv": [5.5, 11.5, 11, 12], "texture": "#2"},
				"down": {"uv": [5.5, 12, 11, 11.5], "texture": "#2"}
			}
		},
		{
			"name": "3 Red Ring 1 x32",
			"from": [6.5, 12, 9.5],
			"to": [10, 12.5, 10.5],
			"faces": {
				"north": {"uv": [10, 3.5, 6.5, 4], "texture": "#2"},
				"east": {"uv": [10, 3.5, 9.5, 4], "texture": "#2"},
				"south": {"uv": [6.5, 3.5, 10, 4], "texture": "#2"},
				"west": {"uv": [6.5, 3.5, 7, 4], "texture": "#2"},
				"up": {"uv": [6.5, 3.5, 10, 4], "texture": "#2"},
				"down": {"uv": [6.5, 4, 10, 3.5], "texture": "#2"}
			}
		},
		{
			"name": "3 Red Ring 1 x32",
			"from": [6.5, 3, 9.5],
			"to": [10, 4, 10.5],
			"faces": {
				"north": {"uv": [10, 12, 6.5, 13], "texture": "#2"},
				"east": {"uv": [10, 12, 9.5, 13], "texture": "#2"},
				"south": {"uv": [6.5, 12, 10, 13], "texture": "#2"},
				"west": {"uv": [6.5, 12, 7, 13], "texture": "#2"},
				"up": {"uv": [6.5, 12, 10, 12.5], "texture": "#2"},
				"down": {"uv": [6.5, 13, 10, 12.5], "texture": "#2"}
			}
		},
		{
			"name": "3 Red Ring 1 x32",
			"from": [10, 10.5, 9.5],
			"to": [11.5, 11, 10.5],
			"faces": {
				"north": {"uv": [11.5, 5, 10, 5.5], "texture": "#2"},
				"east": {"uv": [11.5, 5, 11, 5.5], "texture": "#2"},
				"south": {"uv": [10, 5, 11.5, 5.5], "texture": "#2"},
				"west": {"uv": [10, 5, 10.5, 5.5], "texture": "#2"},
				"up": {"uv": [10, 5, 11.5, 5.5], "texture": "#2"},
				"down": {"uv": [10, 5.5, 11.5, 5], "texture": "#2"}
			}
		},
		{
			"name": "3 Red Ring 1 x32",
			"from": [10, 4.5, 9.5],
			"to": [11.5, 5, 10.5],
			"faces": {
				"north": {"uv": [11.5, 11, 10, 11.5], "texture": "#2"},
				"east": {"uv": [11.5, 11, 11, 11.5], "texture": "#2"},
				"south": {"uv": [10, 11, 11.5, 11.5], "texture": "#2"},
				"west": {"uv": [10, 11, 10.5, 11.5], "texture": "#2"},
				"up": {"uv": [10, 11, 11.5, 11.5], "texture": "#2"},
				"down": {"uv": [10, 11.5, 11.5, 11], "texture": "#2"}
			}
		},
		{
			"name": "3 Red Ring 1 x32",
			"from": [10.5, 10, 9.5],
			"to": [12, 10.5, 10.5],
			"faces": {
				"north": {"uv": [12, 5.5, 10.5, 6], "texture": "#2"},
				"east": {"uv": [12, 5.5, 11.5, 6], "texture": "#2"},
				"south": {"uv": [10.5, 5.5, 12, 6], "texture": "#2"},
				"west": {"uv": [10.5, 5.5, 11, 6], "texture": "#2"},
				"up": {"uv": [10.5, 5.5, 12, 6], "texture": "#2"},
				"down": {"uv": [10.5, 6, 12, 5.5], "texture": "#2"}
			}
		},
		{
			"name": "3 Red Ring 1 x32",
			"from": [10.5, 5, 9.5],
			"to": [12, 5.5, 10.5],
			"faces": {
				"north": {"uv": [12, 10.5, 10.5, 11], "texture": "#2"},
				"east": {"uv": [12, 10.5, 11.5, 11], "texture": "#2"},
				"south": {"uv": [10.5, 10.5, 12, 11], "texture": "#2"},
				"west": {"uv": [10.5, 10.5, 11, 11], "texture": "#2"},
				"up": {"uv": [10.5, 10.5, 12, 11], "texture": "#2"},
				"down": {"uv": [10.5, 11, 12, 10.5], "texture": "#2"}
			}
		},
		{
			"name": "3 Red Ring 1 x32",
			"from": [11, 9.5, 9.5],
			"to": [12, 10, 10.5],
			"faces": {
				"north": {"uv": [12, 6, 11, 6.5], "texture": "#2"},
				"east": {"uv": [12, 6, 11.5, 6.5], "texture": "#2"},
				"south": {"uv": [11, 6, 12, 6.5], "texture": "#2"},
				"west": {"uv": [11, 6, 11.5, 6.5], "texture": "#2"},
				"up": {"uv": [11, 6, 12, 6.5], "texture": "#2"},
				"down": {"uv": [11, 6.5, 12, 6], "texture": "#2"}
			}
		},
		{
			"name": "3 Red Ring 1 x32",
			"from": [11, 5.5, 9.5],
			"to": [12, 6, 10.5],
			"faces": {
				"north": {"uv": [12, 10, 11, 10.5], "texture": "#2"},
				"east": {"uv": [12, 10, 11.5, 10.5], "texture": "#2"},
				"south": {"uv": [11, 10, 12, 10.5], "texture": "#2"},
				"west": {"uv": [11, 10, 11.5, 10.5], "texture": "#2"},
				"up": {"uv": [11, 10, 12, 10.5], "texture": "#2"},
				"down": {"uv": [11, 10.5, 12, 10], "texture": "#2"}
			}
		},
		{
			"name": "3 Red Ring 1 x32",
			"from": [11.5, 6, 9.5],
			"to": [13, 9.5, 10.5],
			"faces": {
				"north": {"uv": [13, 6.5, 11.5, 10], "texture": "#2"},
				"east": {"uv": [13, 6.5, 12.5, 10], "texture": "#2"},
				"south": {"uv": [11.5, 6.5, 13, 10], "texture": "#2"},
				"west": {"uv": [11.5, 6.5, 12, 10], "texture": "#2"},
				"up": {"uv": [11.5, 6.5, 13, 7], "texture": "#2"},
				"down": {"uv": [11.5, 10, 13, 9.5], "texture": "#2"}
			}
		},
		{
			"name": "2 Blue Ring x32",
			"from": [5, 6, 10],
			"to": [6, 9.5, 11],
			"faces": {
				"north": {"uv": [6, 6.5, 5, 10], "texture": "#4"},
				"east": {"uv": [6, 6.5, 5.5, 10], "texture": "#4"},
				"south": {"uv": [5, 6.5, 6, 10], "texture": "#4"},
				"west": {"uv": [5, 6.5, 5.5, 10], "texture": "#4"},
				"up": {"uv": [5, 6.5, 6, 7], "texture": "#4"},
				"down": {"uv": [5, 10, 6, 9.5], "texture": "#4"}
			}
		},
		{
			"name": "2 Blue Ring x32",
			"from": [5.5, 9.5, 10],
			"to": [7.5, 10, 11],
			"faces": {
				"north": {"uv": [7.5, 6, 5.5, 6.5], "texture": "#4"},
				"east": {"uv": [7.5, 6, 7, 6.5], "texture": "#4"},
				"south": {"uv": [5.5, 6, 7.5, 6.5], "texture": "#4"},
				"west": {"uv": [5.5, 6, 6, 6.5], "texture": "#4"},
				"up": {"uv": [5.5, 6, 7.5, 6.5], "texture": "#4"},
				"down": {"uv": [5.5, 6.5, 7.5, 6], "texture": "#4"}
			}
		},
		{
			"name": "2 Blue Ring x32",
			"from": [5.5, 5.5, 10],
			"to": [11, 6, 11],
			"faces": {
				"north": {"uv": [11, 10, 5.5, 10.5], "texture": "#4"},
				"east": {"uv": [11, 10, 10.5, 10.5], "texture": "#4"},
				"south": {"uv": [5.5, 10, 11, 10.5], "texture": "#4"},
				"west": {"uv": [5.5, 10, 6, 10.5], "texture": "#4"},
				"up": {"uv": [5.5, 10, 11, 10.5], "texture": "#4"},
				"down": {"uv": [5.5, 10.5, 11, 10], "texture": "#4"}
			}
		},
		{
			"name": "2 Blue Ring x32",
			"from": [6, 10, 10],
			"to": [10.5, 10.5, 11],
			"faces": {
				"north": {"uv": [10.5, 5.5, 6, 6], "texture": "#4"},
				"east": {"uv": [10.5, 5.5, 10, 6], "texture": "#4"},
				"south": {"uv": [6, 5.5, 10.5, 6], "texture": "#4"},
				"west": {"uv": [6, 5.5, 6.5, 6], "texture": "#4"},
				"up": {"uv": [6, 5.5, 10.5, 6], "texture": "#4"},
				"down": {"uv": [6, 6, 10.5, 5.5], "texture": "#4"}
			}
		},
		{
			"name": "2 Blue Ring x32",
			"from": [6, 9, 10],
			"to": [7.5, 9.5, 11],
			"faces": {
				"north": {"uv": [7.5, 6.5, 6, 7], "texture": "#4"},
				"east": {"uv": [7.5, 6.5, 7, 7], "texture": "#4"},
				"south": {"uv": [6, 6.5, 7.5, 7], "texture": "#4"},
				"west": {"uv": [6, 6.5, 6.5, 7], "texture": "#4"},
				"up": {"uv": [6, 6.5, 7.5, 7], "texture": "#4"},
				"down": {"uv": [6, 7, 7.5, 6.5], "texture": "#4"}
			}
		},
		{
			"name": "2 Blue Ring x32",
			"from": [6, 6, 10],
			"to": [6.5, 8.5, 11],
			"faces": {
				"north": {"uv": [6.5, 7.5, 6, 10], "texture": "#4"},
				"east": {"uv": [6.5, 7.5, 6, 10], "texture": "#4"},
				"south": {"uv": [6, 7.5, 6.5, 10], "texture": "#4"},
				"west": {"uv": [6, 7.5, 6.5, 10], "texture": "#4"},
				"up": {"uv": [6, 7.5, 6.5, 8], "texture": "#4"},
				"down": {"uv": [6, 10, 6.5, 9.5], "texture": "#4"}
			}
		},
		{
			"name": "2 Blue Ring x32",
			"from": [6, 5, 10],
			"to": [10.5, 5.5, 11],
			"faces": {
				"north": {"uv": [10.5, 10.5, 6, 11], "texture": "#4"},
				"east": {"uv": [10.5, 10.5, 10, 11], "texture": "#4"},
				"south": {"uv": [6, 10.5, 10.5, 11], "texture": "#4"},
				"west": {"uv": [6, 10.5, 6.5, 11], "texture": "#4"},
				"up": {"uv": [6, 10.5, 10.5, 11], "texture": "#4"},
				"down": {"uv": [6, 11, 10.5, 10.5], "texture": "#4"}
			}
		},
		{
			"name": "2 Blue Ring x32",
			"from": [6.5, 10.5, 10],
			"to": [10, 11, 11],
			"faces": {
				"north": {"uv": [10, 5, 6.5, 5.5], "texture": "#4"},
				"east": {"uv": [10, 5, 9.5, 5.5], "texture": "#4"},
				"south": {"uv": [6.5, 5, 10, 5.5], "texture": "#4"},
				"west": {"uv": [6.5, 5, 7, 5.5], "texture": "#4"},
				"up": {"uv": [6.5, 5, 10, 5.5], "texture": "#4"},
				"down": {"uv": [6.5, 5.5, 10, 5], "texture": "#4"}
			}
		},
		{
			"name": "2 Blue Ring x32",
			"from": [6.5, 7, 10],
			"to": [7, 8, 11],
			"faces": {
				"north": {"uv": [7, 8, 6.5, 9], "texture": "#4"},
				"east": {"uv": [7, 8, 6.5, 9], "texture": "#4"},
				"south": {"uv": [6.5, 8, 7, 9], "texture": "#4"},
				"west": {"uv": [6.5, 8, 7, 9], "texture": "#4"},
				"up": {"uv": [6.5, 8, 7, 8.5], "texture": "#4"},
				"down": {"uv": [6.5, 9, 7, 8.5], "texture": "#4"}
			}
		},
		{
			"name": "2 Blue Ring x32",
			"from": [6.5, 4.5, 10],
			"to": [10, 5, 11],
			"faces": {
				"north": {"uv": [10, 11, 6.5, 11.5], "texture": "#4"},
				"east": {"uv": [10, 11, 9.5, 11.5], "texture": "#4"},
				"south": {"uv": [6.5, 11, 10, 11.5], "texture": "#4"},
				"west": {"uv": [6.5, 11, 7, 11.5], "texture": "#4"},
				"up": {"uv": [6.5, 11, 10, 11.5], "texture": "#4"},
				"down": {"uv": [6.5, 11.5, 10, 11], "texture": "#4"}
			}
		},
		{
			"name": "2 Blue Ring x32",
			"from": [7, 6, 10],
			"to": [9.5, 6.5, 11],
			"faces": {
				"north": {"uv": [9.5, 9.5, 7, 10], "texture": "#4"},
				"east": {"uv": [9.5, 9.5, 9, 10], "texture": "#4"},
				"south": {"uv": [7, 9.5, 9.5, 10], "texture": "#4"},
				"west": {"uv": [7, 9.5, 7.5, 10], "texture": "#4"},
				"up": {"uv": [7, 9.5, 9.5, 10], "texture": "#4"},
				"down": {"uv": [7, 10, 9.5, 9.5], "texture": "#4"}
			}
		},
		{
			"name": "2 Blue Ring x32",
			"from": [9, 9, 10],
			"to": [11, 10, 11],
			"faces": {
				"north": {"uv": [11, 6, 9, 7], "texture": "#4"},
				"east": {"uv": [11, 6, 10.5, 7], "texture": "#4"},
				"south": {"uv": [9, 6, 11, 7], "texture": "#4"},
				"west": {"uv": [9, 6, 9.5, 7], "texture": "#4"},
				"up": {"uv": [9, 6, 11, 6.5], "texture": "#4"},
				"down": {"uv": [9, 7, 11, 6.5], "texture": "#4"}
			}
		},
		{
			"name": "2 Blue Ring x32",
			"from": [9.5, 7, 10],
			"to": [11.5, 8, 11],
			"faces": {
				"north": {"uv": [11.5, 8, 9.5, 9], "texture": "#4"},
				"east": {"uv": [11.5, 8, 11, 9], "texture": "#4"},
				"south": {"uv": [9.5, 8, 11.5, 9], "texture": "#4"},
				"west": {"uv": [9.5, 8, 10, 9], "texture": "#4"},
				"up": {"uv": [9.5, 8, 11.5, 8.5], "texture": "#4"},
				"down": {"uv": [9.5, 9, 11.5, 8.5], "texture": "#4"}
			}
		},
		{
			"name": "2 Blue Ring x32",
			"from": [10, 8, 10],
			"to": [11.5, 8.5, 11],
			"faces": {
				"north": {"uv": [11.5, 7.5, 10, 8], "texture": "#4"},
				"east": {"uv": [11.5, 7.5, 11, 8], "texture": "#4"},
				"south": {"uv": [10, 7.5, 11.5, 8], "texture": "#4"},
				"west": {"uv": [10, 7.5, 10.5, 8], "texture": "#4"},
				"up": {"uv": [10, 7.5, 11.5, 8], "texture": "#4"},
				"down": {"uv": [10, 8, 11.5, 7.5], "texture": "#4"}
			}
		},
		{
			"name": "2 Blue Ring x32",
			"from": [10, 6, 10],
			"to": [11.5, 7, 11],
			"faces": {
				"north": {"uv": [11.5, 9, 10, 10], "texture": "#4"},
				"east": {"uv": [11.5, 9, 11, 10], "texture": "#4"},
				"south": {"uv": [10, 9, 11.5, 10], "texture": "#4"},
				"west": {"uv": [10, 9, 10.5, 10], "texture": "#4"},
				"up": {"uv": [10, 9, 11.5, 9.5], "texture": "#4"},
				"down": {"uv": [10, 10, 11.5, 9.5], "texture": "#4"}
			}
		},
		{
			"name": "2 Blue Ring x32",
			"from": [10.5, 8.5, 10],
			"to": [11.5, 9, 11],
			"faces": {
				"north": {"uv": [11.5, 7, 10.5, 7.5], "texture": "#4"},
				"east": {"uv": [11.5, 7, 11, 7.5], "texture": "#4"},
				"south": {"uv": [10.5, 7, 11.5, 7.5], "texture": "#4"},
				"west": {"uv": [10.5, 7, 11, 7.5], "texture": "#4"},
				"up": {"uv": [10.5, 7, 11.5, 7.5], "texture": "#4"},
				"down": {"uv": [10.5, 7.5, 11.5, 7], "texture": "#4"}
			}
		},
		{
			"name": "2 Blue Ring x32",
			"from": [11, 9, 10],
			"to": [11.5, 9.5, 11],
			"faces": {
				"north": {"uv": [11.5, 6.5, 11, 7], "texture": "#4"},
				"east": {"uv": [11.5, 6.5, 11, 7], "texture": "#4"},
				"south": {"uv": [11, 6.5, 11.5, 7], "texture": "#4"},
				"west": {"uv": [11, 6.5, 11.5, 7], "texture": "#4"},
				"up": {"uv": [11, 6.5, 11.5, 7], "texture": "#4"},
				"down": {"uv": [11, 7, 11.5, 6.5], "texture": "#4"}
			}
		},
		{
			"name": "1 Star x32",
			"from": [6, 8.5, 10.5],
			"to": [10.5, 9, 11.5],
			"faces": {
				"north": {"uv": [10.5, 7, 6, 7.5], "texture": "#3"},
				"east": {"uv": [10.5, 7, 10, 7.5], "texture": "#3"},
				"south": {"uv": [6, 7, 10.5, 7.5], "texture": "#3"},
				"west": {"uv": [6, 7, 6.5, 7.5], "texture": "#3"},
				"up": {"uv": [6, 7, 10.5, 7.5], "texture": "#3"},
				"down": {"uv": [6, 7.5, 10.5, 7], "texture": "#3"}
			}
		},
		{
			"name": "1 Star x32",
			"from": [6.5, 8, 10.5],
			"to": [10, 8.5, 11.5],
			"faces": {
				"north": {"uv": [10, 7.5, 6.5, 8], "texture": "#3"},
				"east": {"uv": [10, 7.5, 9.5, 8], "texture": "#3"},
				"south": {"uv": [6.5, 7.5, 10, 8], "texture": "#3"},
				"west": {"uv": [6.5, 7.5, 7, 8], "texture": "#3"},
				"up": {"uv": [6.5, 7.5, 10, 8], "texture": "#3"},
				"down": {"uv": [6.5, 8, 10, 7.5], "texture": "#3"}
			}
		},
		{
			"name": "1 Star x32",
			"from": [6.5, 6, 10.5],
			"to": [7, 7, 11.5],
			"faces": {
				"north": {"uv": [7, 9, 6.5, 10], "texture": "#3"},
				"east": {"uv": [7, 9, 6.5, 10], "texture": "#3"},
				"south": {"uv": [6.5, 9, 7, 10], "texture": "#3"},
				"west": {"uv": [6.5, 9, 7, 10], "texture": "#3"},
				"up": {"uv": [6.5, 9, 7, 9.5], "texture": "#3"},
				"down": {"uv": [6.5, 10, 7, 9.5], "texture": "#3"}
			}
		},
		{
			"name": "1 Star x32",
			"from": [7, 6.5, 10.5],
			"to": [9.5, 8, 11.5],
			"faces": {
				"north": {"uv": [9.5, 8, 7, 9.5], "texture": "#3"},
				"east": {"uv": [9.5, 8, 9, 9.5], "texture": "#3"},
				"south": {"uv": [7, 8, 9.5, 9.5], "texture": "#3"},
				"west": {"uv": [7, 8, 7.5, 9.5], "texture": "#3"},
				"up": {"uv": [7, 8, 9.5, 8.5], "texture": "#3"},
				"down": {"uv": [7, 9.5, 9.5, 9], "texture": "#3"}
			}
		},
		{
			"name": "1 Star x32",
			"from": [7.5, 9, 10.5],
			"to": [9, 10, 11.5],
			"faces": {
				"north": {"uv": [9, 6, 7.5, 7], "texture": "#3"},
				"east": {"uv": [9, 6, 8.5, 7], "texture": "#3"},
				"south": {"uv": [7.5, 6, 9, 7], "texture": "#3"},
				"west": {"uv": [7.5, 6, 8, 7], "texture": "#3"},
				"up": {"uv": [7.5, 6, 9, 6.5], "texture": "#3"},
				"down": {"uv": [7.5, 7, 9, 6.5], "texture": "#3"}
			}
		},
		{
			"name": "1 Star x32",
			"from": [9.5, 6, 10.5],
			"to": [10, 7, 11.5],
			"faces": {
				"north": {"uv": [10, 9, 9.5, 10], "texture": "#3"},
				"east": {"uv": [10, 9, 9.5, 10], "texture": "#3"},
				"south": {"uv": [9.5, 9, 10, 10], "texture": "#3"},
				"west": {"uv": [9.5, 9, 10, 10], "texture": "#3"},
				"up": {"uv": [9.5, 9, 10, 9.5], "texture": "#3"},
				"down": {"uv": [9.5, 10, 10, 9.5], "texture": "#3"}
			}
		}
	],
	"display": {
		"thirdperson_righthand": {
			"rotation": [90, 90, -90],
			"translation": [0.75, -2.25, 3.25],
			"scale": [0.9, 0.9, 0.9]
		},
		"thirdperson_lefthand": {
			"rotation": [-90, 90, 90],
			"translation": [1, -1.75, 2.75],
			"scale": [0.9, 0.9, 0.9]
		},
		"firstperson_righthand": {
			"rotation": [4, 100, 0]
		},
		"firstperson_lefthand": {
			"rotation": [-6, 92, 0]
		},
		"ground": {
			"rotation": [-90, 0, 0],
			"translation": [0, -3.5, 0],
			"scale": [0.7, 0.7, 0.7]
		},
		"gui": {
			"rotation": [-23, 2, 2],
			"translation": [-0.1, 0.6, -0.5],
			"scale": [0.95, 0.95, 0.95]
		},
		"head": {
			"translation": [0, -14.5, 2.25],
			"scale": [1.3, 1.3, 1.3]
		},
		"fixed": {
			"rotation": [0, 180, 0],
			"translation": [0, 0, 2.25],
			"scale": [2.4, 2.4, 2.4]
		}
	},
	"groups": [
		{
			"name": "Shield",
			"origin": [8, 8, 8],
			"children": [
				{
					"name": "diamond_sword",
					"origin": [8, 8, 8],
					"children": [0, 1, 2, 3, 4, 5, 6, 7, 8, 9, 10, 11, 12, 13, 14, 15, 16, 17, 18, 19, 20, 21, 22, 23, 24, 25, 26, 27, 28, 29, 30, 31, 32, 33, 34, 35, 36, 37, 38, 39, 40, 41, 42, 43, 44, 45, 46, 47, 48, 49, 50, 51, 52, 53, 54, 55, 56, 57, 58, 59, 60, 61, 62, 63, 64, 65, 66, 67, 68, 69, 70, 71, 72, 73, 74, 75, 76, 77, 78, 79, 80, 81, 82, 83, 84, 85, 86, 87, 88, 89, 90, 91, 92, 93, 94, 95, 96, 97, 98, 99, 100, 101, 102, 103, 104, 105, 106, 107, 108, 109, 110, 111, 112, 113, 114, 115]
				}
			]
		}
	]
}