{
	"credit": "Made with Mr_JSPA",
	"textures": {
		"0": "./dog",
		"particle": "./dog"
	},
	"elements": [
		{
			"from": [6.5, 0, 4],
			"to": [9.5, 3, 5],
			"faces": {
				"north": {"uv": [0, 13, 3, 16], "texture": "#0"},
				"east": {"uv": [3, 10, 4, 13], "texture": "#0"},
				"south": {"uv": [4, 13, 7, 16], "texture": "#0"},
				"west": {"uv": [3, 13, 4, 16], "texture": "#0"},
				"up": {"uv": [0, 12, 3, 13], "texture": "#0"},
				"down": {"uv": [4, 12, 7, 13], "texture": "#0"}
			}
		},
		{
			"from": [6.5, 3, 3],
			"to": [9.5, 5, 5],
			"faces": {
				"north": {"uv": [10, 8, 13, 10], "texture": "#0"},
				"east": {"uv": [8, 6, 10, 8], "texture": "#0"},
				"south": {"uv": [10, 6, 13, 8], "texture": "#0"},
				"west": {"uv": [8, 8, 10, 10], "texture": "#0"},
				"up": {"uv": [13, 6, 16, 8], "texture": "#0"},
				"down": {"uv": [13, 8, 16, 10], "texture": "#0"}
			}
		},
		{
			"from": [9, 6.75, 10.5],
			"to": [12, 9.75, 11.5],
			"rotation": {"angle": -22.5, "axis": "x", "origin": [0, 0, 0]},
			"faces": {
				"north": {"uv": [13, 0, 16, 3], "texture": "#0"},
				"east": {"uv": [7, 0, 8, 3], "texture": "#0"},
				"south": {"uv": [3, 0, 6, 3], "texture": "#0"},
				"west": {"uv": [6, 0, 7, 3], "texture": "#0"},
				"up": {"uv": [6, 3, 9, 4], "texture": "#0"},
				"down": {"uv": [3, 3, 6, 4], "texture": "#0"}
			}
		},
		{
			"from": [9, 9.75, 8.5],
			"to": [12, 10.75, 10.5],
			"rotation": {"angle": -22.5, "axis": "x", "origin": [0, 0, 0]},
			"faces": {
				"north": {"uv": [3, 0, 6, 1], "texture": "#0"},
				"east": {"uv": [6, 1, 8, 2], "texture": "#0"},
				"south": {"uv": [6, 2, 9, 3], "texture": "#0"},
				"west": {"uv": [6, 0, 8, 1], "texture": "#0"},
				"up": {"uv": [3, 1, 6, 3], "texture": "#0"},
				"down": {"uv": [10, 3, 13, 5], "texture": "#0"}
			}
		},
		{
			"from": [4, 9.75, 8.5],
			"to": [7, 10.75, 10.5],
			"rotation": {"angle": -22.5, "axis": "x", "origin": [0, 0, 0]},
			"faces": {
				"north": {"uv": [6, 2, 9, 3], "texture": "#0"},
				"east": {"uv": [6, 3, 8, 4], "texture": "#0"},
				"south": {"uv": [3, 2, 6, 3], "texture": "#0"},
				"west": {"uv": [6, 4, 8, 5], "texture": "#0"},
				"up": {"uv": [3, 3, 6, 5], "texture": "#0"},
				"down": {"uv": [13, 3, 16, 5], "texture": "#0"}
			}
		},
		{
			"from": [4, 6.75, 10.5],
			"to": [7, 9.75, 11.5],
			"rotation": {"angle": -22.5, "axis": "x", "origin": [0, 0, 0]},
			"faces": {
				"north": {"uv": [10, 0, 13, 3], "texture": "#0"},
				"east": {"uv": [7, 0, 8, 3], "texture": "#0"},
				"south": {"uv": [3, 0, 6, 3], "texture": "#0"},
				"west": {"uv": [6, 0, 7, 3], "texture": "#0"},
				"up": {"uv": [3, 3, 6, 4], "texture": "#0"},
				"down": {"uv": [3, 4, 6, 5], "texture": "#0"}
			}
		}
	],
	"display": {
		"head": {
			"translation": [0, 2.5, -1.5],
			"scale": [1.5, 1.4, 1.4]
		}
	}
}