{
	"credit": "Made with Blockbench",
	"texture_size": [64, 64],
	"textures": {
		"0": "./ps5_texture"
	},
	"elements": [
		{
			"from": [6.5, 0, 4.5],
			"to": [9.5, 15, 11.5],
			"rotation": {"angle": 0, "axis": "y", "origin": [15.5, 8, 15.5]},
			"faces": {
				"north": {"uv": [1.75, 12, 2.5, 15.75], "texture": "#0"},
				"east": {"uv": [0, 12, 1.75, 15.75], "texture": "#0"},
				"south": {"uv": [4.25, 12, 5, 15.75], "texture": "#0"},
				"west": {"uv": [2.5, 12, 4.25, 15.75], "texture": "#0"},
				"up": {"uv": [2.5, 12, 1.75, 10.25], "texture": "#0"},
				"down": {"uv": [3.25, 10.25, 2.5, 12], "texture": "#0"}
			}
		},
		{
			"from": [5.5, 0, 3.5],
			"to": [6.5, 16, 12.5],
			"rotation": {"angle": 0, "axis": "y", "origin": [13.5, 8, 15.5]},
			"faces": {
				"north": {"uv": [13.25, 2.25, 13.5, 6.25], "texture": "#0"},
				"east": {"uv": [11, 2.25, 13.25, 6.25], "texture": "#0"},
				"south": {"uv": [15.75, 2.25, 16, 6.25], "texture": "#0"},
				"west": {"uv": [13.5, 2.25, 15.75, 6.25], "texture": "#0"},
				"up": {"uv": [13.5, 2.25, 13.25, 0], "texture": "#0"},
				"down": {"uv": [13.75, 0, 13.5, 2.25], "texture": "#0"}
			}
		},
		{
			"from": [9.5, 0, 3.5],
			"to": [10.5, 16, 12.5],
			"rotation": {"angle": 0, "axis": "y", "origin": [17.5, 8, 15.5]},
			"faces": {
				"north": {"uv": [5.25, 5, 5.5, 9], "texture": "#0"},
				"east": {"uv": [3, 5, 5.25, 9], "texture": "#0"},
				"south": {"uv": [7.75, 5, 8, 9], "texture": "#0"},
				"west": {"uv": [5.5, 5, 7.75, 9], "texture": "#0"},
				"up": {"uv": [5.5, 5, 5.25, 2.75], "texture": "#0"},
				"down": {"uv": [5.75, 2.75, 5.5, 5], "texture": "#0"}
			}
		},
		{
			"from": [6, 0.25, 3.25],
			"to": [6, 10.25, 4.25],
			"rotation": {"angle": 0, "axis": "y", "origin": [-6, 8.25, 11.25]},
			"faces": {
				"north": {"uv": [0.25, 13.5, 0.25, 16], "texture": "#0"},
				"east": {"uv": [0, 13.5, 0.25, 16], "texture": "#0"},
				"south": {"uv": [0.5, 13.5, 0.5, 16], "texture": "#0"},
				"west": {"uv": [0.25, 13.5, 0.5, 16], "texture": "#0"},
				"up": {"uv": [0.25, 13.5, 0.25, 13.25], "rotation": 90, "texture": "#0"},
				"down": {"uv": [0.25, 13.25, 0.25, 13.5], "rotation": 270, "texture": "#0"}
			}
		}
	],
	"display": {
		"thirdperson_righthand": {
			"translation": [0, 3.5, 0],
			"scale": [0.75, 0.75, 0.75]
		},
		"thirdperson_lefthand": {
			"translation": [0, 3.5, 0],
			"scale": [0.75, 0.75, 0.75]
		},
		"firstperson_righthand": {
			"rotation": [0, -150.5, 0],
			"translation": [0, 2.75, 2.75],
			"scale": [0.75, 0.75, 0.75]
		},
		"firstperson_lefthand": {
			"translation": [-0.75, 1.75, 2.75],
			"scale": [0.75, 0.75, 0.75]
		},
		"ground": {
			"translation": [0, 3.25, 0],
			"scale": [0.5, 0.5, 0.5]
		},
		"gui": {
			"rotation": [17.5, -125.25, 0],
			"scale": [0.75, 0.75, 0.75]
		},
		"fixed": {
			"rotation": [-90, 0, 0],
			"translation": [0, 0, -12],
			"scale": [1.2, 1.6, 1.6]
		}
	},
	"groups": [
		{
			"name": "group",
			"origin": [17, 8, 15.5],
			"children": [0, 1, 2, 3]
		}
	]
}