{
	"credit": "Made with Blockbench",
	"texture_size": [32, 32],
	"textures": {
		"0": "./nintendo_switch_texture"
	},
	"elements": [
		{
			"from": [10.5, 0, 13],
			"to": [11.5, 1, 15],
			"rotation": {"angle": 0, "axis": "y", "origin": [17.5, 8, 22]},
			"faces": {
				"north": {"uv": [14, 3, 14.5, 3.5], "texture": "#0"},
				"east": {"uv": [13, 3, 14, 3.5], "texture": "#0"},
				"south": {"uv": [15.5, 3, 16, 3.5], "texture": "#0"},
				"west": {"uv": [14.5, 3, 15.5, 3.5], "texture": "#0"},
				"up": {"uv": [14.5, 3, 14, 2], "texture": "#0"},
				"down": {"uv": [15, 2, 14.5, 3], "texture": "#0"}
			}
		},
		{
			"from": [9, 0.75, 1],
			"to": [10, 1.75, 2],
			"rotation": {"angle": 0, "axis": "y", "origin": [13, 8.75, 10]},
			"faces": {
				"north": {"uv": [0.5, 15.5, 1, 16], "texture": "#0"},
				"east": {"uv": [0, 15.5, 0.5, 16], "texture": "#0"},
				"south": {"uv": [1.5, 15.5, 2, 16], "texture": "#0"},
				"west": {"uv": [1, 15.5, 1.5, 16], "texture": "#0"},
				"up": {"uv": [1, 15.5, 0.5, 15], "texture": "#0"},
				"down": {"uv": [1.5, 15, 1, 15.5], "texture": "#0"}
			}
		},
		{
			"from": [10.5, 0, 1],
			"to": [11.5, 1, 3],
			"rotation": {"angle": 0, "axis": "y", "origin": [17.5, 8, 10]},
			"faces": {
				"north": {"uv": [1, 3, 1.5, 3.5], "texture": "#0"},
				"east": {"uv": [0, 3, 1, 3.5], "texture": "#0"},
				"south": {"uv": [2.5, 3, 3, 3.5], "texture": "#0"},
				"west": {"uv": [1.5, 3, 2.5, 3.5], "texture": "#0"},
				"up": {"uv": [1.5, 3, 1, 2], "texture": "#0"},
				"down": {"uv": [2, 2, 1.5, 3], "texture": "#0"}
			}
		},
		{
			"from": [5.5, 0, 0],
			"to": [10.5, 1, 3],
			"rotation": {"angle": 0, "axis": "y", "origin": [12.5, 8, 10]},
			"faces": {
				"north": {"uv": [1.5, 1.5, 4, 2], "texture": "#0"},
				"east": {"uv": [0, 1.5, 1.5, 2], "texture": "#0"},
				"south": {"uv": [5.5, 1.5, 8, 2], "texture": "#0"},
				"west": {"uv": [4, 1.5, 5.5, 2], "texture": "#0"},
				"up": {"uv": [4, 1.5, 1.5, 0], "texture": "#0"},
				"down": {"uv": [6.5, 0, 4, 1.5], "texture": "#0"}
			}
		},
		{
			"from": [4.5, 0, 3],
			"to": [11.5, 1, 13],
			"rotation": {"angle": 0, "axis": "y", "origin": [15.5, 8, 15]},
			"faces": {
				"north": {"uv": [5, 14.5, 8.5, 15], "texture": "#0"},
				"east": {"uv": [0, 14.5, 5, 15], "texture": "#0"},
				"south": {"uv": [13.5, 14.5, 17, 15], "texture": "#0"},
				"west": {"uv": [8.5, 14.5, 13.5, 15], "texture": "#0"},
				"up": {"uv": [8.5, 14.5, 5, 9.5], "texture": "#0"},
				"down": {"uv": [12, 9.5, 8.5, 14.5], "texture": "#0"}
			}
		},
		{
			"from": [5.5, 0, 13],
			"to": [10.5, 1, 16],
			"rotation": {"angle": 0, "axis": "y", "origin": [12.5, 8, 23]},
			"faces": {
				"north": {"uv": [9.5, 1.5, 12, 2], "texture": "#0"},
				"east": {"uv": [8, 1.5, 9.5, 2], "texture": "#0"},
				"south": {"uv": [13.5, 1.5, 16, 2], "texture": "#0"},
				"west": {"uv": [12, 1.5, 13.5, 2], "texture": "#0"},
				"up": {"uv": [12, 1.5, 9.5, 0], "texture": "#0"},
				"down": {"uv": [14.5, 0, 12, 1.5], "texture": "#0"}
			}
		},
		{
			"from": [6, 0.75, 14],
			"to": [7, 1.75, 15],
			"rotation": {"angle": 0, "axis": "y", "origin": [10, 8.75, 23]},
			"faces": {
				"north": {"uv": [0.5, 15.5, 1, 16], "texture": "#0"},
				"east": {"uv": [0, 15.5, 0.5, 16], "texture": "#0"},
				"south": {"uv": [1.5, 15.5, 2, 16], "texture": "#0"},
				"west": {"uv": [1, 15.5, 1.5, 16], "texture": "#0"},
				"up": {"uv": [1, 15.5, 0.5, 15], "texture": "#0"},
				"down": {"uv": [1.5, 15, 1, 15.5], "texture": "#0"}
			}
		},
		{
			"from": [4.5, 0, 13],
			"to": [5.5, 1, 15],
			"rotation": {"angle": 0, "axis": "y", "origin": [11.5, 8, 22]},
			"faces": {
				"north": {"uv": [14, 4.5, 14.5, 5], "texture": "#0"},
				"east": {"uv": [13, 4.5, 14, 5], "texture": "#0"},
				"south": {"uv": [15.5, 4.5, 16, 5], "texture": "#0"},
				"west": {"uv": [14.5, 4.5, 15.5, 5], "texture": "#0"},
				"up": {"uv": [14.5, 4.5, 14, 3.5], "texture": "#0"},
				"down": {"uv": [15, 3.5, 14.5, 4.5], "texture": "#0"}
			}
		},
		{
			"from": [4.5, 0, 1],
			"to": [5.5, 1, 3],
			"rotation": {"angle": 0, "axis": "y", "origin": [11.5, 8, 10]},
			"faces": {
				"north": {"uv": [1, 4.5, 1.5, 5], "texture": "#0"},
				"east": {"uv": [0, 4.5, 1, 5], "texture": "#0"},
				"south": {"uv": [2.5, 4.5, 3, 5], "texture": "#0"},
				"west": {"uv": [1.5, 4.5, 2.5, 5], "texture": "#0"},
				"up": {"uv": [1.5, 4.5, 1, 3.5], "texture": "#0"},
				"down": {"uv": [2, 3.5, 1.5, 4.5], "texture": "#0"}
			}
		}
	],
	"display": {
		"thirdperson_righthand": {
			"rotation": [107.5, 90, 0],
			"translation": [0, 0.25, 7],
			"scale": [0.75, 0.75, 0.75]
		},
		"thirdperson_lefthand": {
			"rotation": [107.5, 90, 0],
			"translation": [0, 0.25, 7],
			"scale": [0.75, 0.75, 0.75]
		},
		"firstperson_righthand": {
			"rotation": [-6, 90, 90],
			"translation": [-4.25, 3.75, 6.5]
		},
		"firstperson_lefthand": {
			"rotation": [0, 90, 90],
			"translation": [-5, 4.75, 9]
		},
		"ground": {
			"translation": [0, 5, 0],
			"scale": [0.5, 0.5, 0.5]
		},
		"gui": {
			"rotation": [0, 69.5, 68],
			"translation": [-2, 2.5, 0],
			"scale": [0.85, 0.85, 0.85]
		},
		"fixed": {
			"rotation": [0, -90, 90],
			"translation": [0, 0, -12.25],
			"scale": [1.6, 1.6, 1.6]
		}
	},
	"groups": [
		{
			"name": "group",
			"origin": [8, 8, 8],
			"children": [0, 1, 2, 3, 4, 5, 6, 7, 8]
		}
	]
}