{
	"credit": "Made with Blockbench",
	"textures": {
		"0": "./sword",
		"particle": "./sword"
	},
	"elements": [
		{
			"from": [7.25, 1, 7],
			"to": [8.75, 4, 8],
			"rotation": {"angle": 0, "axis": "y", "origin": [16, 8.5, 15]},
			"faces": {
				"north": {"uv": [6, 14, 8, 16], "texture": "#0"},
				"east": {"uv": [6, 14, 7, 16], "texture": "#0"},
				"south": {"uv": [6, 14, 8, 16], "texture": "#0"},
				"west": {"uv": [6, 14, 7, 16], "texture": "#0"},
				"up": {"uv": [6, 14, 7.5, 15], "texture": "#0"},
				"down": {"uv": [6, 14, 7.5, 15], "texture": "#0"}
			}
		},
		{
			"from": [6.75, 1.5, 7],
			"to": [9.25, 3.5, 8],
			"rotation": {"angle": 0, "axis": "y", "origin": [14, 9.5, 15]},
			"faces": {
				"north": {"uv": [6, 14, 7, 16], "texture": "#0"},
				"east": {"uv": [6, 14, 7, 16], "texture": "#0"},
				"south": {"uv": [6, 14, 8, 16], "texture": "#0"},
				"west": {"uv": [7, 14, 8, 16], "texture": "#0"},
				"up": {"uv": [7, 14, 8, 16], "texture": "#0"},
				"down": {"uv": [6, 14, 7.5, 15], "texture": "#0"}
			}
		},
		{
			"from": [7.25, 4, 7.25],
			"to": [8.75, 10, 7.75],
			"rotation": {"angle": 0, "axis": "y", "origin": [15, 12, 15]},
			"faces": {
				"north": {"uv": [0, 10, 1.5, 16], "texture": "#0"},
				"east": {"uv": [0, 10, 0.5, 16], "texture": "#0"},
				"south": {"uv": [0, 10, 1.5, 16], "texture": "#0"},
				"west": {"uv": [0, 10, 0.5, 16], "texture": "#0"},
				"up": {"uv": [0, 0, 1.5, 0.5], "texture": "#0"},
				"down": {"uv": [0, 0, 1.5, 0.5], "texture": "#0"}
			}
		},
		{
			"from": [6.75, 9.5, 7],
			"to": [9.25, 10, 8],
			"rotation": {"angle": 0, "axis": "y", "origin": [15, 17, 15]},
			"faces": {
				"north": {"uv": [0, 0, 2.5, 0.5], "texture": "#0"},
				"east": {"uv": [0, 0, 1, 0.5], "texture": "#0"},
				"south": {"uv": [0, 0, 2.5, 0.5], "texture": "#0"},
				"west": {"uv": [0, 0, 1, 0.5], "texture": "#0"},
				"up": {"uv": [0, 0, 2.5, 1], "texture": "#0"},
				"down": {"uv": [0, 0, 2.5, 1], "texture": "#0"}
			}
		},
		{
			"from": [5.75, 10, 7],
			"to": [10.25, 10.25, 8],
			"rotation": {"angle": 0, "axis": "y", "origin": [14, 17.5, 15]},
			"faces": {
				"north": {"uv": [0, 0, 4.5, 0.25], "texture": "#0"},
				"east": {"uv": [0, 0, 1, 0.25], "texture": "#0"},
				"south": {"uv": [0, 0, 4.5, 0.25], "texture": "#0"},
				"west": {"uv": [0, 0, 1, 0.25], "texture": "#0"},
				"up": {"uv": [0, 0, 4.5, 1], "texture": "#0"},
				"down": {"uv": [0, 0, 4.5, 1], "texture": "#0"}
			}
		},
		{
			"from": [10, 10.25, 7],
			"to": [11, 10.5, 8],
			"rotation": {"angle": 0, "axis": "y", "origin": [18, 18.25, 15]},
			"faces": {
				"north": {"uv": [0, 0, 1, 0.25], "texture": "#0"},
				"east": {"uv": [0, 0, 1, 0.25], "texture": "#0"},
				"south": {"uv": [0, 0, 1, 0.25], "texture": "#0"},
				"west": {"uv": [0, 0, 1, 0.25], "texture": "#0"},
				"up": {"uv": [0, 0, 1, 1], "texture": "#0"},
				"down": {"uv": [0, 0, 1, 1], "texture": "#0"}
			}
		},
		{
			"from": [5, 10.25, 7],
			"to": [6, 10.5, 8],
			"rotation": {"angle": 0, "axis": "y", "origin": [13, 18.25, 15]},
			"faces": {
				"north": {"uv": [0, 0, 1, 0.25], "texture": "#0"},
				"east": {"uv": [0, 0, 1, 0.25], "texture": "#0"},
				"south": {"uv": [10, 14, 11, 15], "texture": "#0"},
				"west": {"uv": [0, 0, 1, 0.25], "texture": "#0"},
				"up": {"uv": [0, 0, 1, 1], "texture": "#0"},
				"down": {"uv": [0, 0, 1, 1], "texture": "#0"}
			}
		},
		{
			"from": [7, 10, 7.25],
			"to": [9, 30, 7.75],
			"rotation": {"angle": 0, "axis": "y", "origin": [15, 18, 15]},
			"faces": {
				"north": {"uv": [11, 1, 14, 12], "texture": "#0"},
				"east": {"uv": [11, 1, 12, 12], "texture": "#0"},
				"south": {"uv": [11, 1, 14, 12], "texture": "#0"},
				"west": {"uv": [11, 1, 12, 12], "texture": "#0"},
				"up": {"uv": [11, 1, 12, 2.5], "texture": "#0"},
				"down": {"uv": [0, 0, 2, 0.5], "texture": "#0"}
			}
		},
		{
			"from": [7.25, 30, 7.25],
			"to": [8.75, 30.5, 7.75],
			"rotation": {"angle": 0, "axis": "y", "origin": [15, 37, 15]},
			"faces": {
				"north": {"uv": [11, 2, 11.5, 11.5], "texture": "#0"},
				"east": {"uv": [11, 2, 11.5, 2.5], "texture": "#0"},
				"south": {"uv": [12, 0, 12.5, 0.5], "texture": "#0"},
				"west": {"uv": [11, 2, 11.5, 2.5], "texture": "#0"},
				"up": {"uv": [11, 2, 11.5, 2.5], "texture": "#0"},
				"down": {"uv": [11, 2, 11.5, 2.5], "texture": "#0"}
			}
		},
		{
			"from": [7.5, 30.5, 7.25],
			"to": [8.5, 31, 7.75],
			"rotation": {"angle": 0, "axis": "y", "origin": [15, 37.5, 15]},
			"faces": {
				"north": {"uv": [12, 11, 13, 11.5], "texture": "#0"},
				"east": {"uv": [11, 11, 11.5, 11.5], "texture": "#0"},
				"south": {"uv": [11, 1, 12, 1.5], "texture": "#0"},
				"west": {"uv": [11, 2, 11.5, 2.5], "texture": "#0"},
				"up": {"uv": [11, 11, 12, 11.5], "texture": "#0"},
				"down": {"uv": [11, 10, 12, 10.5], "texture": "#0"}
			}
		},
		{
			"from": [7.75, 31, 7.25],
			"to": [8.25, 31.25, 7.75],
			"rotation": {"angle": 0, "axis": "y", "origin": [15, 38, 15]},
			"faces": {
				"north": {"uv": [11, 4, 11.5, 5.25], "texture": "#0"},
				"east": {"uv": [11, 3, 11.5, 4.25], "texture": "#0"},
				"south": {"uv": [11, 3, 11.5, 4.25], "texture": "#0"},
				"west": {"uv": [13, 4, 13.5, 5.25], "texture": "#0"},
				"up": {"uv": [11, 8, 11.5, 8.5], "texture": "#0"},
				"down": {"uv": [11, 8, 12, 9.5], "texture": "#0"}
			}
		}
	],
	"display": {
		"thirdperson_righthand": {
			"rotation": [0, 90, 0],
			"translation": [0.5, -0.5, 1.25]
		},
		"thirdperson_lefthand": {
			"rotation": [0, 90, 0],
			"translation": [0.5, -0.5, 1.25]
		},
		"firstperson_righthand": {
			"rotation": [0, 90, 0],
			"translation": [0, -1.5, 0],
			"scale": [0.8, 0.8, 0.8]
		},
		"firstperson_lefthand": {
			"rotation": [0, 90, 0],
			"translation": [0, -1.5, 0],
			"scale": [0.8, 0.8, 0.8]
		},
		"ground": {
			"rotation": [-90, 0, 0],
			"translation": [0, 0, 6.5]
		},
		"gui": {
			"rotation": [0, 0, -40.5],
			"translation": [-2.75, -3.75, 0],
			"scale": [0.65, 0.65, 0.65]
		},
		"head": {
			"rotation": [174.25, 0, 30.25],
			"translation": [12.75, 14, 0]
		},
		"fixed": {
			"rotation": [130.25, 90, 0],
			"translation": [0, 15.25, -18],
			"scale": [2, 2, 2]
		}
	},
	"groups": [
		{
			"name": "group",
			"origin": [8, 8, 8],
			"children": [0, 1, 2, 3, 4, 5, 6, 7, 8, 9, 10]
		}
	]
}