{
	"credit": "Made with Blockbench",
	"textures": {
		"particle": "./side",
		"side": "./side",
		"top": "./top",
		"candle": "./candle_lit",
		"bottom": "./bottom"
	},
	"elements": [
		{
			"from": [1, 0, 1],
			"to": [15, 8, 15],
			"faces": {
				"north": {"uv": [1, 8, 15, 16], "texture": "#side"},
				"east": {"uv": [1, 8, 15, 16], "texture": "#side"},
				"south": {"uv": [1, 8, 15, 16], "texture": "#side"},
				"west": {"uv": [1, 8, 15, 16], "texture": "#side"},
				"up": {"uv": [1, 1, 15, 15], "texture": "#top"},
				"down": {"uv": [1, 1, 15, 15], "texture": "#bottom", "cullface": "down"}
			}
		},
		{
			"from": [7, 8, 7],
			"to": [9, 14, 9],
			"faces": {
				"north": {"uv": [4, 6, 6, 12], "texture": "#candle"},
				"east": {"uv": [6, 6, 8, 12], "texture": "#candle"},
				"south": {"uv": [8, 6, 10, 12], "texture": "#candle"},
				"west": {"uv": [10, 6, 12, 12], "texture": "#candle"},
				"up": {"uv": [6, 4, 8, 6], "texture": "#candle"}
			}
		}
	],
	"display": {
		"thirdperson_righthand": {
			"translation": [0, 4, 0],
			"scale": [0.7, 0.7, 0.7]
		},
		"thirdperson_lefthand": {
			"translation": [0, 4, 0],
			"scale": [0.7, 0.7, 0.7]
		},
		"firstperson_righthand": {
			"translation": [0, 2.5, -0.25]
		},
		"firstperson_lefthand": {
			"translation": [0, 1, -0.5]
		},
		"ground": {
			"translation": [0, 3.5, 0],
			"scale": [0.7, 0.7, 0.7]
		},
		"gui": {
			"rotation": [26, 31, 0],
			"translation": [0.25, 1.75, 0],
			"scale": [0.7, 0.7, 0.7]
		},
		"fixed": {
			"rotation": [-90, 0, 0],
			"translation": [0, 0, -13],
			"scale": [1.75, 1.75, 1.75]
		}
	}
}