{
	"credit": "Made with Blockbench",
	"textures": {
		"0": "./magic",
		"1": "./black",
		"particle": "./magic"
	},
	"elements": [
		{
			"from": [2, 0, 2],
			"to": [14, 2, 14],
			"rotation": {"angle": 0, "axis": "y", "origin": [20, 8, 11]},
			"faces": {
				"north": {"uv": [0, 0, 12, 2], "texture": "#0"},
				"east": {"uv": [0, 0, 12, 2], "texture": "#0"},
				"south": {"uv": [0, 0, 12, 2], "texture": "#0"},
				"west": {"uv": [0, 0, 12, 2], "texture": "#0"},
				"up": {"uv": [0, 0, 12, 12], "texture": "#0"},
				"down": {"uv": [0, 4, 12, 16], "texture": "#0"}
			}
		},
		{
			"from": [3, 2, 3],
			"to": [13, 4, 13],
			"rotation": {"angle": 0, "axis": "y", "origin": [20, 10, 11]},
			"faces": {
				"north": {"uv": [0, 10, 10, 16], "texture": "#1"},
				"east": {"uv": [0, 1, 10, 3], "texture": "#1"},
				"south": {"uv": [0, 1, 10, 3], "texture": "#1"},
				"west": {"uv": [0, 1, 10, 3], "texture": "#1"},
				"up": {"uv": [0, 0, 10, 10], "texture": "#1"},
				"down": {"uv": [0, 0, 10, 10], "texture": "#1"}
			}
		},
		{
			"from": [4, 0, 6.5],
			"to": [12, 4.25, 14.5],
			"rotation": {"angle": 22.5, "axis": "x", "origin": [20, 8.75, 13.5]},
			"faces": {
				"north": {"uv": [0, 0, 8, 4.25], "texture": "#0"},
				"east": {"uv": [0, 0, 8, 4.25], "texture": "#0"},
				"south": {"uv": [0, 0, 8, 4.25], "texture": "#0"},
				"west": {"uv": [0, 0, 8, 4.25], "texture": "#0"},
				"up": {"uv": [0, 0, 8, 8], "texture": "#0"},
				"down": {"uv": [0, 0, 8, 8], "texture": "#0"}
			}
		},
		{
			"from": [4.75, 4, 7.25],
			"to": [11.25, 6.5, 13.75],
			"rotation": {"angle": 22.5, "axis": "x", "origin": [20, 9, 13.5]},
			"faces": {
				"north": {"uv": [0, 0, 6.5, 2.5], "texture": "#0"},
				"east": {"uv": [0, 0, 6.5, 2.5], "texture": "#0"},
				"south": {"uv": [0, 0, 6.5, 2.5], "texture": "#0"},
				"west": {"uv": [0, 0, 6.5, 2.5], "texture": "#0"},
				"up": {"uv": [0, 0, 6.5, 6.5], "texture": "#0"},
				"down": {"uv": [0, 0, 6.5, 6.5], "texture": "#0"}
			}
		},
		{
			"from": [5.5, 3.25, 8.75],
			"to": [10.5, 6.75, 13.75],
			"rotation": {"angle": 45, "axis": "x", "origin": [20, 8.25, 14.25]},
			"faces": {
				"north": {"uv": [0, 0, 5, 3.5], "texture": "#0"},
				"east": {"uv": [0, 0, 5, 3.5], "texture": "#0"},
				"south": {"uv": [0, 0, 5, 3.5], "texture": "#0"},
				"west": {"uv": [0, 0, 5, 3.5], "texture": "#0"},
				"up": {"uv": [0, 0, 5, 5], "texture": "#0"},
				"down": {"uv": [0, 0, 5, 5], "texture": "#0"}
			}
		},
		{
			"from": [6, 7.75, 11],
			"to": [10, 11.75, 15],
			"rotation": {"angle": -22.5, "axis": "x", "origin": [20, 6.75, 12.5]},
			"faces": {
				"north": {"uv": [0, 0, 4, 4], "rotation": 180, "texture": "#0"},
				"east": {"uv": [0, 0, 4, 4], "rotation": 270, "texture": "#0"},
				"south": {"uv": [0, 0, 4, 4], "texture": "#0"},
				"west": {"uv": [0, 0, 4, 4], "rotation": 90, "texture": "#0"},
				"up": {"uv": [0, 0, 4, 4], "rotation": 180, "texture": "#0"},
				"down": {"uv": [0, 0, 4, 4], "texture": "#0"}
			}
		},
		{
			"from": [6.5, 9, 12],
			"to": [9.5, 12, 16],
			"rotation": {"angle": 0, "axis": "x", "origin": [20, 7.5, 10.5]},
			"faces": {
				"north": {"uv": [0, 0, 3, 3], "rotation": 180, "texture": "#0"},
				"east": {"uv": [0, 0, 3, 4], "rotation": 270, "texture": "#0"},
				"south": {"uv": [0, 0, 3, 3], "texture": "#0"},
				"west": {"uv": [0, 0, 3, 4], "rotation": 90, "texture": "#0"},
				"up": {"uv": [0, 0, 3, 4], "rotation": 180, "texture": "#0"},
				"down": {"uv": [0, 0, 3, 4], "texture": "#0"}
			}
		}
	],
	"display": {
		"thirdperson_righthand": {
			"rotation": [0, -30, 0],
			"translation": [3.5, -4, -4.5],
			"scale": [0.9, 0.9, 0.9]
		},
		"thirdperson_lefthand": {
			"rotation": [0, -30, 0],
			"translation": [3.5, -4, -4.5],
			"scale": [0.9, 0.9, 0.9]
		},
		"firstperson_righthand": {
			"rotation": [-66, 0, 0],
			"translation": [2.5, -3.5, 0]
		},
		"firstperson_lefthand": {
			"rotation": [-43.5, 0, 0],
			"translation": [-2, 0, 0]
		},
		"ground": {
			"translation": [0, 5.75, 0]
		},
		"gui": {
			"rotation": [21, 129, 0],
			"translation": [0, 2, 0],
			"scale": [0.8, 0.8, 0.8]
		},
		"head": {
			"translation": [0, 13.5, 0],
			"scale": [1.3, 1.4, 1.3]
		},
		"fixed": {
			"rotation": [-90, 0, 0],
			"translation": [0, 0, -13.25],
			"scale": [1.75, 1.75, 1.75]
		}
	}
}