{
	"credit": "Made with Blockbench",
	"texture_size": [64, 48],
	"textures": {
		"0": "./mosin",
		"particle": "./mosin"
	},
	"elements": [
		{
			"from": [7, 12, -4.5],
			"to": [8.5, 14, 7.5],
			"rotation": {"angle": 0, "axis": "x", "origin": [8.5, 12, 4.5]},
			"faces": {
				"north": {"uv": [0, 0, 0.25, 1.33333], "texture": "#0"},
				"east": {"uv": [5.75, 0, 11.75, 1.33333], "texture": "#0"},
				"south": {"uv": [5.75, 0, 6, 1.33333], "texture": "#0"},
				"west": {"uv": [0, 0, 6, 1.33333], "texture": "#0"},
				"up": {"uv": [0, 1.33333, 6, 2.33333], "rotation": 90, "texture": "#0"},
				"down": {"uv": [5.75, 1.33333, 11.75, 2.33333], "rotation": 90, "texture": "#0"}
			}
		},
		{
			"from": [7.25, 13, 7.5],
			"to": [8.25, 14, 18],
			"rotation": {"angle": 0, "axis": "x", "origin": [8.75, 13, 16.5]},
			"faces": {
				"north": {"uv": [0, 0, 1, 1], "texture": "#0"},
				"east": {"uv": [5.25, 7, 0, 7.66667], "texture": "#0"},
				"south": {"uv": [2.75, 7.33333, 3, 7.66667], "texture": "#0"},
				"west": {"uv": [0, 7, 5.25, 7.66667], "texture": "#0"},
				"up": {"uv": [0, 7.66667, 5.25, 8.33333], "rotation": 90, "texture": "#0"},
				"down": {"uv": [2.75, 7.33333, 3, 7.66667], "texture": "#0"}
			}
		},
		{
			"from": [7.25, 13, -8.5],
			"to": [8.25, 14, -4.5],
			"rotation": {"angle": 0, "axis": "x", "origin": [8.75, 13, 0.5]},
			"faces": {
				"north": {"uv": [13.75, 0, 14.25, 0.66667], "texture": "#0"},
				"east": {"uv": [13.75, 0, 11.75, 0.66667], "texture": "#0"},
				"south": {"uv": [13.75, 0, 14.25, 0.66667], "texture": "#0"},
				"west": {"uv": [11.75, 0, 13.75, 0.66667], "texture": "#0"},
				"up": {"uv": [11.75, 0, 13.75, 0.33333], "rotation": 90, "texture": "#0"},
				"down": {"uv": [12.25, 0.33333, 13.25, 0.66667], "rotation": 270, "texture": "#0"}
			}
		},
		{
			"from": [7.75, 12, -7],
			"to": [7.75, 15, -4.5],
			"rotation": {"angle": 0, "axis": "x", "origin": [9.25, 12, 2]},
			"faces": {
				"north": {"uv": [0, 0, 0, 3], "texture": "#0"},
				"east": {"uv": [13, 0.66667, 11.75, 2.66667], "texture": "#0"},
				"south": {"uv": [0, 0, 0, 3], "texture": "#0"},
				"west": {"uv": [11.75, 0.66667, 13, 2.66667], "texture": "#0"},
				"up": {"uv": [0, 0, 0, 2], "texture": "#0"},
				"down": {"uv": [0, 0, 0, 2], "texture": "#0"}
			}
		},
		{
			"from": [7.75, 11, -16],
			"to": [7.75, 12.5, -3],
			"rotation": {"angle": 0, "axis": "z", "origin": [7.75, 11, -7]},
			"faces": {
				"north": {"uv": [0, 0, 0, 3], "texture": "#0"},
				"east": {"uv": [11.75, 7.33333, 5.25, 8.33333], "texture": "#0"},
				"south": {"uv": [0, 0, 0, 3], "texture": "#0"},
				"west": {"uv": [5.25, 7.33333, 11.75, 8.33333], "texture": "#0"},
				"up": {"uv": [0, 0, 0, 2], "texture": "#0"},
				"down": {"uv": [0, 0, 0, 2], "texture": "#0"}
			}
		},
		{
			"from": [7.75, 9, 11.5],
			"to": [7.75, 10.5, 18],
			"rotation": {"angle": 0, "axis": "x", "origin": [9.25, 9, 20.5]},
			"faces": {
				"north": {"uv": [0, 0, 0, 2], "texture": "#0"},
				"east": {"uv": [3.25, 8.33333, 0, 9.33333], "texture": "#0"},
				"south": {"uv": [0, 0, 0, 2], "texture": "#0"},
				"west": {"uv": [0, 8.33333, 3.25, 9.33333], "texture": "#0"},
				"up": {"uv": [0, 0, 0, 6], "texture": "#0"},
				"down": {"uv": [0, 0, 0, 6], "texture": "#0"}
			}
		},
		{
			"from": [6.75, 11, 6],
			"to": [8.75, 13, 11],
			"rotation": {"angle": 0, "axis": "x", "origin": [8.25, 11, 15]},
			"faces": {
				"north": {"uv": [0, 2.33333, 0.25, 3.66667], "texture": "#0"},
				"east": {"uv": [2.5, 2.33333, 0, 3.66667], "texture": "#0"},
				"south": {"uv": [0, 0, 2, 1.5], "texture": "#0"},
				"west": {"uv": [0, 2.33333, 2.5, 3.66667], "texture": "#0"},
				"up": {"uv": [0, 2.33333, 2.5, 2.66667], "rotation": 90, "texture": "#0"},
				"down": {"uv": [2.5, 2.33333, 5, 3.66667], "rotation": 270, "texture": "#0"}
			}
		},
		{
			"from": [6.75, 10.5, 18],
			"to": [8.75, 13, 23.5],
			"rotation": {"angle": 22.5, "axis": "x", "origin": [8.75, 13, 18]},
			"faces": {
				"north": {"uv": [0, 0, 2, 2], "texture": "#0"},
				"east": {"uv": [5, 2.33333, 7.75, 4], "texture": "#0"},
				"south": {"uv": [0, 0, 2, 2], "texture": "#0"},
				"west": {"uv": [7.75, 2.33333, 5, 4], "texture": "#0"},
				"up": {"uv": [7.75, 2.33333, 10.5, 3.66667], "rotation": 90, "texture": "#0"},
				"down": {"uv": [12, 4.33333, 14.75, 5.66667], "rotation": 270, "texture": "#0"}
			}
		},
		{
			"from": [7, 11.25, 20.25],
			"to": [8.5, 12.25, 21.75],
			"rotation": {"angle": -22.5, "axis": "x", "origin": [7, 12.25, 21.75]},
			"faces": {
				"north": {"uv": [8.25, 6.33333, 8.5, 6.66667], "texture": "#0"},
				"east": {"uv": [8, 6.33333, 8.25, 6.66667], "texture": "#0"},
				"south": {"uv": [8, 6.33333, 8.25, 6.66667], "texture": "#0"},
				"west": {"uv": [8, 6.33333, 8.25, 6.66667], "texture": "#0"},
				"up": {"uv": [8, 6.33333, 8.25, 6.66667], "texture": "#0"},
				"down": {"uv": [8, 6.33333, 8.25, 6.66667], "texture": "#0"}
			}
		},
		{
			"from": [6.5, 8.25, 21.75],
			"to": [9, 12.25, 29.75],
			"rotation": {"angle": 0, "axis": "x", "origin": [8.5, 8.25, 28.75]},
			"faces": {
				"north": {"uv": [3.5, 4, 3.75, 6.66667], "texture": "#0"},
				"east": {"uv": [7.5, 4, 3.5, 6.66667], "texture": "#0"},
				"south": {"uv": [7.25, 4, 7.5, 6.66667], "texture": "#0"},
				"west": {"uv": [3.5, 4, 7.5, 6.66667], "texture": "#0"},
				"up": {"uv": [8.5, 5.66667, 12.5, 7.33333], "rotation": 90, "texture": "#0"},
				"down": {"uv": [8.5, 5.66667, 12.5, 7.33333], "rotation": 270, "texture": "#0"}
			}
		},
		{
			"from": [6.25, 7.75, 24.75],
			"to": [9.25, 11.75, 31.75],
			"rotation": {"angle": 0, "axis": "x", "origin": [8.25, 7.75, 31.75]},
			"faces": {
				"north": {"uv": [5, 4.33333, 5.25, 7], "texture": "#0"},
				"east": {"uv": [8.5, 4.33333, 5, 7], "texture": "#0"},
				"south": {"uv": [8.25, 4.33333, 8.5, 7], "texture": "#0"},
				"west": {"uv": [5, 4.33333, 8.5, 7], "texture": "#0"},
				"up": {"uv": [8.5, 3.66667, 12, 5.66667], "rotation": 90, "texture": "#0"},
				"down": {"uv": [5, 6.66667, 8.5, 7], "rotation": 270, "texture": "#0"}
			}
		},
		{
			"from": [6.5, 10.5, 11],
			"to": [9, 13, 18],
			"rotation": {"angle": 0, "axis": "x", "origin": [8, 10.5, 20]},
			"faces": {
				"north": {"uv": [0, 3.66667, 0.25, 5.33333], "texture": "#0"},
				"east": {"uv": [3.5, 3.66667, 0, 5.33333], "texture": "#0"},
				"south": {"uv": [3.25, 3.66667, 3.5, 5.33333], "texture": "#0"},
				"west": {"uv": [0, 3.66667, 3.5, 5.33333], "texture": "#0"},
				"up": {"uv": [0, 3.66667, 3.5, 4], "rotation": 90, "texture": "#0"},
				"down": {"uv": [0, 5.33333, 3.5, 7], "rotation": 90, "texture": "#0"}
			}
		}
	],
	"display": {
		"thirdperson_righthand": {
			"rotation": [-4, -180, -10],
			"translation": [-0.25, -1, 17.25],
			"scale": [0.8, 0.8, 0.8]
		},
		"thirdperson_lefthand": {
			"rotation": [-4, -180, -10],
			"translation": [-0.25, -1, 17.25],
			"scale": [0.8, 0.8, 0.8]
		},
		"firstperson_righthand": {
			"rotation": [80, 0, 5],
			"translation": [3, 2, -4]
		},
		"firstperson_lefthand": {
			"rotation": [80, 0, 5],
			"translation": [3, 2, -4]
		},
		"ground": {
			"rotation": [0, 0, 90],
			"translation": [4, -1.75, -2.5],
			"scale": [0.8, 0.8, 0.8]
		},
		"gui": {
			"rotation": [-45, 145, 30],
			"translation": [-1, -0.75, 0],
			"scale": [0.5, 0.5, 0.5]
		},
		"head": {
			"rotation": [90, 20, 90],
			"translation": [2, -1.25, 7.25]
		},
		"fixed": {
			"rotation": [0, 90, 0],
			"translation": [-2.5, -4.5, -1]
		}
	}
}