{
	"credit": "Made with Blockbench",
	"textures": {
		"0": "./andesite",
		"2": "./planks",
		"3": "./anvil",
		"4": "./iron_block",
		"5": "./cauldron_inner",
		"particle": "./andesite"
	},
	"elements": [
		{
			"from": [7.2, 11.81428, 26.15599],
			"to": [8.8, 15.41428, 29.75599],
			"rotation": {"angle": 0, "axis": "x", "origin": [8, 17.91428, 24.75599]},
			"faces": {
				"north": {"uv": [0, 0, 1.6, 3.6], "texture": "#2"},
				"east": {"uv": [0, 0, 3, 3], "texture": "#2"},
				"south": {"uv": [0, 0, 1.6, 3.6], "texture": "#2"},
				"west": {"uv": [3, 0, 6, 3], "texture": "#2"},
				"up": {"uv": [0, 0, 1.6, 3.6], "texture": "#2"},
				"down": {"uv": [0, 0, 1.6, 3.6], "texture": "#2"}
			}
		},
		{
			"from": [7.201, 10.91428, 18.15599],
			"to": [8.801, 12.21428, 23.05599],
			"rotation": {"angle": 22.5, "axis": "x", "origin": [8, 13.46428, 24.95599]},
			"faces": {
				"north": {"uv": [0, 0, 1.6, 1.3], "texture": "#2"},
				"east": {"uv": [0, 0, 4.9, 1.3], "texture": "#2"},
				"south": {"uv": [0, 0, 1.6, 1.3], "texture": "#2"},
				"west": {"uv": [0, 0, 4.9, 1.3], "texture": "#2"},
				"up": {"uv": [0, 0, 1.6, 4.9], "texture": "#2"},
				"down": {"uv": [0, 0, 1.6, 4.9], "texture": "#2"}
			}
		},
		{
			"from": [7.199, 11.81428, 22.15599],
			"to": [8.809, 15.41428, 26.15599],
			"rotation": {"angle": 0, "axis": "x", "origin": [8, 17.91428, 21.25599]},
			"faces": {
				"north": {"uv": [0, 0, 1.61, 3.6], "texture": "#2"},
				"east": {"uv": [7, 0, 11, 3], "texture": "#2"},
				"south": {"uv": [0, 0, 1.61, 3.6], "texture": "#2"},
				"west": {"uv": [8, 0, 12, 3], "texture": "#2"},
				"up": {"uv": [0, 0, 1.61, 4], "texture": "#2"},
				"down": {"uv": [0, 0, 1.61, 4], "texture": "#2"}
			}
		},
		{
			"from": [8.8, 13.71428, 17.15599],
			"to": [9.2, 15.41428, 17.55599],
			"rotation": {"angle": 45, "axis": "z", "origin": [8.7, 14.51428, 17.35599]},
			"faces": {
				"north": {"uv": [0, 0, 0.4, 1.7], "texture": "#3"},
				"east": {"uv": [0, 0, 0.4, 1.7], "texture": "#3"},
				"south": {"uv": [0, 0, 0.4, 1.7], "texture": "#3"},
				"west": {"uv": [0, 0, 0.4, 1.7], "texture": "#3"},
				"up": {"uv": [0, 0, 0.4, 0.4], "texture": "#3"},
				"down": {"uv": [0, 0, 0.4, 0.4], "texture": "#3"}
			}
		},
		{
			"from": [8.7, 13.11428, 17.05599],
			"to": [9.3, 13.71428, 17.65599],
			"rotation": {"angle": 45, "axis": "z", "origin": [8.7, 14.51428, 17.35599]},
			"faces": {
				"north": {"uv": [0, 0, 0.6, 0.6], "texture": "#3"},
				"east": {"uv": [0, 0, 0.6, 0.6], "texture": "#3"},
				"south": {"uv": [0, 0, 0.6, 0.6], "texture": "#3"},
				"west": {"uv": [0, 0, 0.6, 0.6], "texture": "#3"},
				"up": {"uv": [0, 0, 0.6, 0.6], "texture": "#3"},
				"down": {"uv": [0, 0, 0.6, 0.6], "texture": "#3"}
			}
		},
		{
			"from": [7.6, 15.11428, 7.55599],
			"to": [8.4, 15.81428, 17.95599],
			"rotation": {"angle": 0, "axis": "x", "origin": [8, 17.91428, 21.25599]},
			"faces": {
				"north": {"uv": [0, 0, 0.8, 0.7], "texture": "#3"},
				"east": {"uv": [0, 0, 10.4, 0.7], "texture": "#3"},
				"south": {"uv": [0, 0, 0.8, 0.7], "texture": "#3"},
				"west": {"uv": [0, 0, 10.4, 0.7], "texture": "#3"},
				"up": {"uv": [0, 0, 0.8, 10.4], "texture": "#3"},
				"down": {"uv": [0, 0, 0.8, 10.4], "texture": "#3"}
			}
		},
		{
			"from": [7.4, 15.81428, -4.64401],
			"to": [8.6, 16.31428, 3.15599],
			"rotation": {"angle": 0, "axis": "x", "origin": [8, 17.91428, 8.35599]},
			"faces": {
				"north": {"uv": [0, 0, 1.2, 0.5], "texture": "#2"},
				"east": {"uv": [0, 0, 7.8, 0.5], "texture": "#2"},
				"south": {"uv": [0, 0, 1.2, 0.5], "texture": "#2"},
				"west": {"uv": [0, 0, 7.8, 0.5], "texture": "#2"},
				"up": {"uv": [0, 0, 2, 4], "texture": "#2"},
				"down": {"uv": [0, 0, 1.2, 7.8], "texture": "#2"}
			}
		},
		{
			"from": [7.75, 15.81428, -4.64401],
			"to": [8.25, 15.31428, -14.64401],
			"rotation": {"angle": 0, "axis": "x", "origin": [8, 17.91428, 8.35599]},
			"faces": {
				"north": {"uv": [0, 0, 1, 1], "texture": "#4"},
				"east": {"uv": [0, 0, 8, 1], "texture": "#4"},
				"south": {"uv": [0, 0, 1, 1], "texture": "#4"},
				"west": {"uv": [0, 0, 8, 1], "texture": "#4"},
				"up": {"uv": [0, 0, 1, 8], "texture": "#4"},
				"down": {"uv": [0, 0, 1, 8], "texture": "#4"}
			}
		},
		{
			"from": [7.7, 15.71428, -7.84401],
			"to": [8.3, 16.31428, -4.64401],
			"rotation": {"angle": 0, "axis": "x", "origin": [8, 17.91428, 0.55599]},
			"faces": {
				"north": {"uv": [0, 0, 15.6, 15.6], "texture": "#5"},
				"east": {"uv": [0, 0, 3.2, 0.6], "texture": "#0"},
				"south": {"uv": [0, 0, 0.6, 0.6], "texture": "#0"},
				"west": {"uv": [0, 0, 3.2, 0.6], "texture": "#0"},
				"up": {"uv": [0, 0, 0.6, 3.2], "texture": "#0"},
				"down": {"uv": [0, 0, 0.6, 3.2], "texture": "#0"}
			}
		},
		{
			"from": [7.6, 15.61428, -7.24401],
			"to": [8.4, 16.41428, -6.84401],
			"rotation": {"angle": 0, "axis": "x", "origin": [8, 17.91428, 0.55599]},
			"faces": {
				"north": {"uv": [0, 0, 0.8, 0.8], "texture": "#0"},
				"east": {"uv": [0, 0, 0.4, 0.8], "texture": "#0"},
				"south": {"uv": [0, 0, 0.8, 0.8], "texture": "#0"},
				"west": {"uv": [0, 0, 0.4, 0.8], "texture": "#0"},
				"up": {"uv": [0, 0, 0.8, 0.4], "texture": "#0"},
				"down": {"uv": [0, 0, 0.8, 0.4], "texture": "#0"}
			}
		},
		{
			"from": [7.9, 16.41428, -7.24401],
			"to": [8.1, 16.61428, -6.84401],
			"rotation": {"angle": 0, "axis": "x", "origin": [8, 18.71428, 0.55599]},
			"faces": {
				"north": {"uv": [0, 0, 0.2, 0.2], "texture": "#0"},
				"east": {"uv": [0, 0, 0.4, 0.2], "texture": "#0"},
				"south": {"uv": [0, 0, 0.2, 0.2], "texture": "#0"},
				"west": {"uv": [0, 0, 0.4, 0.2], "texture": "#0"},
				"up": {"uv": [0, 0, 0.2, 0.4], "texture": "#0"},
				"down": {"uv": [0, 0, 0.2, 0.4], "texture": "#0"}
			}
		},
		{
			"from": [7.6, 16.61428, -7.24401],
			"to": [8.4, 16.71428, -6.84401],
			"rotation": {"angle": 0, "axis": "x", "origin": [8, 18.91428, 0.55599]},
			"faces": {
				"north": {"uv": [0, 0, 0.8, 0.1], "texture": "#0"},
				"east": {"uv": [0, 0, 0.4, 0.1], "texture": "#0"},
				"south": {"uv": [0, 0, 0.8, 0.1], "texture": "#0"},
				"west": {"uv": [0, 0, 0.4, 0.1], "texture": "#0"},
				"up": {"uv": [0, 0, 0.8, 0.4], "texture": "#0"},
				"down": {"uv": [0, 0, 0.8, 0.4], "texture": "#0"}
			}
		},
		{
			"from": [7.6, 16.71428, -7.24401],
			"to": [7.7, 17.21428, -6.84401],
			"rotation": {"angle": 0, "axis": "x", "origin": [8, 19.01428, 0.55599]},
			"faces": {
				"north": {"uv": [0, 0, 0.1, 0.5], "texture": "#0"},
				"east": {"uv": [0, 0, 0.4, 0.5], "texture": "#0"},
				"south": {"uv": [0, 0, 0.1, 0.5], "texture": "#0"},
				"west": {"uv": [0, 0, 0.4, 0.5], "texture": "#0"},
				"up": {"uv": [0, 0, 0.1, 0.4], "texture": "#0"},
				"down": {"uv": [0, 0, 0.1, 0.4], "texture": "#0"}
			}
		},
		{
			"from": [7.95, 16.71428, -7.24401],
			"to": [8.05, 17.01428, -6.84401],
			"rotation": {"angle": 0, "axis": "x", "origin": [8.3, 19.01428, 0.55599]},
			"faces": {
				"north": {"uv": [0, 0, 0.1, 0.3], "texture": "#0"},
				"east": {"uv": [0, 0, 0.4, 0.3], "texture": "#0"},
				"south": {"uv": [0, 0, 0.1, 0.3], "texture": "#0"},
				"west": {"uv": [0, 0, 0.4, 0.3], "texture": "#0"},
				"up": {"uv": [0, 0, 0.1, 0.4], "texture": "#0"},
				"down": {"uv": [0, 0, 0.1, 0.4], "texture": "#0"}
			}
		},
		{
			"from": [8.3, 16.71428, -7.24401],
			"to": [8.4, 17.21428, -6.84401],
			"rotation": {"angle": 0, "axis": "x", "origin": [8.7, 19.01428, 0.55599]},
			"faces": {
				"north": {"uv": [0, 0, 0.1, 0.5], "texture": "#0"},
				"east": {"uv": [0, 0, 0.4, 0.5], "texture": "#0"},
				"south": {"uv": [0, 0, 0.1, 0.5], "texture": "#0"},
				"west": {"uv": [0, 0, 0.4, 0.5], "texture": "#0"},
				"up": {"uv": [0, 0, 0.1, 0.4], "texture": "#0"},
				"down": {"uv": [0, 0, 0.1, 0.4], "texture": "#0"}
			}
		},
		{
			"from": [7.7, 14.81428, -5.64401],
			"to": [8.3, 15.41428, -4.64401],
			"rotation": {"angle": 0, "axis": "x", "origin": [8, 17.01428, 0.55599]},
			"faces": {
				"north": {"uv": [0, 0, 0.6, 0.6], "texture": "#0"},
				"east": {"uv": [0, 0, 1, 0.6], "texture": "#0"},
				"south": {"uv": [0, 0, 0.6, 0.6], "texture": "#0"},
				"west": {"uv": [0, 0, 1, 0.6], "texture": "#0"},
				"up": {"uv": [0, 0, 0.6, 1], "texture": "#0"},
				"down": {"uv": [0, 0, 0.6, 1], "texture": "#0"}
			}
		},
		{
			"from": [7.4, 15.91428, 3.65599],
			"to": [8.6, 16.61428, 7.05599],
			"rotation": {"angle": 0, "axis": "x", "origin": [8, 17.91428, 21.25599]},
			"faces": {
				"north": {"uv": [0, 0, 1.2, 0.7], "texture": "#0"},
				"east": {"uv": [0, 0, 3.4, 0.7], "texture": "#0"},
				"south": {"uv": [0, 0, 1.2, 0.7], "texture": "#0"},
				"west": {"uv": [0, 0, 3.4, 0.7], "texture": "#0"},
				"up": {"uv": [0, 0, 1.2, 3.4], "texture": "#0"},
				"down": {"uv": [0, 0, 1.2, 3.4], "texture": "#0"}
			}
		},
		{
			"from": [7.4, 15.91428, 3.45599],
			"to": [8.6, 16.31428, 3.65599],
			"rotation": {"angle": 0, "axis": "x", "origin": [8, 17.91428, 21.05599]},
			"faces": {
				"north": {"uv": [0, 0, 1.2, 0.4], "texture": "#0"},
				"east": {"uv": [0, 0, 0.2, 0.4], "texture": "#0"},
				"south": {"uv": [0, 0, 1.2, 0.4], "texture": "#0"},
				"west": {"uv": [0, 0, 0.2, 0.4], "texture": "#0"},
				"up": {"uv": [0, 0, 1.2, 0.2], "texture": "#0"},
				"down": {"uv": [0, 0, 1.2, 0.2], "texture": "#0"}
			}
		},
		{
			"from": [7.4, 15.91428, 6.95599],
			"to": [8.6, 16.11428, 7.65599],
			"rotation": {"angle": 0, "axis": "x", "origin": [8, 17.91428, 21.25599]},
			"faces": {
				"north": {"uv": [0, 0, 1.2, 0.2], "texture": "#0"},
				"east": {"uv": [0, 0, 0.7, 0.2], "texture": "#0"},
				"south": {"uv": [0, 0, 1.2, 0.2], "texture": "#0"},
				"west": {"uv": [0, 0, 0.7, 0.2], "texture": "#0"},
				"up": {"uv": [0, 0, 1.2, 0.7], "texture": "#0"},
				"down": {"uv": [0, 0, 1.2, 0.7], "texture": "#0"}
			}
		},
		{
			"from": [7.5, 16.51428, 7.05599],
			"to": [8.5, 16.61428, 7.25599],
			"rotation": {"angle": 0, "axis": "x", "origin": [8, 17.91428, 21.25599]},
			"faces": {
				"north": {"uv": [0, 0, 1, 0.1], "texture": "#0"},
				"east": {"uv": [0, 0, 0.2, 0.1], "texture": "#0"},
				"south": {"uv": [0, 0, 1, 0.1], "texture": "#0"},
				"west": {"uv": [0, 0, 0.2, 0.1], "texture": "#0"},
				"up": {"uv": [0, 0, 1, 0.2], "texture": "#0"},
				"down": {"uv": [0, 0, 1, 0.2], "texture": "#0"}
			}
		},
		{
			"from": [7.4, 16.61428, 6.65599],
			"to": [8.6, 16.71428, 7.35599],
			"rotation": {"angle": 0, "axis": "x", "origin": [8, 17.91428, 21.25599]},
			"faces": {
				"north": {"uv": [0, 0, 1.2, 0.1], "texture": "#0"},
				"east": {"uv": [0, 0, 0.7, 0.1], "texture": "#0"},
				"south": {"uv": [0, 0, 1.2, 0.1], "texture": "#0"},
				"west": {"uv": [0, 0, 0.7, 0.1], "texture": "#0"},
				"up": {"uv": [0, 0, 1.2, 0.7], "texture": "#0"},
				"down": {"uv": [0, 0, 1.2, 0.7], "texture": "#0"}
			}
		},
		{
			"from": [8.2, 16.71428, 7.15599],
			"to": [8.6, 16.81428, 7.35599],
			"rotation": {"angle": 0, "axis": "x", "origin": [8, 17.91428, 21.25599]},
			"faces": {
				"north": {"uv": [0, 0, 0.4, 0.1], "texture": "#0"},
				"east": {"uv": [0, 0, 0.2, 0.1], "texture": "#0"},
				"south": {"uv": [0, 0, 0.4, 0.1], "texture": "#0"},
				"west": {"uv": [0, 0, 0.2, 0.1], "texture": "#0"},
				"up": {"uv": [0, 0, 0.4, 0.2], "texture": "#0"},
				"down": {"uv": [0, 0, 0.4, 0.2], "texture": "#0"}
			}
		},
		{
			"from": [7.4, 16.71428, 7.15599],
			"to": [7.8, 16.81428, 7.35599],
			"rotation": {"angle": 0, "axis": "x", "origin": [8, 17.91428, 21.25599]},
			"faces": {
				"north": {"uv": [0, 0, 0.4, 0.1], "texture": "#0"},
				"east": {"uv": [0, 0, 0.2, 0.1], "texture": "#0"},
				"south": {"uv": [0, 0, 0.4, 0.1], "texture": "#0"},
				"west": {"uv": [0, 0, 0.2, 0.1], "texture": "#0"},
				"up": {"uv": [0, 0, 0.4, 0.2], "texture": "#0"},
				"down": {"uv": [0, 0, 0.4, 0.2], "texture": "#0"}
			}
		},
		{
			"from": [7.2, 11.71428, 20.65599],
			"to": [8.8, 13.71428, 22.45599],
			"rotation": {"angle": -22.5, "axis": "x", "origin": [8, 14.31428, 18.10599]},
			"faces": {
				"north": {"uv": [0, 0, 1.6, 2], "texture": "#2"},
				"east": {"uv": [0, 0, 1.8, 2], "texture": "#2"},
				"south": {"uv": [0, 0, 1.6, 2], "texture": "#2"},
				"west": {"uv": [0, 0, 1.8, 2], "texture": "#2"},
				"up": {"uv": [0, 0, 1.6, 1.8], "texture": "#2"},
				"down": {"uv": [0, 0, 1.6, 1.8], "texture": "#2"}
			}
		},
		{
			"from": [7.2, 12.61428, 19.25599],
			"to": [8.8, 13.71428, 20.65599],
			"rotation": {"angle": -22.5, "axis": "x", "origin": [8, 14.31428, 18.10599]},
			"faces": {
				"north": {"uv": [0, 0, 1.6, 1.1], "texture": "#2"},
				"east": {"uv": [0, 0, 1.4, 1.1], "texture": "#2"},
				"south": {"uv": [0, 0, 1.6, 1.1], "texture": "#2"},
				"west": {"uv": [0, 0, 1.4, 1.1], "texture": "#2"},
				"up": {"uv": [0, 0, 1.6, 1.4], "texture": "#2"},
				"down": {"uv": [0, 0, 1.6, 1.4], "texture": "#2"}
			}
		},
		{
			"from": [7.2, 13.82839, 15.85427],
			"to": [7.5, 15.22839, 20.05427],
			"rotation": {"angle": 22.5, "axis": "x", "origin": [8, 15.32839, 17.65427]},
			"faces": {
				"north": {"uv": [0, 0, 0.3, 1.4], "texture": "#2"},
				"east": {"uv": [0, 0, 4.2, 1.4], "texture": "#2"},
				"south": {"uv": [0, 0, 0.3, 1.4], "texture": "#2"},
				"west": {"uv": [0, 0, 4.2, 1.4], "texture": "#2"},
				"up": {"uv": [0, 0, 1, 3], "texture": "#2"},
				"down": {"uv": [0, 0, 0.3, 4.2], "texture": "#2"}
			}
		},
		{
			"from": [7.5, 13.82839, 18.05427],
			"to": [8.5, 15.22839, 20.05427],
			"rotation": {"angle": 22.5, "axis": "x", "origin": [8, 15.32839, 17.65427]},
			"faces": {
				"north": {"uv": [0, 0, 1, 1.4], "texture": "#2"},
				"east": {"uv": [0, 0, 2, 1.4], "texture": "#2"},
				"south": {"uv": [0, 0, 1, 1.4], "texture": "#2"},
				"west": {"uv": [0, 0, 2, 1.4], "texture": "#2"},
				"up": {"uv": [0, 0, 1, 2], "texture": "#2"},
				"down": {"uv": [0, 0, 1, 2], "texture": "#2"}
			}
		},
		{
			"from": [8.5, 13.72839, 15.85427],
			"to": [8.8, 15.22839, 17.25427],
			"rotation": {"angle": 22.5, "axis": "x", "origin": [8, 15.32839, 17.65427]},
			"faces": {
				"north": {"uv": [0, 0, 0.3, 1.5], "texture": "#2"},
				"east": {"uv": [0, 0, 1.4, 1.5], "texture": "#2"},
				"south": {"uv": [0, 0, 0.3, 1.5], "texture": "#2"},
				"west": {"uv": [0, 0, 1.4, 1.5], "texture": "#2"},
				"up": {"uv": [0, 0, 0.3, 1.4], "texture": "#2"},
				"down": {"uv": [0, 0, 0.3, 1.4], "texture": "#2"}
			}
		},
		{
			"from": [8.5, 13.82839, 17.85427],
			"to": [8.8, 15.22839, 20.05427],
			"rotation": {"angle": 22.5, "axis": "x", "origin": [8, 15.32839, 17.65427]},
			"faces": {
				"north": {"uv": [0, 0, 0.3, 1.4], "texture": "#2"},
				"east": {"uv": [0, 0, 2.2, 1.4], "texture": "#2"},
				"south": {"uv": [0, 0, 0.3, 1.4], "texture": "#2"},
				"west": {"uv": [0, 0, 2.2, 1.4], "texture": "#2"},
				"up": {"uv": [0, 0, 0.3, 2.2], "texture": "#2"},
				"down": {"uv": [0, 0, 0.3, 2.2], "texture": "#2"}
			}
		},
		{
			"from": [7.1, 13.81428, 7.65599],
			"to": [8.9, 14.41428, 19.35599],
			"rotation": {"angle": 0, "axis": "x", "origin": [8, 17.61428, 15.05599]},
			"faces": {
				"north": {"uv": [0, 0, 1.8, 0.6], "texture": "#2"},
				"east": {"uv": [0, 0, 11.7, 0.6], "texture": "#2"},
				"south": {"uv": [0, 0, 1.8, 0.6], "texture": "#2"},
				"west": {"uv": [0, 0, 11.7, 0.6], "texture": "#2"},
				"up": {"uv": [0, 0, 1.8, 11.7], "texture": "#2"},
				"down": {"uv": [0, 0, 1.8, 11.7], "texture": "#2"}
			}
		},
		{
			"from": [7.9, 12.91428, 16.85599],
			"to": [8.1, 13.81428, 16.95599],
			"rotation": {"angle": 0, "axis": "x", "origin": [8, 17.01428, 14.85599]},
			"faces": {
				"north": {"uv": [0, 0, 0.2, 0.9], "texture": "#0"},
				"east": {"uv": [0, 0, 0.1, 0.9], "texture": "#0"},
				"south": {"uv": [0, 0, 0.2, 0.9], "texture": "#0"},
				"west": {"uv": [0, 0, 0.1, 0.9], "texture": "#0"},
				"up": {"uv": [0, 0, 0.2, 0.1], "texture": "#0"},
				"down": {"uv": [0, 0, 0.2, 0.1], "texture": "#0"}
			}
		},
		{
			"from": [7.9, 13.11428, 16.35599],
			"to": [8.1, 14.01428, 16.45599],
			"rotation": {"angle": 22.5, "axis": "x", "origin": [8.01735, 13.34874, 16.40415]},
			"faces": {
				"north": {"uv": [0, 0, 0.2, 0.9], "texture": "#3"},
				"east": {"uv": [0, 0, 0.1, 0.9], "texture": "#3"},
				"south": {"uv": [0, 0, 0.2, 0.9], "texture": "#3"},
				"west": {"uv": [0, 0, 0.1, 0.9], "texture": "#3"},
				"up": {"uv": [0, 0, 0.2, 0.1], "texture": "#3"},
				"down": {"uv": [0, 0, 0.2, 0.1], "texture": "#3"}
			}
		},
		{
			"from": [7.9, 12.81428, 14.85599],
			"to": [8.1, 12.91428, 16.85599],
			"rotation": {"angle": 0, "axis": "x", "origin": [8, 16.11428, 14.85599]},
			"faces": {
				"north": {"uv": [0, 0, 0.2, 0.1], "texture": "#0"},
				"east": {"uv": [0, 0, 2, 0.1], "texture": "#0"},
				"south": {"uv": [0, 0, 0.2, 0.1], "texture": "#0"},
				"west": {"uv": [0, 0, 2, 0.1], "texture": "#0"},
				"up": {"uv": [0, 0, 0.2, 2], "texture": "#0"},
				"down": {"uv": [0, 0, 0.2, 2], "texture": "#0"}
			}
		},
		{
			"from": [7.9, 12.91428, 14.85599],
			"to": [8.1, 13.81428, 14.95599],
			"rotation": {"angle": 0, "axis": "x", "origin": [8, 17.01428, 12.85599]},
			"faces": {
				"north": {"uv": [0, 0, 0.2, 0.9], "texture": "#0"},
				"east": {"uv": [0, 0, 0.1, 0.9], "texture": "#0"},
				"south": {"uv": [0, 0, 0.2, 0.9], "texture": "#0"},
				"west": {"uv": [0, 0, 0.1, 0.9], "texture": "#0"},
				"up": {"uv": [0, 0, 0.2, 0.1], "texture": "#0"},
				"down": {"uv": [0, 0, 0.2, 0.1], "texture": "#0"}
			}
		},
		{
			"from": [7.5, 12.41428, 14.35599],
			"to": [8.5, 13.81428, 14.85599],
			"rotation": {"angle": 0, "axis": "x", "origin": [8, 17.01428, 12.75599]},
			"faces": {
				"north": {"uv": [0, 0, 1, 1.4], "texture": "#0"},
				"east": {"uv": [0, 0, 0.5, 1.4], "texture": "#0"},
				"south": {"uv": [0, 0, 1, 1.4], "texture": "#0"},
				"west": {"uv": [0, 0, 0.5, 1.4], "texture": "#0"},
				"up": {"uv": [0, 0, 1, 0.5], "texture": "#0"},
				"down": {"uv": [0, 0, 1, 0.5], "texture": "#0"}
			}
		},
		{
			"from": [7.5, 12.41428, 13.35599],
			"to": [8.5, 13.81428, 14.25599],
			"rotation": {"angle": 0, "axis": "x", "origin": [8, 17.01428, 12.15599]},
			"faces": {
				"north": {"uv": [0, 0, 1, 1.4], "texture": "#0"},
				"east": {"uv": [0, 0, 0.9, 1.4], "texture": "#0"},
				"south": {"uv": [0, 0, 1, 1.4], "texture": "#0"},
				"west": {"uv": [0, 0, 0.9, 1.4], "texture": "#0"},
				"up": {"uv": [0, 0, 1, 0.9], "texture": "#0"},
				"down": {"uv": [0, 0, 1, 0.9], "texture": "#0"}
			}
		},
		{
			"from": [7.5, 12.41428, 12.25599],
			"to": [8.5, 13.81428, 13.25599],
			"rotation": {"angle": 0, "axis": "x", "origin": [8, 17.01428, 11.15599]},
			"faces": {
				"north": {"uv": [0, 0, 1, 1.4], "texture": "#0"},
				"east": {"uv": [0, 0, 1, 1.4], "texture": "#0"},
				"south": {"uv": [0, 0, 1, 1.4], "texture": "#0"},
				"west": {"uv": [0, 0, 1, 1.4], "texture": "#0"},
				"up": {"uv": [0, 0, 1, 1], "texture": "#0"},
				"down": {"uv": [0, 0, 1, 1], "texture": "#0"}
			}
		},
		{
			"from": [7.5001, 12.51428, 9.85599],
			"to": [8.5001, 13.91428, 12.85599],
			"rotation": {"angle": 22.5, "axis": "x", "origin": [8.01028, 13.15598, 13.15399]},
			"faces": {
				"north": {"uv": [0, 0, 1, 1.4], "texture": "#0"},
				"east": {"uv": [0, 0, 3, 1.4], "texture": "#0"},
				"south": {"uv": [0, 0, 1, 1.4], "texture": "#0"},
				"west": {"uv": [0, 0, 3, 1.4], "texture": "#0"},
				"up": {"uv": [0, 0, 1, 3], "texture": "#0"},
				"down": {"uv": [0, 0, 1, 3], "texture": "#0"}
			}
		},
		{
			"from": [7.6, 12.41428, 13.25599],
			"to": [8.4, 13.81428, 14.35599],
			"rotation": {"angle": 0, "axis": "x", "origin": [8, 17.01428, 12.15599]},
			"faces": {
				"north": {"uv": [0, 0, 0.8, 1.4], "texture": "#0"},
				"east": {"uv": [0, 0, 1.1, 1.4], "texture": "#0"},
				"south": {"uv": [0, 0, 0.8, 1.4], "texture": "#0"},
				"west": {"uv": [0, 0, 1.1, 1.4], "texture": "#0"},
				"up": {"uv": [0, 0, 0.8, 1.1], "texture": "#0"},
				"down": {"uv": [0, 0, 0.8, 1.1], "texture": "#0"}
			}
		},
		{
			"from": [7.4, 14.41428, 7.65599],
			"to": [8.9, 14.91428, 11.15599],
			"rotation": {"angle": 0, "axis": "x", "origin": [8, 18.21428, 15.05599]},
			"faces": {
				"north": {"uv": [0, 0, 1.5, 0.5], "texture": "#2"},
				"east": {"uv": [0, 0, 3.5, 0.5], "texture": "#2"},
				"south": {"uv": [0, 0, 1.5, 0.5], "texture": "#2"},
				"west": {"uv": [0, 0, 3.5, 0.5], "texture": "#2"},
				"up": {"uv": [0, 0, 1.5, 3.5], "texture": "#2"},
				"down": {"uv": [0, 0, 1.5, 3.5], "texture": "#2"}
			}
		},
		{
			"from": [7.2, 14.91428, 14.05599],
			"to": [7.6, 15.91428, 15.95599],
			"rotation": {"angle": 0, "axis": "x", "origin": [8, 17.91428, 21.25599]},
			"faces": {
				"north": {"uv": [0, 0, 0.4, 1], "texture": "#2"},
				"east": {"uv": [0, 0, 1.9, 1], "texture": "#2"},
				"south": {"uv": [0, 0, 0.4, 1], "texture": "#2"},
				"west": {"uv": [0, 0, 1.9, 1], "texture": "#2"},
				"up": {"uv": [0, 0, 0.4, 1.9], "texture": "#2"},
				"down": {"uv": [0, 0, 0.4, 1.9], "texture": "#2"}
			}
		},
		{
			"from": [8.3, 14.91428, 14.05599],
			"to": [8.8, 15.91428, 15.95599],
			"rotation": {"angle": 0, "axis": "x", "origin": [9.2, 17.91428, 21.25599]},
			"faces": {
				"north": {"uv": [0, 0, 0.5, 1], "texture": "#2"},
				"east": {"uv": [0, 0, 1.9, 1], "texture": "#2"},
				"south": {"uv": [0, 0, 0.5, 1], "texture": "#2"},
				"west": {"uv": [0, 0, 1.9, 1], "texture": "#2"},
				"up": {"uv": [0, 0, 0.5, 1.9], "texture": "#2"},
				"down": {"uv": [0, 0, 0.5, 1.9], "texture": "#2"}
			}
		},
		{
			"from": [7.1, 14.41428, 11.15599],
			"to": [8.9, 14.91428, 16.05599],
			"rotation": {"angle": 0, "axis": "x", "origin": [8, 17.91428, 21.25599]},
			"faces": {
				"north": {"uv": [0, 0, 1.8, 0.5], "texture": "#2"},
				"east": {"uv": [0, 0, 4.9, 0.5], "texture": "#2"},
				"south": {"uv": [0, 0, 1.8, 0.5], "texture": "#2"},
				"west": {"uv": [0, 0, 4.9, 0.5], "texture": "#2"},
				"up": {"uv": [0, 0, 1.8, 4.9], "texture": "#2"},
				"down": {"uv": [0, 0, 1.8, 4.9], "texture": "#2"}
			}
		},
		{
			"from": [7.1, 14.91428, 7.65599],
			"to": [8.9, 15.91428, 14.05599],
			"rotation": {"angle": 0, "axis": "x", "origin": [8, 17.91428, 21.15599]},
			"faces": {
				"north": {"uv": [0, 0, 1.8, 0.9], "texture": "#2"},
				"east": {"uv": [0, 0, 6.4, 0.9], "texture": "#2"},
				"south": {"uv": [0, 0, 1.8, 0.9], "texture": "#2"},
				"west": {"uv": [0, 0, 6.4, 0.9], "texture": "#2"},
				"up": {"uv": [1, 0, 3, 6], "texture": "#2"},
				"down": {"uv": [0, 0, 1.8, 6.4], "texture": "#2"}
			}
		},
		{
			"from": [7.3, 15.81428, 8.55599],
			"to": [8.7, 16.41428, 10.75599],
			"rotation": {"angle": 0, "axis": "x", "origin": [8, 17.91428, 21.25599]},
			"faces": {
				"north": {"uv": [0, 0, 1.4, 0.6], "texture": "#2"},
				"east": {"uv": [0, 0, 2.2, 0.6], "texture": "#2"},
				"south": {"uv": [0, 0, 1.4, 0.6], "texture": "#2"},
				"west": {"uv": [0, 0, 2.2, 0.6], "texture": "#2"},
				"up": {"uv": [0, 0, 1.4, 2.2], "texture": "#2"},
				"down": {"uv": [0, 0, 1.4, 2.2], "texture": "#2"}
			}
		},
		{
			"from": [7.6, 15.81428, 7.65599],
			"to": [8.4, 16.31428, 16.05599],
			"rotation": {"angle": 0, "axis": "x", "origin": [8, 17.91428, 21.25599]},
			"faces": {
				"north": {"uv": [0, 0, 0.8, 0.5], "texture": "#0"},
				"east": {"uv": [0, 0, 8.4, 0.5], "texture": "#0"},
				"south": {"uv": [0, 0, 0.8, 0.5], "texture": "#0"},
				"west": {"uv": [0, 0, 8.4, 0.5], "texture": "#0"},
				"up": {"uv": [0, 0, 0.8, 8.4], "texture": "#0"},
				"down": {"uv": [0, 0, 0.8, 8.4], "texture": "#0"}
			}
		},
		{
			"from": [7.101, 15.51428, 6.05599],
			"to": [8.89101, 16.01428, 7.45599],
			"rotation": {"angle": 22.5, "axis": "x", "origin": [7.99318, 14.07221, 3.35489]},
			"faces": {
				"north": {"uv": [0, 0, 1.79001, 0.5], "texture": "#2"},
				"east": {"uv": [0, 0, 1.4, 0.5], "texture": "#2"},
				"south": {"uv": [0, 0, 1.79001, 0.5], "texture": "#2"},
				"west": {"uv": [0, 0, 1.4, 0.5], "texture": "#2"},
				"up": {"uv": [0, 0, 1.79001, 1.4], "texture": "#2"},
				"down": {"uv": [0, 0, 1.79001, 1.4], "texture": "#2"}
			}
		},
		{
			"from": [6.9, 14.9614, 11.35599],
			"to": [7, 15.8614, 11.55599],
			"rotation": {"angle": 0, "axis": "x", "origin": [8.5, 17.81428, 21.35599]},
			"faces": {
				"north": {"uv": [0, 0, 0.1, 0.9], "texture": "#3"},
				"east": {"uv": [0, 0, 0.2, 0.9], "texture": "#3"},
				"south": {"uv": [0, 0, 0.1, 0.9], "texture": "#3"},
				"west": {"uv": [0, 0, 0.2, 0.9], "texture": "#3"},
				"up": {"uv": [0, 0, 0.1, 0.2], "texture": "#3"},
				"down": {"uv": [0, 0, 0.1, 0.2], "texture": "#3"}
			}
		},
		{
			"from": [6.9, 14.9614, 11.65599],
			"to": [7, 15.8614, 11.85599],
			"rotation": {"angle": 0, "axis": "x", "origin": [8.5, 17.81428, 21.35599]},
			"faces": {
				"north": {"uv": [0, 0, 0.1, 0.9], "texture": "#3"},
				"east": {"uv": [0, 0, 0.2, 0.9], "texture": "#3"},
				"south": {"uv": [0, 0, 0.1, 0.9], "texture": "#3"},
				"west": {"uv": [0, 0, 0.2, 0.9], "texture": "#3"},
				"up": {"uv": [0, 0, 0.1, 0.2], "texture": "#3"},
				"down": {"uv": [0, 0, 0.1, 0.2], "texture": "#3"}
			}
		},
		{
			"from": [6.9, 14.9614, 11.95599],
			"to": [7, 15.8614, 12.15599],
			"rotation": {"angle": 0, "axis": "x", "origin": [8.5, 17.81428, 21.95599]},
			"faces": {
				"north": {"uv": [0, 0, 0.1, 0.9], "texture": "#3"},
				"east": {"uv": [0, 0, 0.2, 0.9], "texture": "#3"},
				"south": {"uv": [0, 0, 0.1, 0.9], "texture": "#3"},
				"west": {"uv": [0, 0, 0.2, 0.9], "texture": "#3"},
				"up": {"uv": [0, 0, 0.1, 0.2], "texture": "#3"},
				"down": {"uv": [0, 0, 0.1, 0.2], "texture": "#3"}
			}
		},
		{
			"from": [6.9, 14.9614, 12.25599],
			"to": [7, 15.8614, 12.45599],
			"rotation": {"angle": 0, "axis": "x", "origin": [8.5, 17.81428, 21.95599]},
			"faces": {
				"north": {"uv": [0, 0, 0.1, 0.9], "texture": "#3"},
				"east": {"uv": [0, 0, 0.2, 0.9], "texture": "#3"},
				"south": {"uv": [0, 0, 0.1, 0.9], "texture": "#3"},
				"west": {"uv": [0, 0, 0.2, 0.9], "texture": "#3"},
				"up": {"uv": [0, 0, 0.1, 0.2], "texture": "#3"},
				"down": {"uv": [0, 0, 0.1, 0.2], "texture": "#3"}
			}
		},
		{
			"from": [6.9, 14.9614, 12.55599],
			"to": [7, 15.8614, 12.75599],
			"rotation": {"angle": 0, "axis": "x", "origin": [8.5, 17.81428, 22.55599]},
			"faces": {
				"north": {"uv": [0, 0, 0.1, 0.9], "texture": "#3"},
				"east": {"uv": [0, 0, 0.2, 0.9], "texture": "#3"},
				"south": {"uv": [0, 0, 0.1, 0.9], "texture": "#3"},
				"west": {"uv": [0, 0, 0.2, 0.9], "texture": "#3"},
				"up": {"uv": [0, 0, 0.1, 0.2], "texture": "#3"},
				"down": {"uv": [0, 0, 0.1, 0.2], "texture": "#3"}
			}
		},
		{
			"from": [6.9, 14.9614, 12.85599],
			"to": [7, 15.8614, 13.05599],
			"rotation": {"angle": 0, "axis": "x", "origin": [8.5, 17.81428, 22.55599]},
			"faces": {
				"north": {"uv": [0, 0, 0.1, 0.9], "texture": "#3"},
				"east": {"uv": [0, 0, 0.2, 0.9], "texture": "#3"},
				"south": {"uv": [0, 0, 0.1, 0.9], "texture": "#3"},
				"west": {"uv": [0, 0, 0.2, 0.9], "texture": "#3"},
				"up": {"uv": [0, 0, 0.1, 0.2], "texture": "#3"},
				"down": {"uv": [0, 0, 0.1, 0.2], "texture": "#3"}
			}
		},
		{
			"from": [6.9, 14.9614, 13.15599],
			"to": [7, 15.8614, 13.35599],
			"rotation": {"angle": 0, "axis": "x", "origin": [8.5, 17.81428, 23.15599]},
			"faces": {
				"north": {"uv": [0, 0, 0.1, 0.9], "texture": "#3"},
				"east": {"uv": [0, 0, 0.2, 0.9], "texture": "#3"},
				"south": {"uv": [0, 0, 0.1, 0.9], "texture": "#3"},
				"west": {"uv": [0, 0, 0.2, 0.9], "texture": "#3"},
				"up": {"uv": [0, 0, 0.1, 0.2], "texture": "#3"},
				"down": {"uv": [0, 0, 0.1, 0.2], "texture": "#3"}
			}
		},
		{
			"from": [6.9, 14.9614, 13.45599],
			"to": [7, 15.8614, 13.65599],
			"rotation": {"angle": 0, "axis": "x", "origin": [8.5, 17.81428, 23.15599]},
			"faces": {
				"north": {"uv": [0, 0, 0.1, 0.9], "texture": "#3"},
				"east": {"uv": [0, 0, 0.2, 0.9], "texture": "#3"},
				"south": {"uv": [0, 0, 0.1, 0.9], "texture": "#3"},
				"west": {"uv": [0, 0, 0.2, 0.9], "texture": "#3"},
				"up": {"uv": [0, 0, 0.1, 0.2], "texture": "#3"},
				"down": {"uv": [0, 0, 0.1, 0.2], "texture": "#3"}
			}
		},
		{
			"from": [6.9, 14.9614, 13.75599],
			"to": [7, 15.8614, 13.95599],
			"rotation": {"angle": 0, "axis": "x", "origin": [8.5, 17.81428, 23.75599]},
			"faces": {
				"north": {"uv": [0, 0, 0.1, 0.9], "texture": "#3"},
				"east": {"uv": [0, 0, 0.2, 0.9], "texture": "#3"},
				"south": {"uv": [0, 0, 0.1, 0.9], "texture": "#3"},
				"west": {"uv": [0, 0, 0.2, 0.9], "texture": "#3"},
				"up": {"uv": [0, 0, 0.1, 0.2], "texture": "#3"},
				"down": {"uv": [0, 0, 0.1, 0.2], "texture": "#3"}
			}
		},
		{
			"from": [7, 14.91428, 11.25599],
			"to": [7.1, 15.91428, 14.05599],
			"rotation": {"angle": 0, "axis": "x", "origin": [8, 17.91428, 21.25599]},
			"faces": {
				"north": {"uv": [0, 0, 0.1, 1], "texture": "#0"},
				"east": {"uv": [0, 0, 2.8, 1], "texture": "#0"},
				"south": {"uv": [0, 0, 0.1, 1], "texture": "#0"},
				"west": {"uv": [0, 0, 2.8, 1], "texture": "#0"},
				"up": {"uv": [0, 0, 0.1, 2.8], "texture": "#0"},
				"down": {"uv": [0, 0, 0.1, 2.8], "texture": "#0"}
			}
		},
		{
			"from": [7, 14.31428, 3.15599],
			"to": [9, 16.41428, 3.45599],
			"rotation": {"angle": 0, "axis": "x", "origin": [8, 17.91428, 9.35599]},
			"faces": {
				"north": {"uv": [0, 0, 2, 2.1], "texture": "#0"},
				"east": {"uv": [0, 0, 0.3, 2.1], "texture": "#0"},
				"south": {"uv": [0, 0, 2, 2.1], "texture": "#0"},
				"west": {"uv": [0, 0, 0.3, 2.1], "texture": "#0"},
				"up": {"uv": [0, 0, 2, 0.3], "texture": "#0"},
				"down": {"uv": [0, 0, 2, 0.3], "texture": "#0"}
			}
		},
		{
			"from": [7.1, 14.41428, 3.25599],
			"to": [8.9, 15.91428, 7.65599],
			"rotation": {"angle": 0, "axis": "x", "origin": [8, 17.91428, 9.35599]},
			"faces": {
				"north": {"uv": [0, 0, 1.8, 1.5], "texture": "#2"},
				"east": {"uv": [0, 0, 4.5, 1.5], "texture": "#2"},
				"south": {"uv": [0, 0, 1.8, 1.5], "texture": "#2"},
				"west": {"uv": [0, 0, 4.5, 1.5], "texture": "#2"},
				"up": {"uv": [0, 0, 16, 2], "texture": "#2"},
				"down": {"uv": [1, 0, 3, 5], "texture": "#2"}
			}
		},
		{
			"from": [7.2, 14.51428, -4.74401],
			"to": [8.8, 16.51428, -4.44401],
			"rotation": {"angle": 0, "axis": "x", "origin": [8, 17.91428, 4.75599]},
			"faces": {
				"north": {"uv": [0, 0, 1.6, 2], "texture": "#0"},
				"east": {"uv": [0, 0, 0.3, 2], "texture": "#0"},
				"south": {"uv": [0, 0, 1.6, 2], "texture": "#0"},
				"west": {"uv": [0, 0, 0.3, 2], "texture": "#0"},
				"up": {"uv": [0, 0, 1.6, 0.3], "texture": "#0"},
				"down": {"uv": [0, 0, 1.6, 0.3], "texture": "#0"}
			}
		},
		{
			"from": [7.3, 14.61428, -4.64401],
			"to": [8.7, 15.91428, 3.15599],
			"rotation": {"angle": 0, "axis": "x", "origin": [8, 17.91428, 4.85599]},
			"faces": {
				"north": {"uv": [0, 0, 1.4, 1.3], "texture": "#2"},
				"east": {"uv": [0, 0, 16, 2], "texture": "#2"},
				"south": {"uv": [0, 0, 1.4, 1.3], "texture": "#2"},
				"west": {"uv": [0, 0, 16, 2], "texture": "#2"},
				"up": {"uv": [0, 0, 1.399, 1.8], "texture": "#2"},
				"down": {"uv": [0, 0, 2, 4], "texture": "#2"}
			}
		}
	],
	"display": {
		"thirdperson_righthand": {
			"rotation": [-180, -180, -180],
			"translation": [0, -4.25, -7.25],
			"scale": [0.8, 0.8, 0.8]
		},
		"thirdperson_lefthand": {
			"rotation": [-180, -180, -180],
			"translation": [0, -4.25, -7.25],
			"scale": [0.8, 0.8, 0.8]
		},
		"firstperson_righthand": {
			"rotation": [0, -11, 0],
			"translation": [1.5, -4, -4]
		},
		"firstperson_lefthand": {
			"rotation": [0, -11, 0],
			"translation": [1.5, -4, -4]
		},
		"ground": {
			"rotation": [0, 0, 90],
			"translation": [7, 0, 0]
		},
		"gui": {
			"rotation": [-27, 155, 0],
			"translation": [0, -3.75, 0],
			"scale": [0.7, 0.7, 0.7]
		},
		"head": {
			"rotation": [90, 0, 0]
		},
		"fixed": {
			"rotation": [0, 90, 0],
			"translation": [0, -7, -1]
		}
	},
	"groups": [
		{
			"name": "group",
			"origin": [8, 11.51428, 4.85599],
			"children": []
		},
		{
			"name": "group",
			"origin": [8, 11.51428, 4.85599],
			"children": [0, 1, 2, 3, 4, 5, 6, 7, 8, 9, 10, 11, 12, 13, 14, 15, 16, 17, 18, 19, 20, 21, 22, 23, 24, 25, 26, 27, 28, 29, 30, 31, 32, 33, 34, 35, 36, 37, 38, 39, 40, 41, 42, 43, 44, 45, 46, 47, 48, 49, 50, 51, 52, 53, 54, 55, 56, 57, 58, 59, 60]
		}
	]
}