{
	"credit": "Made with Blockbench",
	"textures": {
		"0": "./podsvechnik",
		"particle": "./podsvechnik"
	},
	"elements": [
		{
			"from": [5, 0, 6],
			"to": [10, 1, 11],
			"rotation": {"angle": 0, "axis": "y", "origin": [17, 8, 14]},
			"faces": {
				"north": {"uv": [0, 0, 5, 1], "texture": "#0"},
				"east": {"uv": [0, 0, 5, 1], "texture": "#0"},
				"south": {"uv": [0, 0, 5, 1], "texture": "#0"},
				"west": {"uv": [0, 0, 5, 1], "texture": "#0"},
				"up": {"uv": [0, 0, 5, 5], "texture": "#0"},
				"down": {"uv": [0, 0, 5, 5], "texture": "#0"}
			}
		},
		{
			"from": [6, 1, 7],
			"to": [9, 2, 10],
			"rotation": {"angle": 0, "axis": "y", "origin": [17, 9, 14]},
			"faces": {
				"north": {"uv": [0, 0, 3, 1], "texture": "#0"},
				"east": {"uv": [0, 0, 3, 1], "texture": "#0"},
				"south": {"uv": [0, 0, 3, 1], "texture": "#0"},
				"west": {"uv": [0, 0, 3, 1], "texture": "#0"},
				"up": {"uv": [0, 0, 3, 3], "texture": "#0"},
				"down": {"uv": [0, 0, 3, 3], "texture": "#0"}
			}
		},
		{
			"from": [6, 4, 7],
			"to": [9, 5, 10],
			"rotation": {"angle": 0, "axis": "y", "origin": [17, 12, 14]},
			"faces": {
				"north": {"uv": [0, 0, 3, 1], "texture": "#0"},
				"east": {"uv": [0, 0, 3, 1], "texture": "#0"},
				"south": {"uv": [0, 0, 3, 1], "texture": "#0"},
				"west": {"uv": [0, 0, 3, 1], "texture": "#0"},
				"up": {"uv": [0, 0, 3, 3], "texture": "#0"},
				"down": {"uv": [0, 0, 3, 3], "texture": "#0"}
			}
		},
		{
			"from": [6, 8, 7],
			"to": [9, 9, 10],
			"rotation": {"angle": 0, "axis": "y", "origin": [17, 16, 14]},
			"faces": {
				"north": {"uv": [0, 0, 3, 1], "texture": "#0"},
				"east": {"uv": [0, 0, 3, 1], "texture": "#0"},
				"south": {"uv": [0, 0, 3, 1], "texture": "#0"},
				"west": {"uv": [0, 0, 3, 1], "texture": "#0"},
				"up": {"uv": [0, 0, 3, 3], "texture": "#0"},
				"down": {"uv": [0, 0, 3, 3], "texture": "#0"}
			}
		},
		{
			"from": [6, 7, 11],
			"to": [9, 8, 14],
			"rotation": {"angle": 0, "axis": "y", "origin": [17, 15, 18]},
			"faces": {
				"north": {"uv": [0, 0, 3, 1], "texture": "#0"},
				"east": {"uv": [0, 0, 3, 1], "texture": "#0"},
				"south": {"uv": [0, 0, 3, 1], "texture": "#0"},
				"west": {"uv": [0, 0, 3, 1], "texture": "#0"},
				"up": {"uv": [0, 0, 3, 3], "texture": "#0"},
				"down": {"uv": [0, 0, 3, 3], "texture": "#0"}
			}
		},
		{
			"from": [6, 7, 3],
			"to": [9, 8, 6],
			"rotation": {"angle": 0, "axis": "y", "origin": [17, 15, 10]},
			"faces": {
				"north": {"uv": [0, 0, 3, 1], "texture": "#0"},
				"east": {"uv": [0, 0, 3, 1], "texture": "#0"},
				"south": {"uv": [0, 0, 3, 1], "texture": "#0"},
				"west": {"uv": [0, 0, 3, 1], "texture": "#0"},
				"up": {"uv": [0, 0, 3, 3], "texture": "#0"},
				"down": {"uv": [0, 0, 3, 3], "texture": "#0"}
			}
		},
		{
			"from": [10, 7, 7],
			"to": [13, 8, 10],
			"rotation": {"angle": 0, "axis": "y", "origin": [21, 15, 14]},
			"faces": {
				"north": {"uv": [0, 0, 3, 1], "texture": "#0"},
				"east": {"uv": [0, 0, 3, 1], "texture": "#0"},
				"south": {"uv": [0, 0, 3, 1], "texture": "#0"},
				"west": {"uv": [0, 0, 3, 1], "texture": "#0"},
				"up": {"uv": [0, 0, 3, 3], "texture": "#0"},
				"down": {"uv": [0, 0, 3, 3], "texture": "#0"}
			}
		},
		{
			"from": [2, 7, 7],
			"to": [5, 8, 10],
			"rotation": {"angle": 0, "axis": "y", "origin": [13, 15, 14]},
			"faces": {
				"north": {"uv": [0, 0, 3, 1], "texture": "#0"},
				"east": {"uv": [0, 0, 3, 1], "texture": "#0"},
				"south": {"uv": [0, 0, 3, 1], "texture": "#0"},
				"west": {"uv": [0, 0, 3, 1], "texture": "#0"},
				"up": {"uv": [0, 0, 3, 3], "texture": "#0"},
				"down": {"uv": [0, 0, 3, 3], "texture": "#0"}
			}
		},
		{
			"from": [7, 2, 8],
			"to": [8, 4, 9],
			"rotation": {"angle": 0, "axis": "y", "origin": [16, 10, 13]},
			"faces": {
				"north": {"uv": [0, 0, 1, 2], "texture": "#0"},
				"east": {"uv": [0, 0, 1, 2], "texture": "#0"},
				"south": {"uv": [0, 0, 1, 2], "texture": "#0"},
				"west": {"uv": [0, 0, 1, 2], "texture": "#0"},
				"up": {"uv": [0, 0, 1, 1], "texture": "#0"},
				"down": {"uv": [0, 0, 1, 1], "texture": "#0"}
			}
		},
		{
			"from": [4, 4, 8],
			"to": [6, 5, 9],
			"rotation": {"angle": 0, "axis": "y", "origin": [14, 11, 13]},
			"faces": {
				"north": {"uv": [0, 0, 2, 1], "texture": "#0"},
				"east": {"uv": [0, 0, 1, 1], "texture": "#0"},
				"south": {"uv": [0, 0, 2, 1], "texture": "#0"},
				"west": {"uv": [0, 0, 1, 1], "texture": "#0"},
				"up": {"uv": [0, 0, 2, 1], "texture": "#0"},
				"down": {"uv": [0, 0, 2, 1], "texture": "#0"}
			}
		},
		{
			"from": [7, 4, 10],
			"to": [8, 5, 12],
			"rotation": {"angle": 0, "axis": "y", "origin": [16, 11, 15]},
			"faces": {
				"north": {"uv": [0, 0, 1, 1], "texture": "#0"},
				"east": {"uv": [0, 0, 2, 1], "texture": "#0"},
				"south": {"uv": [0, 0, 1, 1], "texture": "#0"},
				"west": {"uv": [0, 0, 2, 1], "texture": "#0"},
				"up": {"uv": [0, 0, 1, 2], "texture": "#0"},
				"down": {"uv": [0, 0, 1, 2], "texture": "#0"}
			}
		},
		{
			"from": [7, 4, 5],
			"to": [8, 5, 7],
			"rotation": {"angle": 0, "axis": "y", "origin": [16, 11, 10]},
			"faces": {
				"north": {"uv": [0, 0, 1, 1], "texture": "#0"},
				"east": {"uv": [0, 0, 2, 1], "texture": "#0"},
				"south": {"uv": [0, 0, 1, 1], "texture": "#0"},
				"west": {"uv": [0, 0, 2, 1], "texture": "#0"},
				"up": {"uv": [0, 0, 1, 2], "texture": "#0"},
				"down": {"uv": [0, 0, 1, 2], "texture": "#0"}
			}
		},
		{
			"from": [9, 4, 8],
			"to": [11, 5, 9],
			"rotation": {"angle": 0, "axis": "y", "origin": [19, 11, 13]},
			"faces": {
				"north": {"uv": [0, 0, 2, 1], "texture": "#0"},
				"east": {"uv": [0, 0, 1, 1], "texture": "#0"},
				"south": {"uv": [0, 0, 2, 1], "texture": "#0"},
				"west": {"uv": [0, 0, 1, 1], "texture": "#0"},
				"up": {"uv": [0, 0, 2, 1], "texture": "#0"},
				"down": {"uv": [0, 0, 2, 1], "texture": "#0"}
			}
		},
		{
			"from": [7, 5, 8],
			"to": [8, 8, 9],
			"rotation": {"angle": 0, "axis": "y", "origin": [16, 13, 13]},
			"faces": {
				"north": {"uv": [0, 0, 1, 3], "texture": "#0"},
				"east": {"uv": [0, 0, 1, 3], "texture": "#0"},
				"south": {"uv": [0, 0, 1, 3], "texture": "#0"},
				"west": {"uv": [0, 0, 1, 3], "texture": "#0"},
				"up": {"uv": [0, 0, 1, 1], "texture": "#0"},
				"down": {"uv": [0, 0, 1, 1], "texture": "#0"}
			}
		},
		{
			"from": [3, 4, 8],
			"to": [4, 7, 9],
			"rotation": {"angle": 0, "axis": "y", "origin": [12, 12, 13]},
			"faces": {
				"north": {"uv": [0, 0, 1, 3], "texture": "#0"},
				"east": {"uv": [0, 0, 1, 3], "texture": "#0"},
				"south": {"uv": [0, 0, 1, 3], "texture": "#0"},
				"west": {"uv": [0, 0, 1, 3], "texture": "#0"},
				"up": {"uv": [0, 0, 1, 1], "texture": "#0"},
				"down": {"uv": [0, 0, 1, 1], "texture": "#0"}
			}
		},
		{
			"from": [7, 4, 12],
			"to": [8, 7, 13],
			"rotation": {"angle": 0, "axis": "y", "origin": [16, 12, 17]},
			"faces": {
				"north": {"uv": [0, 0, 1, 3], "texture": "#0"},
				"east": {"uv": [0, 0, 1, 3], "texture": "#0"},
				"south": {"uv": [0, 0, 1, 3], "texture": "#0"},
				"west": {"uv": [0, 0, 1, 3], "texture": "#0"},
				"up": {"uv": [0, 0, 1, 1], "texture": "#0"},
				"down": {"uv": [0, 0, 1, 1], "texture": "#0"}
			}
		},
		{
			"from": [7, 4, 4],
			"to": [8, 7, 5],
			"rotation": {"angle": 0, "axis": "y", "origin": [16, 12, 9]},
			"faces": {
				"north": {"uv": [0, 0, 1, 3], "texture": "#0"},
				"east": {"uv": [0, 0, 1, 3], "texture": "#0"},
				"south": {"uv": [0, 0, 1, 3], "texture": "#0"},
				"west": {"uv": [0, 0, 1, 3], "texture": "#0"},
				"up": {"uv": [0, 0, 1, 1], "texture": "#0"},
				"down": {"uv": [0, 0, 1, 1], "texture": "#0"}
			}
		},
		{
			"from": [11, 4, 8],
			"to": [12, 7, 9],
			"rotation": {"angle": 0, "axis": "y", "origin": [20, 12, 13]},
			"faces": {
				"north": {"uv": [0, 0, 1, 3], "texture": "#0"},
				"east": {"uv": [0, 0, 1, 3], "texture": "#0"},
				"south": {"uv": [0, 0, 1, 3], "texture": "#0"},
				"west": {"uv": [0, 0, 1, 3], "texture": "#0"},
				"up": {"uv": [0, 0, 1, 1], "texture": "#0"},
				"down": {"uv": [0, 0, 1, 1], "texture": "#0"}
			}
		},
		{
			"from": [3, 8, 8],
			"to": [4, 11, 9],
			"rotation": {"angle": 0, "axis": "y", "origin": [11, 16, 16]},
			"faces": {
				"north": {"uv": [14, 13, 15, 16], "texture": "#0"},
				"east": {"uv": [12, 13, 13, 16], "texture": "#0"},
				"south": {"uv": [15, 13, 16, 16], "texture": "#0"},
				"west": {"uv": [13, 13, 14, 16], "texture": "#0"},
				"up": {"uv": [15, 15, 16, 16], "texture": "#0"},
				"down": {"uv": [15, 14, 16, 15], "texture": "#0"}
			}
		},
		{
			"from": [11, 8, 8],
			"to": [12, 11, 9],
			"rotation": {"angle": 0, "axis": "y", "origin": [19, 16, 16]},
			"faces": {
				"north": {"uv": [14, 13, 15, 16], "texture": "#0"},
				"east": {"uv": [12, 13, 13, 16], "texture": "#0"},
				"south": {"uv": [15, 13, 16, 16], "texture": "#0"},
				"west": {"uv": [13, 13, 14, 16], "texture": "#0"},
				"up": {"uv": [15, 15, 16, 16], "texture": "#0"},
				"down": {"uv": [15, 14, 16, 15], "texture": "#0"}
			}
		},
		{
			"from": [7, 8, 12],
			"to": [8, 11, 13],
			"rotation": {"angle": 0, "axis": "y", "origin": [15, 16, 20]},
			"faces": {
				"north": {"uv": [14, 13, 15, 16], "texture": "#0"},
				"east": {"uv": [12, 13, 13, 16], "texture": "#0"},
				"south": {"uv": [15, 13, 16, 16], "texture": "#0"},
				"west": {"uv": [13, 13, 14, 16], "texture": "#0"},
				"up": {"uv": [15, 15, 16, 16], "texture": "#0"},
				"down": {"uv": [15, 14, 16, 15], "texture": "#0"}
			}
		},
		{
			"from": [7, 8, 4],
			"to": [8, 11, 5],
			"rotation": {"angle": 0, "axis": "y", "origin": [15, 16, 12]},
			"faces": {
				"north": {"uv": [14, 13, 15, 16], "texture": "#0"},
				"east": {"uv": [12, 13, 13, 16], "texture": "#0"},
				"south": {"uv": [15, 13, 16, 16], "texture": "#0"},
				"west": {"uv": [13, 13, 14, 16], "texture": "#0"},
				"up": {"uv": [15, 15, 16, 16], "texture": "#0"},
				"down": {"uv": [15, 14, 16, 15], "texture": "#0"}
			}
		},
		{
			"from": [7.25, 11, 4.25],
			"to": [7.75, 11.75, 4.75],
			"rotation": {"angle": 0, "axis": "y", "origin": [15, 19, 12.25]},
			"faces": {
				"north": {"uv": [15, 0, 15.5, 0.75], "texture": "#0"},
				"east": {"uv": [15, 0, 15.5, 0.75], "texture": "#0"},
				"south": {"uv": [14, 0, 14.5, 0.75], "texture": "#0"},
				"west": {"uv": [15, 0, 15.5, 0.75], "texture": "#0"},
				"up": {"uv": [15, 0, 15.5, 0.5], "texture": "#0"},
				"down": {"uv": [15, 0, 15.5, 0.5], "texture": "#0"}
			}
		},
		{
			"from": [11.25, 11, 8.25],
			"to": [11.75, 11.75, 8.75],
			"rotation": {"angle": 0, "axis": "y", "origin": [19, 19, 16.25]},
			"faces": {
				"north": {"uv": [15, 0, 15.5, 0.75], "texture": "#0"},
				"east": {"uv": [15, 1, 15.5, 1.75], "texture": "#0"},
				"south": {"uv": [15, 0, 15.5, 0.75], "texture": "#0"},
				"west": {"uv": [15, 0, 15.5, 0.75], "texture": "#0"},
				"up": {"uv": [15, 0, 15.5, 0.5], "texture": "#0"},
				"down": {"uv": [15, 0, 15.5, 0.5], "texture": "#0"}
			}
		},
		{
			"from": [3.25, 11, 8.25],
			"to": [3.75, 11.75, 8.75],
			"rotation": {"angle": 0, "axis": "y", "origin": [11, 19, 16.25]},
			"faces": {
				"north": {"uv": [15, 0, 15.5, 0.75], "texture": "#0"},
				"east": {"uv": [15, 0, 15.5, 0.75], "texture": "#0"},
				"south": {"uv": [15, 0, 15.5, 0.75], "texture": "#0"},
				"west": {"uv": [15, 1, 15.5, 1.75], "texture": "#0"},
				"up": {"uv": [15, 0, 15.5, 0.5], "texture": "#0"},
				"down": {"uv": [15, 0, 15.5, 0.5], "texture": "#0"}
			}
		},
		{
			"from": [7.25, 12, 8.25],
			"to": [7.75, 12.75, 8.75],
			"rotation": {"angle": 0, "axis": "y", "origin": [15, 20, 16.25]},
			"faces": {
				"north": {"uv": [15, 0, 15.5, 0.75], "texture": "#0"},
				"east": {"uv": [15, 0, 15.5, 0.75], "texture": "#0"},
				"south": {"uv": [15, 0, 15.5, 0.75], "texture": "#0"},
				"west": {"uv": [15, 0, 15.5, 0.75], "texture": "#0"},
				"up": {"uv": [15, 0, 15.5, 0.5], "texture": "#0"},
				"down": {"uv": [15, 0, 15.5, 0.5], "texture": "#0"}
			}
		},
		{
			"from": [7.25, 11, 12.25],
			"to": [7.75, 11.75, 12.75],
			"rotation": {"angle": 0, "axis": "y", "origin": [15, 19, 20.25]},
			"faces": {
				"north": {"uv": [15, 0, 15.5, 0.75], "texture": "#0"},
				"east": {"uv": [15, 0, 15.5, 0.75], "texture": "#0"},
				"south": {"uv": [14, 0, 14.5, 0.75], "texture": "#0"},
				"west": {"uv": [15, 0, 15.5, 0.75], "texture": "#0"},
				"up": {"uv": [15, 0, 15.5, 0.5], "texture": "#0"},
				"down": {"uv": [15, 0, 15.5, 0.5], "texture": "#0"}
			}
		},
		{
			"from": [7, 9, 8],
			"to": [8, 12, 9],
			"rotation": {"angle": 0, "axis": "y", "origin": [15, 17, 16]},
			"faces": {
				"north": {"uv": [15, 13, 16, 16], "texture": "#0"},
				"east": {"uv": [12, 13, 13, 16], "texture": "#0"},
				"south": {"uv": [14, 13, 15, 16], "texture": "#0"},
				"west": {"uv": [13, 13, 14, 16], "texture": "#0"},
				"up": {"uv": [15, 15, 16, 16], "texture": "#0"},
				"down": {"uv": [15, 14, 16, 15], "texture": "#0"}
			}
		}
	],
	"display": {
		"thirdperson_righthand": {
			"rotation": [0, 73, 0],
			"translation": [-0.5, 5.5, 0.5],
			"scale": [1.3, 1.3, 1.3]
		},
		"thirdperson_lefthand": {
			"rotation": [0, 82, 0],
			"translation": [-0.5, 5.5, 1.5],
			"scale": [1.3, 1.3, 1.3]
		},
		"firstperson_righthand": {
			"rotation": [0, -41, 0],
			"translation": [0, 4.25, 0]
		},
		"firstperson_lefthand": {
			"rotation": [0, 16, 0],
			"translation": [-1.5, 5, 0]
		},
		"ground": {
			"translation": [0, 4.5, 0]
		},
		"gui": {
			"rotation": [21, 43, 0],
			"translation": [0, 2.25, 0]
		},
		"fixed": {
			"rotation": [-90, 0, 0],
			"translation": [1, -0.75, -15],
			"scale": [1.85, 1.85, 1.85]
		}
	}
}