{
	"credit": "Made with Blockbench",
	"textures": {
		"0": "./white_wool",
		"1": "./red_concrete",
		"2": "./gold_block",
		"particle": "./white_wool"
	},
	"elements": [
		{
			"from": [2, 0, 2],
			"to": [13, 1, 12],
			"faces": {
				"north": {"uv": [0, 0, 10, 1], "texture": "#1"},
				"east": {"uv": [0, 0, 12, 1], "texture": "#1"},
				"south": {"uv": [0, 0, 10, 1], "texture": "#1"},
				"west": {"uv": [0, 0, 12, 1], "texture": "#1"},
				"up": {"uv": [0, 0, 10, 12], "texture": "#1"},
				"down": {"uv": [0, 0, 10, 12], "texture": "#1"}
			}
		},
		{
			"from": [2.25, 1, 2],
			"to": [12.75, 4, 11.5],
			"faces": {
				"north": {"uv": [0, 0, 9.5, 3], "texture": "#0"},
				"east": {"uv": [0, 0, 11.5, 3], "texture": "#0"},
				"south": {"uv": [0, 0, 9.5, 3], "texture": "#0"},
				"west": {"uv": [0, 0, 11.5, 3], "texture": "#0"},
				"up": {"uv": [0, 0, 9.5, 11.5], "texture": "#0"},
				"down": {"uv": [0, 0, 9.5, 11.5], "texture": "#0"}
			}
		},
		{
			"from": [2, 4, 2],
			"to": [13, 5, 10],
			"faces": {
				"north": {"uv": [0, 0, 10, 1], "texture": "#1"},
				"east": {"uv": [0, 0, 10, 1], "texture": "#1"},
				"south": {"uv": [0, 0, 10, 1], "texture": "#1"},
				"west": {"uv": [0, 0, 10, 1], "texture": "#1"},
				"up": {"uv": [0, 0, 10, 10], "texture": "#1"},
				"down": {"uv": [0, 0, 10, 10], "texture": "#1"}
			}
		},
		{
			"from": [2.5, 4, 3.5],
			"to": [12.5, 5, 11.5],
			"faces": {
				"north": {"uv": [0, 0, 9, 1], "texture": "#1"},
				"east": {"uv": [0, 0, 10, 1], "texture": "#1"},
				"south": {"uv": [0, 0, 9, 1], "texture": "#1"},
				"west": {"uv": [0, 0, 10, 1], "texture": "#1"},
				"up": {"uv": [0, 0, 9, 10], "texture": "#1"},
				"down": {"uv": [0, 0, 9, 10], "texture": "#1"}
			}
		},
		{
			"from": [4, 4, 11],
			"to": [11, 5, 12],
			"rotation": {"angle": 0, "axis": "y", "origin": [8, 8, 6]},
			"faces": {
				"north": {"uv": [0, 0, 6, 1], "texture": "#1"},
				"east": {"uv": [0, 0, 1, 1], "texture": "#1"},
				"south": {"uv": [0, 0, 6, 1], "texture": "#1"},
				"west": {"uv": [0, 0, 1, 1], "texture": "#1"},
				"up": {"uv": [0, 0, 6, 1], "texture": "#1"},
				"down": {"uv": [0, 0, 6, 1], "texture": "#1"}
			}
		},
		{
			"from": [2, 4, 4],
			"to": [13, 4.75, 12],
			"faces": {
				"north": {"uv": [0, 0, 10, 0.75], "texture": "#1"},
				"east": {"uv": [0, 0, 10, 0.75], "texture": "#1"},
				"south": {"uv": [0, 0, 10, 0.75], "texture": "#1"},
				"west": {"uv": [0, 0, 10, 0.75], "texture": "#1"},
				"up": {"uv": [0, 0, 10, 10], "texture": "#1"},
				"down": {"uv": [0, 0, 10, 10], "texture": "#1"}
			}
		},
		{
			"from": [2, 4.75, 11.5],
			"to": [4, 5, 12],
			"rotation": {"angle": 0, "axis": "y", "origin": [7, 8, 6]},
			"faces": {
				"north": {"uv": [0, 0, 2, 0.25], "texture": "#2"},
				"east": {"uv": [0, 0, 0.5, 0.25], "texture": "#2"},
				"south": {"uv": [0, 0, 2, 0.25], "texture": "#2"},
				"west": {"uv": [0, 0, 0.5, 0.25], "texture": "#2"},
				"up": {"uv": [0, 0, 2, 0.5], "texture": "#2"},
				"down": {"uv": [0, 0, 2, 0.5], "texture": "#2"}
			}
		},
		{
			"from": [12.5, 4.75, 10],
			"to": [13, 5, 12],
			"rotation": {"angle": 0, "axis": "y", "origin": [8, 8, 6]},
			"faces": {
				"north": {"uv": [0, 0, 0.5, 0.25], "texture": "#2"},
				"east": {"uv": [0, 0, 2, 0.25], "texture": "#2"},
				"south": {"uv": [0, 0, 0.5, 0.25], "texture": "#2"},
				"west": {"uv": [0, 0, 2, 0.25], "texture": "#2"},
				"up": {"uv": [0, 0, 2, 0.5], "rotation": 270, "texture": "#2"},
				"down": {"uv": [0, 0, 2, 0.5], "rotation": 90, "texture": "#2"}
			}
		},
		{
			"from": [2, 4.75, 10],
			"to": [2.5, 5, 12],
			"rotation": {"angle": 0, "axis": "y", "origin": [7, 8, 6]},
			"faces": {
				"north": {"uv": [0, 0, 0.5, 0.25], "texture": "#2"},
				"east": {"uv": [0, 0, 2, 0.25], "texture": "#2"},
				"south": {"uv": [0, 0, 0.5, 0.25], "texture": "#2"},
				"west": {"uv": [0, 0, 2, 0.25], "texture": "#2"},
				"up": {"uv": [0, 0, 2, 0.5], "rotation": 270, "texture": "#2"},
				"down": {"uv": [0, 0, 2, 0.5], "rotation": 90, "texture": "#2"}
			}
		},
		{
			"from": [11, 4.75, 11.5],
			"to": [13, 5, 12],
			"rotation": {"angle": 0, "axis": "y", "origin": [8, 8, 6]},
			"faces": {
				"north": {"uv": [0, 0, 2, 0.25], "texture": "#2"},
				"east": {"uv": [0, 0, 0.5, 0.25], "texture": "#2"},
				"south": {"uv": [0, 0, 2, 0.25], "texture": "#2"},
				"west": {"uv": [0, 0, 0.5, 0.25], "texture": "#2"},
				"up": {"uv": [0, 0, 2, 0.5], "rotation": 180, "texture": "#2"},
				"down": {"uv": [0, 0, 2, 0.5], "rotation": 180, "texture": "#2"}
			}
		},
		{
			"from": [2, 1, 1.5],
			"to": [13, 4, 2.5],
			"faces": {
				"north": {"uv": [0, 0, 10, 3], "texture": "#1"},
				"east": {"uv": [0, 0, 1, 3], "texture": "#1"},
				"south": {"uv": [0, 0, 10, 3], "texture": "#1"},
				"west": {"uv": [0, 0, 1, 3], "texture": "#1"},
				"up": {"uv": [0, 0, 10, 1], "texture": "#1"},
				"down": {"uv": [0, 0, 10, 1], "texture": "#1"}
			}
		},
		{
			"from": [3, 0.5, 1.75],
			"to": [13, 4.5, 2.5],
			"faces": {
				"north": {"uv": [0, 0, 10, 4], "texture": "#1"},
				"east": {"uv": [0, 0, 0.75, 4], "texture": "#1"},
				"south": {"uv": [0, 0, 10, 4], "texture": "#1"},
				"west": {"uv": [0, 0, 0.75, 4], "texture": "#1"},
				"up": {"uv": [0, 0, 10, 0.75], "texture": "#1"},
				"down": {"uv": [0, 0, 10, 0.75], "texture": "#1"}
			}
		},
		{
			"from": [10, 4.5, 5],
			"to": [11, 5.5, 8],
			"rotation": {"angle": 0, "axis": "y", "origin": [18, 12.5, 13]},
			"faces": {
				"north": {"uv": [0, 0, 1, 1], "texture": "#2"},
				"east": {"uv": [0, 0, 3, 1], "texture": "#2"},
				"south": {"uv": [0, 0, 1, 1], "texture": "#2"},
				"west": {"uv": [0, 0, 3, 1], "texture": "#2"},
				"up": {"uv": [0, 0, 1, 3], "texture": "#2"},
				"down": {"uv": [0, 0, 1, 3], "texture": "#2"}
			}
		},
		{
			"from": [4, 4.5, 5],
			"to": [5, 5.5, 8],
			"rotation": {"angle": 0, "axis": "y", "origin": [12, 12.5, 13]},
			"faces": {
				"north": {"uv": [0, 0, 1, 1], "texture": "#2"},
				"east": {"uv": [0, 0, 3, 1], "texture": "#2"},
				"south": {"uv": [0, 0, 1, 1], "texture": "#2"},
				"west": {"uv": [0, 0, 3, 1], "texture": "#2"},
				"up": {"uv": [0, 0, 1, 3], "texture": "#2"},
				"down": {"uv": [0, 0, 1, 3], "texture": "#2"}
			}
		},
		{
			"from": [9, 4.5, 8],
			"to": [10, 5.5, 9],
			"rotation": {"angle": 0, "axis": "y", "origin": [17, 12.5, 13]},
			"faces": {
				"north": {"uv": [0, 0, 1, 1], "texture": "#2"},
				"east": {"uv": [0, 0, 1, 1], "texture": "#2"},
				"south": {"uv": [0, 0, 1, 1], "texture": "#2"},
				"west": {"uv": [0, 0, 1, 1], "texture": "#2"},
				"up": {"uv": [0, 0, 1, 1], "texture": "#2"},
				"down": {"uv": [0, 0, 1, 1], "texture": "#2"}
			}
		},
		{
			"from": [4, 4.5, 8],
			"to": [5, 5.5, 9],
			"rotation": {"angle": 0, "axis": "y", "origin": [12, 12.5, 13]},
			"faces": {
				"north": {"uv": [0, 0, 1, 1], "texture": "#2"},
				"east": {"uv": [0, 0, 1, 1], "texture": "#2"},
				"south": {"uv": [0, 0, 1, 1], "texture": "#2"},
				"west": {"uv": [0, 0, 1, 1], "texture": "#2"},
				"up": {"uv": [0, 0, 1, 1], "texture": "#2"},
				"down": {"uv": [0, 0, 1, 1], "texture": "#2"}
			}
		},
		{
			"from": [2, 4.5, 8.5],
			"to": [3, 5.5, 14],
			"rotation": {"angle": -45, "axis": "y", "origin": [10, 12.5, 14]},
			"faces": {
				"north": {"uv": [0, 0, 1, 1], "texture": "#2"},
				"east": {"uv": [0, 0, 3, 1], "texture": "#2"},
				"south": {"uv": [0, 0, 1, 1], "texture": "#2"},
				"west": {"uv": [0, 0, 3, 1], "texture": "#2"},
				"up": {"uv": [0, 0, 1, 3], "texture": "#2"},
				"down": {"uv": [0, 0, 1, 3], "texture": "#2"}
			}
		},
		{
			"from": [8, 4.5, 4.25],
			"to": [10, 5.5, 5.25],
			"rotation": {"angle": 0, "axis": "y", "origin": [17, 12.5, 9.25]},
			"faces": {
				"north": {"uv": [0, 0, 2, 1], "texture": "#2"},
				"east": {"uv": [0, 0, 1, 1], "texture": "#2"},
				"south": {"uv": [0, 0, 2, 1], "texture": "#2"},
				"west": {"uv": [0, 0, 1, 1], "texture": "#2"},
				"up": {"uv": [0, 0, 2, 1], "texture": "#2"},
				"down": {"uv": [0, 0, 2, 1], "texture": "#2"}
			}
		},
		{
			"from": [4, 4.5, 4],
			"to": [5, 5.5, 5],
			"rotation": {"angle": 0, "axis": "y", "origin": [13, 12.5, 9]},
			"faces": {
				"north": {"uv": [0, 0, 2, 1], "texture": "#2"},
				"east": {"uv": [0, 0, 1, 1], "texture": "#2"},
				"south": {"uv": [0, 0, 2, 1], "texture": "#2"},
				"west": {"uv": [0, 0, 1, 1], "texture": "#2"},
				"up": {"uv": [0, 0, 2, 1], "texture": "#2"},
				"down": {"uv": [0, 0, 2, 1], "texture": "#2"}
			}
		}
	],
	"display": {
		"thirdperson_righthand": {
			"rotation": [12, 0, 99],
			"translation": [-4.75, -0.75, -1],
			"scale": [0.7, 0.7, 0.65]
		},
		"thirdperson_lefthand": {
			"rotation": [12, 0, 99],
			"translation": [-5, -1, -1],
			"scale": [0.7, 0.7, 0.65]
		},
		"firstperson_righthand": {
			"rotation": [41, 69, 0],
			"translation": [-1, 3.75, 0]
		},
		"firstperson_lefthand": {
			"rotation": [22, -81, 0],
			"translation": [-2.5, 4, 0]
		},
		"ground": {
			"translation": [0, 2.75, 0],
			"scale": [0.7, 0.6, 0.65]
		},
		"gui": {
			"rotation": [76, 61, 0],
			"translation": [1.25, 1.75, 0],
			"scale": [0.9, 0.9, 0.85]
		},
		"fixed": {
			"rotation": [-90, 0, 0],
			"translation": [0.75, 2, -11.25],
			"scale": [1.7, 1.5, 1.5]
		}
	}
}