{
	"credit": "Made with Blockbench",
	"textures": {
		"0": "./paket",
		"1": "./testo",
		"2": "./shavuha",
		"particle": "./paket"
	},
	"elements": [
		{
			"from": [7, 0, 6.5],
			"to": [9, 6, 6.75],
			"rotation": {"angle": 0, "axis": "y", "origin": [15, 8, 13.75]},
			"faces": {
				"north": {"uv": [0, 0, 2, 6], "texture": "#1"},
				"east": {"uv": [0, 0, 0.25, 6], "texture": "#1"},
				"south": {"uv": [0, 0, 2, 6], "texture": "#1"},
				"west": {"uv": [0, 0, 0.25, 6], "texture": "#1"},
				"up": {"uv": [0, 0, 2, 0.25], "texture": "#1"},
				"down": {"uv": [0, 0, 2, 0.25], "texture": "#1"}
			}
		},
		{
			"from": [6.75, -0.25, 6.25],
			"to": [8, 3, 8.25],
			"rotation": {"angle": 0, "axis": "y", "origin": [15, 8, 13.5]},
			"faces": {
				"north": {"uv": [0, 0, 1.25, 3.25], "texture": "#0"},
				"east": {"uv": [0, 0, 2, 3.25], "texture": "#0"},
				"south": {"uv": [0, 0, 1.25, 3.25], "texture": "#0"},
				"west": {"uv": [0, 0, 2, 3.25], "texture": "#0"},
				"up": {"uv": [0, 0, 1.25, 2], "texture": "#0"},
				"down": {"uv": [0, 0, 1.25, 2], "texture": "#0"}
			}
		},
		{
			"from": [8.75, -0.25, 6.25],
			"to": [9.5, 2, 8.25],
			"rotation": {"angle": 0, "axis": "y", "origin": [16, 8, 13.5]},
			"faces": {
				"north": {"uv": [0, 0, 0.75, 2.25], "texture": "#0"},
				"east": {"uv": [0, 0, 2, 2.25], "texture": "#0"},
				"south": {"uv": [0, 0, 0.75, 2.25], "texture": "#0"},
				"west": {"uv": [0, 0, 2, 2.25], "texture": "#0"},
				"up": {"uv": [0, 0, 0.75, 2], "texture": "#0"},
				"down": {"uv": [0, 0, 0.75, 2], "texture": "#0"}
			}
		},
		{
			"from": [8, -0.25, 6.25],
			"to": [9, 2.25, 8.25],
			"rotation": {"angle": 0, "axis": "y", "origin": [16, 8, 13.5]},
			"faces": {
				"north": {"uv": [0, 0, 1, 2.5], "texture": "#0"},
				"east": {"uv": [0, 0, 2, 2.5], "texture": "#0"},
				"south": {"uv": [0, 0, 1, 2.5], "texture": "#0"},
				"west": {"uv": [0, 0, 2, 2.5], "texture": "#0"},
				"up": {"uv": [0, 0, 1, 2], "texture": "#0"},
				"down": {"uv": [0, 0, 1, 2], "texture": "#0"}
			}
		},
		{
			"from": [7, 0, 7.75],
			"to": [9, 6, 8],
			"rotation": {"angle": 0, "axis": "y", "origin": [15, 8, 15]},
			"faces": {
				"north": {"uv": [0, 0, 2, 6], "texture": "#1"},
				"east": {"uv": [0, 0, 0.25, 6], "texture": "#1"},
				"south": {"uv": [0, 0, 2, 6], "texture": "#1"},
				"west": {"uv": [0, 0, 0.25, 6], "texture": "#1"},
				"up": {"uv": [0, 0, 2, 0.25], "texture": "#1"},
				"down": {"uv": [0, 0, 2, 0.25], "texture": "#1"}
			}
		},
		{
			"from": [7.25, 0, 6.75],
			"to": [9, 6.25, 7.75],
			"rotation": {"angle": 0, "axis": "y", "origin": [15, 8, 14.75]},
			"faces": {
				"north": {"uv": [11, 5, 16, 11.25], "texture": "#2"},
				"east": {"uv": [11, 6, 12, 12.25], "texture": "#2"},
				"south": {"uv": [7, 5, 12, 11.25], "texture": "#2"},
				"west": {"uv": [0, 0, 1, 6.25], "texture": "#2"},
				"up": {"uv": [6, 4, 12, 7], "texture": "#2"},
				"down": {"uv": [0, 0, 1.75, 1], "texture": "#2"}
			}
		},
		{
			"from": [7, 0, 6.5],
			"to": [7.25, 6, 8],
			"rotation": {"angle": 0, "axis": "y", "origin": [14.25, 8, 0]},
			"faces": {
				"north": {"uv": [0, 0, 0.25, 6], "texture": "#1"},
				"east": {"uv": [0, 0, 1.5, 6], "texture": "#1"},
				"south": {"uv": [0, 0, 0.25, 6], "texture": "#1"},
				"west": {"uv": [0, 0, 1.5, 6], "texture": "#1"},
				"up": {"uv": [0, 0, 1.5, 0.25], "rotation": 270, "texture": "#1"},
				"down": {"uv": [0, 0, 1.5, 0.25], "rotation": 90, "texture": "#1"}
			}
		},
		{
			"from": [9, 0, 6.5],
			"to": [9.25, 6, 8],
			"rotation": {"angle": 0, "axis": "y", "origin": [16.25, 8, 0]},
			"faces": {
				"north": {"uv": [0, 0, 0.25, 6], "texture": "#1"},
				"east": {"uv": [0, 0, 1.5, 6], "texture": "#1"},
				"south": {"uv": [0, 0, 0.25, 6], "texture": "#1"},
				"west": {"uv": [0, 0, 1.5, 6], "texture": "#1"},
				"up": {"uv": [0, 0, 1.5, 0.25], "rotation": 270, "texture": "#1"},
				"down": {"uv": [0, 0, 1.5, 0.25], "rotation": 90, "texture": "#1"}
			}
		}
	],
	"display": {
		"thirdperson_righthand": {
			"rotation": [0, 90, 0],
			"translation": [1, 7, 0],
			"scale": [1.2, 1.2, 1.2]
		},
		"thirdperson_lefthand": {
			"rotation": [0, -90, 0],
			"translation": [-1, 7, 0],
			"scale": [1.2, 1.2, 1.2]
		},
		"firstperson_righthand": {
			"rotation": [0, 103, 0],
			"translation": [0.5, 7, 1]
		},
		"firstperson_lefthand": {
			"rotation": [0, -91, 0],
			"translation": [0.5, 7, 0.5]
		},
		"ground": {
			"translation": [0, 10.75, 0],
			"scale": [1.6, 1.6, 1.6]
		},
		"gui": {
			"rotation": [19, -163, 0],
			"translation": [0, 8, 0],
			"scale": [1.6, 1.6, 1.6]
		},
		"fixed": {
			"translation": [0, 9.5, 0],
			"scale": [2, 2, 2]
		}
	}
}