{
	"credit": "Made with Blockbench",
	"textures": {
		"0": "./cyan_terracotta",
		"1": "./gray_stained_glass",
		"particle": "./cyan_terracotta"
	},
	"elements": [
		{
			"from": [9, 4, 5],
			"to": [13, 5, 6],
			"faces": {
				"north": {"uv": [0, 0, 5, 5], "texture": "#0"},
				"east": {"uv": [0, 0, 5, 5], "texture": "#0"},
				"south": {"uv": [0, 0, 5, 5], "texture": "#0"},
				"west": {"uv": [0, 0, 5, 5], "texture": "#0"},
				"up": {"uv": [0, 0, 5, 5], "texture": "#0"},
				"down": {"uv": [0, 0, 5, 5], "texture": "#0"}
			}
		},
		{
			"from": [13, 4.5, 5],
			"to": [14, 8, 6],
			"faces": {
				"north": {"uv": [0, 0, 5, 5], "rotation": 90, "texture": "#0"},
				"east": {"uv": [0, 0, 5, 5], "rotation": 270, "texture": "#0"},
				"south": {"uv": [0, 0, 5, 5], "rotation": 270, "texture": "#0"},
				"west": {"uv": [0, 0, 5, 5], "rotation": 270, "texture": "#0"},
				"up": {"uv": [0, 0, 5, 5], "rotation": 270, "texture": "#0"},
				"down": {"uv": [0, 0, 5, 5], "rotation": 270, "texture": "#0"}
			}
		},
		{
			"from": [13, 5.5, 5],
			"to": [14, 7, 13],
			"faces": {
				"north": {"uv": [0, 0, 5, 5], "rotation": 90, "texture": "#0"},
				"east": {"uv": [0, 0, 5, 5], "rotation": 270, "texture": "#0"},
				"south": {"uv": [0, 0, 5, 5], "rotation": 270, "texture": "#0"},
				"west": {"uv": [0, 0, 5, 5], "rotation": 270, "texture": "#0"},
				"up": {"uv": [0, 0, 5, 5], "rotation": 270, "texture": "#0"},
				"down": {"uv": [0, 0, 5, 5], "rotation": 270, "texture": "#0"}
			}
		},
		{
			"from": [13, 5.5, 13],
			"to": [14, 6.5, 14],
			"rotation": {"angle": 0, "axis": "y", "origin": [8, 8, 9]},
			"faces": {
				"north": {"uv": [0, 0, 5, 5], "rotation": 90, "texture": "#0"},
				"east": {"uv": [0, 0, 5, 5], "rotation": 270, "texture": "#0"},
				"south": {"uv": [0, 0, 5, 5], "rotation": 270, "texture": "#0"},
				"west": {"uv": [0, 0, 5, 5], "rotation": 270, "texture": "#0"},
				"up": {"uv": [0, 0, 5, 5], "rotation": 270, "texture": "#0"},
				"down": {"uv": [0, 0, 5, 5], "rotation": 270, "texture": "#0"}
			}
		},
		{
			"from": [1, 5.5, 13],
			"to": [2, 6.5, 14],
			"rotation": {"angle": 0, "axis": "y", "origin": [-4, 8, 9]},
			"faces": {
				"north": {"uv": [0, 0, 5, 5], "rotation": 90, "texture": "#0"},
				"east": {"uv": [0, 0, 5, 5], "rotation": 270, "texture": "#0"},
				"south": {"uv": [0, 0, 5, 5], "rotation": 270, "texture": "#0"},
				"west": {"uv": [0, 0, 5, 5], "rotation": 270, "texture": "#0"},
				"up": {"uv": [0, 0, 5, 5], "rotation": 270, "texture": "#0"},
				"down": {"uv": [0, 0, 5, 5], "rotation": 270, "texture": "#0"}
			}
		},
		{
			"from": [1, 5.5, 5],
			"to": [2, 7, 13],
			"faces": {
				"north": {"uv": [0, 0, 5, 5], "rotation": 90, "texture": "#0"},
				"east": {"uv": [0, 0, 5, 5], "rotation": 270, "texture": "#0"},
				"south": {"uv": [0, 0, 5, 5], "rotation": 270, "texture": "#0"},
				"west": {"uv": [0, 0, 5, 5], "rotation": 270, "texture": "#0"},
				"up": {"uv": [0, 0, 5, 5], "rotation": 270, "texture": "#0"},
				"down": {"uv": [0, 0, 5, 5], "rotation": 270, "texture": "#0"}
			}
		},
		{
			"from": [8, 4.5, 5],
			"to": [9, 8, 6],
			"faces": {
				"north": {"uv": [0, 0, 5, 5], "rotation": 90, "texture": "#0"},
				"east": {"uv": [0, 0, 5, 5], "rotation": 270, "texture": "#0"},
				"south": {"uv": [0, 0, 5, 5], "rotation": 270, "texture": "#0"},
				"west": {"uv": [0, 0, 5, 5], "rotation": 270, "texture": "#0"},
				"up": {"uv": [0, 0, 5, 5], "rotation": 270, "texture": "#0"},
				"down": {"uv": [0, 0, 5, 5], "rotation": 270, "texture": "#0"}
			}
		},
		{
			"from": [9, 7.5, 5],
			"to": [13, 8.5, 6],
			"faces": {
				"north": {"uv": [0, 0, 5, 5], "texture": "#0"},
				"east": {"uv": [0, 0, 5, 5], "texture": "#0"},
				"south": {"uv": [0, 0, 5, 5], "texture": "#0"},
				"west": {"uv": [0, 0, 5, 5], "texture": "#0"},
				"up": {"uv": [0, 0, 5, 5], "texture": "#0"},
				"down": {"uv": [0, 0, 5, 5], "texture": "#0"}
			}
		},
		{
			"from": [9, 5, 5],
			"to": [13, 7.5, 6],
			"faces": {
				"north": {"uv": [0, 0, 9, 8], "texture": "#1"},
				"east": {"uv": [0, 0, 9, 8], "texture": "#1"},
				"south": {"uv": [0, 0, 9, 8], "texture": "#1"},
				"west": {"uv": [0, 0, 9, 8], "texture": "#1"},
				"up": {"uv": [0, 0, 9, 8], "texture": "#1"},
				"down": {"uv": [0, 0, 9, 8], "texture": "#1"}
			}
		},
		{
			"from": [2, 4, 5],
			"to": [6, 5, 6],
			"rotation": {"angle": 0, "axis": "y", "origin": [1, 8, 8]},
			"faces": {
				"north": {"uv": [0, 0, 5, 5], "texture": "#0"},
				"east": {"uv": [0, 0, 5, 5], "texture": "#0"},
				"south": {"uv": [0, 0, 5, 5], "texture": "#0"},
				"west": {"uv": [0, 0, 5, 5], "texture": "#0"},
				"up": {"uv": [0, 0, 5, 5], "texture": "#0"},
				"down": {"uv": [0, 0, 5, 5], "texture": "#0"}
			}
		},
		{
			"from": [6, 4.5, 5],
			"to": [7, 8, 6],
			"rotation": {"angle": 0, "axis": "z", "origin": [1, 8, 8]},
			"faces": {
				"north": {"uv": [0, 0, 5, 5], "rotation": 90, "texture": "#0"},
				"east": {"uv": [0, 0, 5, 5], "rotation": 270, "texture": "#0"},
				"south": {"uv": [0, 0, 5, 5], "rotation": 270, "texture": "#0"},
				"west": {"uv": [0, 0, 5, 5], "rotation": 270, "texture": "#0"},
				"up": {"uv": [0, 0, 5, 5], "rotation": 270, "texture": "#0"},
				"down": {"uv": [0, 0, 5, 5], "rotation": 270, "texture": "#0"}
			}
		},
		{
			"from": [7, 6, 5],
			"to": [8.5, 7, 6],
			"rotation": {"angle": 0, "axis": "z", "origin": [1, 8, 8]},
			"faces": {
				"north": {"uv": [0, 0, 5, 5], "rotation": 180, "texture": "#0"},
				"east": {"uv": [0, 0, 5, 5], "rotation": 180, "texture": "#0"},
				"south": {"uv": [0, 0, 5, 5], "rotation": 180, "texture": "#0"},
				"west": {"uv": [0, 0, 5, 5], "rotation": 180, "texture": "#0"},
				"up": {"uv": [0, 0, 5, 5], "rotation": 180, "texture": "#0"},
				"down": {"uv": [0, 0, 5, 5], "rotation": 180, "texture": "#0"}
			}
		},
		{
			"from": [1, 4.5, 5],
			"to": [2, 8, 6],
			"rotation": {"angle": 0, "axis": "z", "origin": [1, 8, 8]},
			"faces": {
				"north": {"uv": [0, 0, 5, 5], "rotation": 90, "texture": "#0"},
				"east": {"uv": [0, 0, 5, 5], "rotation": 270, "texture": "#0"},
				"south": {"uv": [0, 0, 5, 5], "rotation": 270, "texture": "#0"},
				"west": {"uv": [0, 0, 5, 5], "rotation": 270, "texture": "#0"},
				"up": {"uv": [0, 0, 5, 5], "rotation": 270, "texture": "#0"},
				"down": {"uv": [0, 0, 5, 5], "rotation": 270, "texture": "#0"}
			}
		},
		{
			"from": [2, 7.5, 5],
			"to": [6, 8.5, 6],
			"rotation": {"angle": 0, "axis": "y", "origin": [1, 8, 8]},
			"faces": {
				"north": {"uv": [0, 0, 5, 5], "texture": "#0"},
				"east": {"uv": [0, 0, 5, 5], "texture": "#0"},
				"south": {"uv": [0, 0, 5, 5], "texture": "#0"},
				"west": {"uv": [0, 0, 5, 5], "texture": "#0"},
				"up": {"uv": [0, 0, 5, 5], "texture": "#0"},
				"down": {"uv": [0, 0, 5, 5], "texture": "#0"}
			}
		},
		{
			"from": [2, 5, 5],
			"to": [6, 7.5, 6],
			"rotation": {"angle": 0, "axis": "y", "origin": [1, 8, 8]},
			"faces": {
				"north": {"uv": [0, 0, 9, 8], "texture": "#1"},
				"east": {"uv": [0, 0, 9, 8], "texture": "#1"},
				"south": {"uv": [0, 0, 9, 8], "texture": "#1"},
				"west": {"uv": [0, 0, 9, 8], "texture": "#1"},
				"up": {"uv": [0, 0, 9, 8], "texture": "#1"},
				"down": {"uv": [0, 0, 9, 8], "texture": "#1"}
			}
		}
	],
	"display": {
		"thirdperson_righthand": {
			"rotation": [0, -35, 0],
			"translation": [-1.5, 0, -4.25],
			"scale": [0.59, 0.59, 0.59]
		},
		"thirdperson_lefthand": {
			"rotation": [47, 20, 94],
			"translation": [-1.75, -1, -3],
			"scale": [0.59, 0.59, 0.59]
		},
		"ground": {
			"scale": [0.6, 0.6, 0.6]
		},
		"gui": {
			"rotation": [45, 151, 0],
			"translation": [-0.75, 0.25, 0],
			"scale": [0.75, 0.75, 0.9]
		},
		"head": {
			"translation": [0.5, 0.5, -3.5],
			"scale": [1.14, 1.14, 1.14]
		}
	},
	"groups": [
		{
			"name": "Eye",
			"origin": [8, 8, 8],
			"children": [0, 1, 2, 3, 4, 5, 6, 7, 8,
				{
					"name": "Eye",
					"origin": [8, 8, 8],
					"children": [9, 10, 11, 12, 13, 14]
				}
			]
		}
	]
}