{
	"credit": "Made with Blockbench",
	"textures": {
		"1": "./cofe",
		"2": "./white",
		"particle": "./white"
	},
	"elements": [
		{
			"from": [6, 0, 6],
			"to": [10, 0.25, 10],
			"rotation": {"angle": 0, "axis": "y", "origin": [15, 8, 15]},
			"faces": {
				"north": {"uv": [0, 0, 4, 0.25], "texture": "#2"},
				"east": {"uv": [0, 0, 4, 0.25], "texture": "#2"},
				"south": {"uv": [0, 0, 4, 0.25], "texture": "#2"},
				"west": {"uv": [0, 0, 4, 0.25], "texture": "#2"},
				"up": {"uv": [0, 0, 4, 4], "texture": "#2"},
				"down": {"uv": [0, 0, 4, 4], "texture": "#2"}
			}
		},
		{
			"from": [5, 0.25, 6],
			"to": [6, 0.5, 11],
			"rotation": {"angle": 0, "axis": "y", "origin": [11, 8.25, 15]},
			"faces": {
				"north": {"uv": [0, 0, 1, 0.25], "texture": "#2"},
				"east": {"uv": [0, 0, 5, 0.25], "texture": "#2"},
				"south": {"uv": [0, 0, 1, 0.25], "texture": "#2"},
				"west": {"uv": [0, 0, 5, 0.25], "texture": "#2"},
				"up": {"uv": [0, 0, 1, 5], "texture": "#2"},
				"down": {"uv": [0, 0, 1, 5], "texture": "#2"}
			}
		},
		{
			"from": [10, 0.25, 5],
			"to": [11, 0.5, 10],
			"rotation": {"angle": 0, "axis": "y", "origin": [16, 8.25, 14]},
			"faces": {
				"north": {"uv": [0, 0, 1, 0.25], "texture": "#2"},
				"east": {"uv": [0, 0, 5, 0.25], "texture": "#2"},
				"south": {"uv": [0, 0, 1, 0.25], "texture": "#2"},
				"west": {"uv": [0, 0, 5, 0.25], "texture": "#2"},
				"up": {"uv": [0, 0, 1, 5], "texture": "#2"},
				"down": {"uv": [0, 0, 1, 5], "texture": "#2"}
			}
		},
		{
			"from": [6, 0.25, 10],
			"to": [11, 0.5, 11],
			"rotation": {"angle": 0, "axis": "y", "origin": [16, 8.25, 15]},
			"faces": {
				"north": {"uv": [0, 0, 5, 0.25], "texture": "#2"},
				"east": {"uv": [0, 0, 1, 0.25], "texture": "#2"},
				"south": {"uv": [0, 0, 5, 0.25], "texture": "#2"},
				"west": {"uv": [0, 0, 1, 0.25], "texture": "#2"},
				"up": {"uv": [0, 0, 5, 1], "texture": "#2"},
				"down": {"uv": [0, 0, 5, 1], "texture": "#2"}
			}
		},
		{
			"from": [5, 0.25, 5],
			"to": [10, 0.5, 6],
			"rotation": {"angle": 0, "axis": "y", "origin": [15, 8.25, 10]},
			"faces": {
				"north": {"uv": [0, 0, 5, 0.25], "texture": "#2"},
				"east": {"uv": [0, 0, 1, 0.25], "texture": "#2"},
				"south": {"uv": [0, 0, 5, 0.25], "texture": "#2"},
				"west": {"uv": [0, 0, 1, 0.25], "texture": "#2"},
				"up": {"uv": [0, 0, 5, 1], "texture": "#2"},
				"down": {"uv": [0, 0, 5, 1], "texture": "#2"}
			}
		},
		{
			"from": [5.5, 0.25, 4.5],
			"to": [10.5, 0.5, 5.5],
			"rotation": {"angle": 0, "axis": "y", "origin": [15.5, 8.25, 9.5]},
			"faces": {
				"north": {"uv": [0, 0, 5, 0.25], "texture": "#2"},
				"east": {"uv": [0, 0, 1, 0.25], "texture": "#2"},
				"south": {"uv": [0, 0, 5, 0.25], "texture": "#2"},
				"west": {"uv": [0, 0, 1, 0.25], "texture": "#2"},
				"up": {"uv": [0, 0, 5, 1], "texture": "#2"},
				"down": {"uv": [0, 0, 5, 1], "texture": "#2"}
			}
		},
		{
			"from": [5.5, 0.25, 10.5],
			"to": [10.5, 0.5, 11.5],
			"rotation": {"angle": 0, "axis": "y", "origin": [15.5, 8.25, 15.5]},
			"faces": {
				"north": {"uv": [0, 0, 5, 0.25], "texture": "#2"},
				"east": {"uv": [0, 0, 1, 0.25], "texture": "#2"},
				"south": {"uv": [0, 0, 5, 0.25], "texture": "#2"},
				"west": {"uv": [0, 0, 1, 0.25], "texture": "#2"},
				"up": {"uv": [0, 0, 5, 1], "texture": "#2"},
				"down": {"uv": [0, 0, 5, 1], "texture": "#2"}
			}
		},
		{
			"from": [4.5, 0.25, 5.75],
			"to": [5.5, 0.5, 10.5],
			"rotation": {"angle": 0, "axis": "y", "origin": [10.5, 8.25, 14.5]},
			"faces": {
				"north": {"uv": [0, 0, 1, 0.25], "texture": "#2"},
				"east": {"uv": [0, 0, 4.75, 0.25], "texture": "#2"},
				"south": {"uv": [0, 0, 1, 0.25], "texture": "#2"},
				"west": {"uv": [0, 0, 4.75, 0.25], "texture": "#2"},
				"up": {"uv": [0, 0, 1, 4.75], "texture": "#2"},
				"down": {"uv": [0, 0, 1, 4.75], "texture": "#2"}
			}
		},
		{
			"from": [10.5, 0.25, 5.75],
			"to": [11.5, 0.5, 10.5],
			"rotation": {"angle": 0, "axis": "y", "origin": [16.5, 8.25, 14.5]},
			"faces": {
				"north": {"uv": [0, 0, 1, 0.25], "texture": "#2"},
				"east": {"uv": [0, 0, 4.75, 0.25], "texture": "#2"},
				"south": {"uv": [0, 0, 1, 0.25], "texture": "#2"},
				"west": {"uv": [0, 0, 4.75, 0.25], "texture": "#2"},
				"up": {"uv": [0, 0, 1, 4.75], "texture": "#2"},
				"down": {"uv": [0, 0, 1, 4.75], "texture": "#2"}
			}
		},
		{
			"from": [6.5, 0.25, 6.5],
			"to": [9.5, 0.5, 9.5],
			"rotation": {"angle": 0, "axis": "y", "origin": [15, 8.25, 15]},
			"faces": {
				"north": {"uv": [0, 0, 3, 0.25], "texture": "#2"},
				"east": {"uv": [0, 0, 3, 0.25], "texture": "#2"},
				"south": {"uv": [0, 0, 3, 0.25], "texture": "#2"},
				"west": {"uv": [0, 0, 3, 0.25], "texture": "#2"},
				"up": {"uv": [0, 0, 3, 3], "texture": "#2"},
				"down": {"uv": [0, 0, 3, 3], "texture": "#2"}
			}
		},
		{
			"from": [6.5, 0.25, 6.25],
			"to": [9.5, 2.5, 6.5],
			"rotation": {"angle": 0, "axis": "y", "origin": [15, 8.25, 14.5]},
			"faces": {
				"north": {"uv": [0, 0, 3, 2.25], "texture": "#2"},
				"east": {"uv": [0, 0, 0.25, 2.25], "texture": "#2"},
				"south": {"uv": [0, 0, 3, 2.25], "texture": "#2"},
				"west": {"uv": [0, 0, 0.25, 2.25], "texture": "#2"},
				"up": {"uv": [0, 0, 3, 0.25], "texture": "#2"},
				"down": {"uv": [0, 0, 3, 0.25], "texture": "#2"}
			}
		},
		{
			"from": [6.25, 1.25, 6],
			"to": [9.75, 3, 6.5],
			"rotation": {"angle": 0, "axis": "y", "origin": [15, 9.25, 14.25]},
			"faces": {
				"north": {"uv": [0, 0, 3.5, 1.75], "texture": "#2"},
				"east": {"uv": [0, 0, 0.5, 1.75], "texture": "#2"},
				"south": {"uv": [0, 0, 3.5, 1.75], "texture": "#2"},
				"west": {"uv": [0, 0, 0.5, 1.75], "texture": "#2"},
				"up": {"uv": [0, 0, 3.5, 0.5], "texture": "#2"},
				"down": {"uv": [0, 0, 3.5, 0.5], "texture": "#2"}
			}
		},
		{
			"from": [6.5, 1.25, 6.5],
			"to": [9.5, 2.75, 9.5],
			"rotation": {"angle": 0, "axis": "y", "origin": [15, 9.25, 15.25]},
			"faces": {
				"north": {"uv": [0, 0, 3, 1.5], "texture": "#1"},
				"east": {"uv": [0, 0, 3, 1.5], "texture": "#1"},
				"south": {"uv": [0, 0, 3, 1.5], "texture": "#1"},
				"west": {"uv": [0, 0, 3, 1.5], "texture": "#1"},
				"up": {"uv": [0, 0, 3, 3], "texture": "#1"},
				"down": {"uv": [0, 0, 3, 3], "texture": "#1"}
			}
		},
		{
			"from": [6.5, 0.25, 9.5],
			"to": [9.5, 2.5, 9.75],
			"rotation": {"angle": 0, "axis": "y", "origin": [15, 8.25, 17.75]},
			"faces": {
				"north": {"uv": [0, 0, 3, 2.25], "texture": "#2"},
				"east": {"uv": [0, 0, 0.25, 2.25], "texture": "#2"},
				"south": {"uv": [0, 0, 3, 2.25], "texture": "#2"},
				"west": {"uv": [0, 0, 0.25, 2.25], "texture": "#2"},
				"up": {"uv": [0, 0, 3, 0.25], "texture": "#2"},
				"down": {"uv": [0, 0, 3, 0.25], "texture": "#2"}
			}
		},
		{
			"from": [9.5, 0.25, 6.5],
			"to": [9.75, 2.5, 9.5],
			"rotation": {"angle": 0, "axis": "y", "origin": [1.5, 8.25, 15]},
			"faces": {
				"north": {"uv": [0, 0, 0.25, 2.25], "texture": "#2"},
				"east": {"uv": [0, 0, 3, 2.25], "texture": "#2"},
				"south": {"uv": [0, 0, 0.25, 2.25], "texture": "#2"},
				"west": {"uv": [0, 0, 3, 2.25], "texture": "#2"},
				"up": {"uv": [0, 0, 3, 0.25], "rotation": 90, "texture": "#2"},
				"down": {"uv": [0, 0, 3, 0.25], "rotation": 270, "texture": "#2"}
			}
		},
		{
			"from": [6.25, 0.25, 6.5],
			"to": [6.5, 2.5, 9.5],
			"rotation": {"angle": 0, "axis": "y", "origin": [-1.75, 8.25, 15]},
			"faces": {
				"north": {"uv": [0, 0, 0.25, 2.25], "texture": "#2"},
				"east": {"uv": [0, 0, 3, 2.25], "texture": "#2"},
				"south": {"uv": [0, 0, 0.25, 2.25], "texture": "#2"},
				"west": {"uv": [0, 0, 3, 2.25], "texture": "#2"},
				"up": {"uv": [0, 0, 3, 0.25], "rotation": 90, "texture": "#2"},
				"down": {"uv": [0, 0, 3, 0.25], "rotation": 270, "texture": "#2"}
			}
		},
		{
			"from": [6, 1.25, 6.25],
			"to": [6.5, 3, 9.75],
			"rotation": {"angle": 0, "axis": "y", "origin": [-2, 9.25, 15]},
			"faces": {
				"north": {"uv": [0, 0, 0.5, 1.75], "texture": "#2"},
				"east": {"uv": [0, 0, 3.5, 1.75], "texture": "#2"},
				"south": {"uv": [0, 0, 0.5, 1.75], "texture": "#2"},
				"west": {"uv": [0, 0, 3.5, 1.75], "texture": "#2"},
				"up": {"uv": [0, 0, 3.5, 0.5], "rotation": 90, "texture": "#2"},
				"down": {"uv": [0, 0, 3.5, 0.5], "rotation": 270, "texture": "#2"}
			}
		},
		{
			"from": [5.25, 2.25, 7.5],
			"to": [6.25, 2.75, 8.5],
			"rotation": {"angle": 0, "axis": "y", "origin": [-2.25, 9.25, 15]},
			"faces": {
				"north": {"uv": [0, 0, 1, 0.5], "texture": "#2"},
				"east": {"uv": [0, 0, 1, 0.5], "texture": "#2"},
				"south": {"uv": [0, 0, 1, 0.5], "texture": "#2"},
				"west": {"uv": [0, 0, 1, 0.5], "texture": "#2"},
				"up": {"uv": [0, 0, 1, 1], "rotation": 90, "texture": "#2"},
				"down": {"uv": [0, 0, 1, 1], "rotation": 270, "texture": "#2"}
			}
		},
		{
			"from": [5.25, 1, 7.5],
			"to": [6.25, 1.5, 8.5],
			"rotation": {"angle": 0, "axis": "y", "origin": [-2.25, 8, 15]},
			"faces": {
				"north": {"uv": [0, 0, 1, 0.5], "texture": "#2"},
				"east": {"uv": [0, 0, 1, 0.5], "texture": "#2"},
				"south": {"uv": [0, 0, 1, 0.5], "texture": "#2"},
				"west": {"uv": [0, 0, 1, 0.5], "texture": "#2"},
				"up": {"uv": [0, 0, 1, 1], "rotation": 90, "texture": "#2"},
				"down": {"uv": [0, 0, 1, 1], "rotation": 270, "texture": "#2"}
			}
		},
		{
			"from": [5, 1.25, 7.5],
			"to": [5.5, 2.5, 8.5],
			"rotation": {"angle": 0, "axis": "y", "origin": [-3, 8.25, 15]},
			"faces": {
				"north": {"uv": [0, 0, 0.5, 1.25], "texture": "#2"},
				"east": {"uv": [0, 0, 1, 1.25], "texture": "#2"},
				"south": {"uv": [0, 0, 0.5, 1.25], "texture": "#2"},
				"west": {"uv": [0, 0, 1, 1.25], "texture": "#2"},
				"up": {"uv": [0, 0, 1, 0.5], "rotation": 90, "texture": "#2"},
				"down": {"uv": [0, 0, 1, 0.5], "rotation": 270, "texture": "#2"}
			}
		},
		{
			"from": [9.5, 1.25, 6.25],
			"to": [10, 3, 9.75],
			"rotation": {"angle": 0, "axis": "y", "origin": [1.75, 9.25, 15]},
			"faces": {
				"north": {"uv": [0, 0, 0.5, 1.75], "texture": "#2"},
				"east": {"uv": [0, 0, 3.5, 1.75], "texture": "#2"},
				"south": {"uv": [0, 0, 0.5, 1.75], "texture": "#2"},
				"west": {"uv": [0, 0, 3.5, 1.75], "texture": "#2"},
				"up": {"uv": [0, 0, 3.5, 0.5], "rotation": 90, "texture": "#2"},
				"down": {"uv": [0, 0, 3.5, 0.5], "rotation": 270, "texture": "#2"}
			}
		},
		{
			"from": [6.25, 1.25, 9.5],
			"to": [9.75, 3, 10],
			"rotation": {"angle": 0, "axis": "y", "origin": [15, 9.25, 18]},
			"faces": {
				"north": {"uv": [0, 0, 3.5, 1.75], "texture": "#2"},
				"east": {"uv": [0, 0, 0.5, 1.75], "texture": "#2"},
				"south": {"uv": [0, 0, 3.5, 1.75], "texture": "#2"},
				"west": {"uv": [0, 0, 0.5, 1.75], "texture": "#2"},
				"up": {"uv": [0, 0, 3.5, 0.5], "texture": "#2"},
				"down": {"uv": [0, 0, 3.5, 0.5], "texture": "#2"}
			}
		}
	],
	"display": {
		"thirdperson_righthand": {
			"rotation": [0, 56, 0],
			"translation": [0, 6, 0],
			"scale": [0.75, 0.75, 0.75]
		},
		"thirdperson_lefthand": {
			"rotation": [0, -142, 0],
			"translation": [0, 6, 0],
			"scale": [0.75, 0.75, 0.75]
		},
		"firstperson_righthand": {
			"rotation": [0, 14, 0],
			"translation": [0, 8, 0]
		},
		"firstperson_lefthand": {
			"rotation": [-7, -158, 0],
			"translation": [0, 8.5, -0.25]
		},
		"ground": {
			"translation": [0, 4.5, 0]
		},
		"gui": {
			"rotation": [24, -10, 0],
			"translation": [0, 5.25, 0]
		},
		"fixed": {
			"rotation": [-90, 0, 0],
			"translation": [0, 0, -12],
			"scale": [1.5, 1.5, 1.5]
		}
	}
}