{
	"credit": "Made with Blockbench",
	"textures": {
		"0": "./stoika",
		"1": "./camera",
		"particle": "./stoika"
	},
	"elements": [
		{
			"from": [4.5, 0, 3],
			"to": [5.5, 2, 4],
			"rotation": {"angle": 0, "axis": "y", "origin": [12.5, 8, 11]},
			"faces": {
				"north": {"uv": [0, 0, 1, 2], "texture": "#0"},
				"east": {"uv": [0, 0, 1, 2], "texture": "#0"},
				"south": {"uv": [0, 0, 1, 2], "texture": "#0"},
				"west": {"uv": [0, 0, 1, 2], "texture": "#0"},
				"up": {"uv": [0, 0, 1, 1], "texture": "#0"},
				"down": {"uv": [0, 0, 1, 1], "texture": "#0"}
			}
		},
		{
			"from": [-2.75, 1, 6.25],
			"to": [2.25, 2, 7.25],
			"rotation": {"angle": -45, "axis": "y", "origin": [5.25, 9, 14.25]},
			"faces": {
				"north": {"uv": [0, 0, 5, 1], "texture": "#0"},
				"east": {"uv": [0, 0, 1, 1], "texture": "#0"},
				"south": {"uv": [0, 0, 5, 1], "texture": "#0"},
				"west": {"uv": [0, 0, 1, 1], "texture": "#0"},
				"up": {"uv": [0, 0, 5, 1], "texture": "#0"},
				"down": {"uv": [0, 0, 5, 1], "texture": "#0"}
			}
		},
		{
			"from": [8, 1, -4.5],
			"to": [9, 2, 0.5],
			"rotation": {"angle": -45, "axis": "y", "origin": [1, 9, 3.5]},
			"faces": {
				"north": {"uv": [0, 0, 1, 1], "texture": "#0"},
				"east": {"uv": [0, 0, 5, 1], "texture": "#0"},
				"south": {"uv": [0, 0, 1, 1], "texture": "#0"},
				"west": {"uv": [0, 0, 5, 1], "texture": "#0"},
				"up": {"uv": [0, 0, 5, 1], "rotation": 90, "texture": "#0"},
				"down": {"uv": [0, 0, 5, 1], "rotation": 270, "texture": "#0"}
			}
		},
		{
			"from": [8, 1, 7],
			"to": [9, 2, 10],
			"rotation": {"angle": 0, "axis": "y", "origin": [12, 9, 15]},
			"faces": {
				"north": {"uv": [0, 0, 1, 1], "texture": "#0"},
				"east": {"uv": [0, 0, 3, 1], "texture": "#0"},
				"south": {"uv": [0, 0, 1, 1], "texture": "#0"},
				"west": {"uv": [0, 0, 3, 1], "texture": "#0"},
				"up": {"uv": [0, 0, 1, 3], "texture": "#0"},
				"down": {"uv": [0, 0, 1, 3], "texture": "#0"}
			}
		},
		{
			"from": [8, 1, 6],
			"to": [9, 18, 7],
			"rotation": {"angle": 0, "axis": "y", "origin": [12, 9, 14]},
			"faces": {
				"north": {"uv": [1, 0, 2, 15], "texture": "#0"},
				"east": {"uv": [1, 0, 2, 15], "texture": "#0"},
				"south": {"uv": [1, 0, 2, 15], "texture": "#0"},
				"west": {"uv": [1, 0, 2, 15], "texture": "#0"},
				"up": {"uv": [0, 0, 1, 1], "texture": "#0"},
				"down": {"uv": [0, 0, 1, 1], "texture": "#0"}
			}
		},
		{
			"from": [8, 0, 10],
			"to": [9, 2, 11],
			"rotation": {"angle": 0, "axis": "y", "origin": [16, 8, 18]},
			"faces": {
				"north": {"uv": [0, 0, 1, 2], "texture": "#0"},
				"east": {"uv": [0, 0, 1, 2], "texture": "#0"},
				"south": {"uv": [0, 0, 1, 2], "texture": "#0"},
				"west": {"uv": [0, 0, 1, 2], "texture": "#0"},
				"up": {"uv": [0, 0, 1, 1], "texture": "#0"},
				"down": {"uv": [0, 0, 1, 1], "texture": "#0"}
			}
		},
		{
			"from": [11.75, 0, 2.75],
			"to": [12.75, 2, 3.75],
			"rotation": {"angle": 0, "axis": "y", "origin": [19.75, 8, 10.75]},
			"faces": {
				"north": {"uv": [0, 0, 1, 2], "texture": "#0"},
				"east": {"uv": [0, 0, 1, 2], "texture": "#0"},
				"south": {"uv": [0, 0, 1, 2], "texture": "#0"},
				"west": {"uv": [0, 0, 1, 2], "texture": "#0"},
				"up": {"uv": [0, 0, 1, 1], "texture": "#0"},
				"down": {"uv": [0, 0, 1, 1], "texture": "#0"}
			}
		},
		{
			"from": [5, 18, 5],
			"to": [12, 23, 8],
			"rotation": {"angle": 0, "axis": "y", "origin": [16, 26, 13]},
			"faces": {
				"north": {"uv": [0, 0, 7, 5], "texture": "#1"},
				"east": {"uv": [13, 11, 16, 16], "texture": "#1"},
				"south": {"uv": [9, 11, 16, 16], "texture": "#1"},
				"west": {"uv": [9, 11, 12, 16], "texture": "#1"},
				"up": {"uv": [0, 4, 7, 7], "texture": "#1"},
				"down": {"uv": [0, 5, 7, 8], "texture": "#1"}
			}
		},
		{
			"from": [10, 23, 6],
			"to": [12, 24, 7],
			"rotation": {"angle": 0, "axis": "y", "origin": [16, 31, 14]},
			"faces": {
				"north": {"uv": [0, 0, 2, 1], "texture": "#1"},
				"east": {"uv": [0, 0, 1, 1], "texture": "#1"},
				"south": {"uv": [0, 0, 2, 1], "texture": "#1"},
				"west": {"uv": [0, 0, 1, 1], "texture": "#1"},
				"up": {"uv": [0, 0, 2, 1], "texture": "#1"},
				"down": {"uv": [0, 0, 2, 1], "texture": "#1"}
			}
		},
		{
			"from": [7, 23, 6],
			"to": [9, 25, 7],
			"rotation": {"angle": 0, "axis": "y", "origin": [13, 31, 14]},
			"faces": {
				"north": {"uv": [7, 0, 9, 2], "texture": "#1"},
				"east": {"uv": [7, 2, 8, 4], "texture": "#1"},
				"south": {"uv": [0, 14, 2, 16], "texture": "#1"},
				"west": {"uv": [7, 2, 8, 4], "texture": "#1"},
				"up": {"uv": [0, 0, 2, 1], "texture": "#1"},
				"down": {"uv": [0, 0, 2, 1], "texture": "#1"}
			}
		},
		{
			"from": [7, 19, 8],
			"to": [10, 22, 11],
			"rotation": {"angle": 0, "axis": "y", "origin": [16, 26, 16]},
			"faces": {
				"north": {"uv": [0, 0, 3, 3], "texture": "#1"},
				"east": {"uv": [9, 9, 12, 12], "texture": "#1"},
				"south": {"uv": [11, 0, 16, 5], "texture": "#1"},
				"west": {"uv": [12, 9, 15, 12], "texture": "#1"},
				"up": {"uv": [13, 9, 16, 12], "texture": "#1"},
				"down": {"uv": [11, 9, 14, 12], "texture": "#1"}
			}
		}
	],
	"display": {
		"thirdperson_righthand": {
			"rotation": [0, 146, 0],
			"translation": [1, -2.25, 0.5]
		},
		"thirdperson_lefthand": {
			"rotation": [0, 146, 0],
			"translation": [0, -2.5, -0.5]
		},
		"firstperson_righthand": {
			"rotation": [-4, 113, 8.5],
			"translation": [1.5, -3.5, 0]
		},
		"firstperson_lefthand": {
			"rotation": [-4, 113, 8.5],
			"translation": [1, -4, 0]
		},
		"ground": {
			"translation": [0, 5.75, 0]
		},
		"gui": {
			"rotation": [20.25, 124.5, -5.75],
			"translation": [1.5, 0, 0],
			"scale": [0.7, 0.6, 0.7]
		},
		"fixed": {
			"rotation": [-90, 0, 0],
			"translation": [-1.5, 2.5, -19.5],
			"scale": [2.6, 2.6, 2.6]
		}
	}
}