{
	"credit": "Made with Blockbench",
	"textures": {
		"0": "./cook",
		"particle": "./cook"
	},
	"elements": [
		{
			"from": [0, 0, 7],
			"to": [16, 12, 8],
			"rotation": {"angle": 0, "axis": "y", "origin": [8, 8, 15]},
			"faces": {
				"north": {"uv": [0, 4, 16, 16], "texture": "#0"},
				"east": {"uv": [0, 4, 1, 16], "texture": "#0"},
				"south": {"uv": [0, 4, 16, 16], "texture": "#0"},
				"west": {"uv": [15, 4, 16, 16], "texture": "#0"},
				"up": {"uv": [0, 4, 16, 5], "texture": "#0"},
				"down": {"uv": [0, 15, 16, 16], "texture": "#0"}
			}
		}
	],
	"display": {
		"thirdperson_righthand": {
			"rotation": [20, -88, 0],
			"translation": [0, 2.5, 0],
			"scale": [0.45, 0.45, 0.45]
		},
		"thirdperson_lefthand": {
			"rotation": [20, 88, 0],
			"translation": [0, 2.5, 0],
			"scale": [0.45, 0.45, 0.45]
		},
		"firstperson_righthand": {
			"rotation": [0, -79, 0],
			"translation": [-1.5, 2.5, 0],
			"scale": [0.6, 0.6, 0.6]
		},
		"firstperson_lefthand": {
			"rotation": [0, -91.5, 0],
			"translation": [-1, 2.5, 0.25],
			"scale": [0.6, 0.6, 0.6]
		},
		"ground": {
			"translation": [0, 7, 0]
		},
		"gui": {
			"translation": [0, 1.75, 0],
			"scale": [0.8, 0.8, 0.8]
		}
	}
}