{
	"credit": "Made with Blockbench",
	"textures": {
		"0": "./white",
		"1": "./red",
		"particle": "./white"
	},
	"elements": [
		{
			"from": [3, 0, 4],
			"to": [12, 2, 13],
			"rotation": {"angle": 0, "axis": "y", "origin": [11, 8, 12]},
			"faces": {
				"north": {"uv": [0, 0, 9, 2], "texture": "#0"},
				"east": {"uv": [0, 0, 9, 2], "texture": "#0"},
				"south": {"uv": [0, 0, 9, 2], "texture": "#0"},
				"west": {"uv": [0, 0, 9, 2], "texture": "#0"},
				"up": {"uv": [0, 0, 9, 9], "texture": "#0"},
				"down": {"uv": [0, 0, 9, 9], "texture": "#0"}
			}
		},
		{
			"from": [4, 2, 5],
			"to": [11, 5, 12],
			"rotation": {"angle": 0, "axis": "y", "origin": [12, 10, 13]},
			"faces": {
				"north": {"uv": [0, 0, 7, 3], "texture": "#1"},
				"east": {"uv": [0, 0, 7, 3], "texture": "#1"},
				"south": {"uv": [0, 0, 7, 3], "texture": "#1"},
				"west": {"uv": [0, 0, 7, 3], "texture": "#1"},
				"up": {"uv": [0, 0, 7, 7], "texture": "#1"},
				"down": {"uv": [0, 0, 7, 7], "texture": "#1"}
			}
		},
		{
			"from": [7, 4, 5],
			"to": [12, 7, 10],
			"rotation": {"angle": 0, "axis": "y", "origin": [15, 12, 13]},
			"faces": {
				"north": {"uv": [0, 0, 5, 3], "texture": "#1"},
				"east": {"uv": [0, 0, 5, 3], "texture": "#1"},
				"south": {"uv": [0, 0, 5, 3], "texture": "#1"},
				"west": {"uv": [0, 0, 5, 3], "texture": "#1"},
				"up": {"uv": [0, 0, 5, 5], "texture": "#1"},
				"down": {"uv": [0, 0, 5, 5], "texture": "#1"}
			}
		},
		{
			"from": [12.75, 1, 6.25],
			"to": [16.5, 3, 8.75],
			"rotation": {"angle": -22.5, "axis": "z", "origin": [21.5, 8, 13]},
			"faces": {
				"north": {"uv": [0, 0, 3.75, 2], "texture": "#1"},
				"east": {"uv": [0, 0, 2.5, 2], "texture": "#1"},
				"south": {"uv": [0, 0, 3.75, 2], "texture": "#1"},
				"west": {"uv": [0, 0, 2.5, 2], "texture": "#1"},
				"up": {"uv": [0, 0, 3.75, 2.5], "texture": "#1"},
				"down": {"uv": [0, 0, 3.75, 2.5], "texture": "#1"}
			}
		},
		{
			"from": [13.75, 4.5, 6],
			"to": [16.75, 7.5, 9],
			"rotation": {"angle": 22.5, "axis": "z", "origin": [20.75, 2.5, 13]},
			"faces": {
				"north": {"uv": [0, 0, 3, 3], "rotation": 270, "texture": "#0"},
				"east": {"uv": [0, 0, 3, 3], "rotation": 90, "texture": "#0"},
				"south": {"uv": [0, 0, 3, 3], "rotation": 90, "texture": "#0"},
				"west": {"uv": [0, 0, 3, 3], "rotation": 90, "texture": "#0"},
				"up": {"uv": [0, 0, 3, 3], "rotation": 90, "texture": "#0"},
				"down": {"uv": [0, 0, 3, 3], "rotation": 90, "texture": "#0"}
			}
		}
	],
	"display": {
		"thirdperson_righthand": {
			"rotation": [-21, 88, 0],
			"translation": [0, 4, -0.5],
			"scale": [0.7, 0.7, 0.7]
		},
		"thirdperson_lefthand": {
			"rotation": [-21, -88, 0],
			"translation": [0, 4, -1.5],
			"scale": [0.7, 0.7, 0.7]
		},
		"firstperson_righthand": {
			"translation": [0, 4.5, 0]
		},
		"firstperson_lefthand": {
			"translation": [0, 6.25, 0]
		},
		"ground": {
			"translation": [0, 5.25, 0]
		},
		"gui": {
			"rotation": [18, 11, 0],
			"translation": [-0.75, 4, 0]
		},
		"head": {
			"translation": [0.75, 16.5, -0.75],
			"scale": [1.65, 1.65, 1.65]
		},
		"fixed": {
			"rotation": [-90, 0, 0],
			"translation": [0.5, -0.75, -14.5],
			"scale": [1.8, 1.8, 1.8]
		}
	}
}