{
	"credit": "Made with Mr_JSPA",
	"textures": {
		"0": "./rembo",
		"particle": "./rembo"
	},
	"elements": [
		{
			"from": [3, 3, 3],
			"to": [13, 5, 4],
			"faces": {
				"north": {"uv": [6, 14, 16, 16], "texture": "#0"},
				"east": {"uv": [0, 11, 1, 13], "texture": "#0"},
				"south": {"uv": [6, 11, 16, 13], "texture": "#0"},
				"west": {"uv": [3, 11, 4, 13], "texture": "#0"},
				"up": {"uv": [0, 4, 10, 5], "texture": "#0"},
				"down": {"uv": [0, 7, 10, 8], "texture": "#0"}
			}
		},
		{
			"from": [3, 3, 4],
			"to": [4, 5, 12],
			"faces": {
				"north": {"uv": [3, 11, 4, 13], "texture": "#0"},
				"east": {"uv": [8, 8, 16, 10], "texture": "#0"},
				"south": {"uv": [0, 11, 1, 13], "texture": "#0"},
				"west": {"uv": [8, 5, 16, 7], "texture": "#0"},
				"up": {"uv": [9, 2, 10, 10], "texture": "#0"},
				"down": {"uv": [8, 2, 9, 10], "texture": "#0"}
			}
		},
		{
			"from": [12, 3, 4],
			"to": [13, 5, 12],
			"faces": {
				"north": {"uv": [3, 11, 4, 13], "texture": "#0"},
				"east": {"uv": [8, 5, 16, 7], "texture": "#0"},
				"south": {"uv": [0, 11, 1, 13], "texture": "#0"},
				"west": {"uv": [8, 8, 16, 10], "texture": "#0"},
				"up": {"uv": [9, 2, 10, 10], "texture": "#0"},
				"down": {"uv": [8, 2, 9, 10], "texture": "#0"}
			}
		},
		{
			"from": [3, 3, 12],
			"to": [13, 5, 13],
			"faces": {
				"north": {"uv": [6, 14, 16, 16], "texture": "#0"},
				"east": {"uv": [3, 11, 4, 13], "texture": "#0"},
				"south": {"uv": [6, 11, 16, 13], "texture": "#0"},
				"west": {"uv": [0, 11, 1, 13], "texture": "#0"},
				"up": {"uv": [0, 4, 10, 5], "texture": "#0"},
				"down": {"uv": [0, 7, 10, 8], "texture": "#0"}
			}
		},
		{
			"from": [8, 1, 12],
			"to": [10, 3, 13],
			"faces": {
				"north": {"uv": [3, 14, 5, 16], "texture": "#0"},
				"east": {"uv": [3, 11, 4, 13], "texture": "#0"},
				"south": {"uv": [0, 14, 2, 16], "texture": "#0"},
				"west": {"uv": [0, 11, 1, 13], "texture": "#0"},
				"up": {"uv": [3, 9, 5, 10], "texture": "#0"},
				"down": {"uv": [0, 9, 2, 10], "texture": "#0"}
			}
		},
		{
			"from": [10, 0, 12],
			"to": [11, 2, 13],
			"faces": {
				"north": {"uv": [0, 0, 1, 2], "texture": "#0"},
				"east": {"uv": [6, 0, 7, 2], "texture": "#0"},
				"south": {"uv": [2, 0, 3, 2], "texture": "#0"},
				"west": {"uv": [4, 0, 5, 2], "texture": "#0"},
				"up": {"uv": [1, 2, 2, 3], "texture": "#0"},
				"down": {"uv": [3, 2, 4, 3], "texture": "#0"}
			}
		},
		{
			"from": [9, 0, 12],
			"to": [10, 1, 13],
			"faces": {
				"north": {"uv": [6, 1, 7, 2], "texture": "#0"},
				"east": {"uv": [4, 1, 5, 2], "texture": "#0"},
				"south": {"uv": [1, 2, 2, 3], "texture": "#0"},
				"west": {"uv": [0, 1, 1, 2], "texture": "#0"},
				"up": {"uv": [2, 1, 3, 2], "texture": "#0"},
				"down": {"uv": [3, 2, 4, 3], "texture": "#0"}
			}
		}
	],
	"display": {
		"thirdperson_righthand": {
			"rotation": [105, 20, 87],
			"translation": [-2.25, -2.75, -0.75],
			"scale": [0.6, 0.6, 0.6]
		},
		"thirdperson_lefthand": {
			"rotation": [40, -15, 102],
			"translation": [-2.25, 0, -1.25],
			"scale": [0.6, 0.6, 0.6]
		},
		"firstperson_righthand": {
			"translation": [0, 5, 0]
		},
		"firstperson_lefthand": {
			"translation": [0, 5, 0]
		},
		"ground": {
			"translation": [0, 1.75, 0],
			"scale": [0.6, 0.6, 0.6]
		},
		"gui": {
			"rotation": [24, 163, 0],
			"translation": [0, 3.5, 0]
		},
		"head": {
			"translation": [0, 9.5, 0],
			"scale": [1.5, 1.5, 1.5]
		},
		"fixed": {
			"rotation": [-90, 0, 0],
			"translation": [0, 0, -9],
			"scale": [1.8, 1.8, 1.8]
		}
	}
}