{
	"credit": "Made with Blockbench",
	"textures": {
		"0": "./cyberhead",
		"particle": "./cyberhead"
	},
	"elements": [
		{
			"from": [8, 4, 12.5],
			"to": [9, 9, 13.5],
			"rotation": {"angle": 0, "axis": "y", "origin": [16, 12, 20.5]},
			"faces": {
				"north": {"uv": [6, 0, 7, 5], "texture": "#0"},
				"east": {"uv": [0, 0, 1, 5], "texture": "#0"},
				"south": {"uv": [0, 0, 1, 5], "texture": "#0"},
				"west": {"uv": [0, 0, 1, 5], "texture": "#0"},
				"up": {"uv": [0, 0, 1, 1], "texture": "#0"},
				"down": {"uv": [0, 0, 1, 1], "texture": "#0"}
			}
		},
		{
			"from": [8, 4, 2.5],
			"to": [9, 9, 3.5],
			"rotation": {"angle": 0, "axis": "y", "origin": [16, 12, 10.5]},
			"faces": {
				"north": {"uv": [0, 6, 1, 16], "texture": "#0"},
				"east": {"uv": [0, 6, 1, 16], "texture": "#0"},
				"south": {"uv": [6, 0, 7, 5], "texture": "#0"},
				"west": {"uv": [0, 6, 1, 16], "texture": "#0"},
				"up": {"uv": [0, 0, 1, 1], "texture": "#0"},
				"down": {"uv": [0, 0, 1, 1], "texture": "#0"}
			}
		},
		{
			"from": [8, 8.5, 12],
			"to": [9, 9.5, 13],
			"rotation": {"angle": 0, "axis": "y", "origin": [16, 16.5, 20]},
			"faces": {
				"north": {"uv": [0, 0, 1, 1], "texture": "#0"},
				"east": {"uv": [0, 0, 1, 1], "texture": "#0"},
				"south": {"uv": [0, 0, 1, 1], "texture": "#0"},
				"west": {"uv": [0, 0, 1, 1], "texture": "#0"},
				"up": {"uv": [0, 0, 1, 1], "texture": "#0"},
				"down": {"uv": [0, 0, 1, 1], "texture": "#0"}
			}
		},
		{
			"from": [8, 9, 3.5],
			"to": [9, 10, 12.5],
			"rotation": {"angle": 0, "axis": "y", "origin": [16, 17, 11.5]},
			"faces": {
				"north": {"uv": [4, 8, 10, 10], "texture": "#0"},
				"east": {"uv": [4, 0, 10, 1], "texture": "#0"},
				"south": {"uv": [4, 8, 10, 10], "texture": "#0"},
				"west": {"uv": [4, 0, 10, 1], "texture": "#0"},
				"up": {"uv": [6, 8, 7, 14], "texture": "#0"},
				"down": {"uv": [6, 8, 7, 14], "texture": "#0"}
			}
		},
		{
			"from": [8, 8.5, 3],
			"to": [9, 9.5, 4],
			"rotation": {"angle": 0, "axis": "y", "origin": [16, 16.5, 11]},
			"faces": {
				"north": {"uv": [0, 0, 1, 1], "texture": "#0"},
				"east": {"uv": [0, 0, 1, 1], "texture": "#0"},
				"south": {"uv": [0, 0, 1, 1], "texture": "#0"},
				"west": {"uv": [0, 0, 1, 1], "texture": "#0"},
				"up": {"uv": [0, 0, 1, 1], "texture": "#0"},
				"down": {"uv": [0, 0, 1, 1], "texture": "#0"}
			}
		},
		{
			"from": [8, 3, 12],
			"to": [9, 4, 13],
			"rotation": {"angle": 0, "axis": "y", "origin": [16, 11, 20]},
			"faces": {
				"north": {"uv": [0, 0, 1, 1], "texture": "#0"},
				"east": {"uv": [0, 0, 1, 1], "texture": "#0"},
				"south": {"uv": [0, 0, 1, 1], "texture": "#0"},
				"west": {"uv": [0, 0, 1, 1], "texture": "#0"},
				"up": {"uv": [0, 0, 1, 1], "texture": "#0"},
				"down": {"uv": [0, 0, 1, 1], "texture": "#0"}
			}
		},
		{
			"from": [8, 3, 3],
			"to": [9, 4, 4],
			"rotation": {"angle": 0, "axis": "y", "origin": [16, 11, 11]},
			"faces": {
				"north": {"uv": [0, 0, 1, 1], "texture": "#0"},
				"east": {"uv": [0, 0, 1, 1], "texture": "#0"},
				"south": {"uv": [0, 0, 1, 1], "texture": "#0"},
				"west": {"uv": [0, 0, 1, 1], "texture": "#0"},
				"up": {"uv": [0, 0, 1, 1], "texture": "#0"},
				"down": {"uv": [0, 0, 1, 1], "texture": "#0"}
			}
		},
		{
			"from": [7, 1, 12],
			"to": [10, 4, 12.5],
			"rotation": {"angle": 0, "axis": "y", "origin": [17, 9, 19.5]},
			"faces": {
				"north": {"uv": [0, 0, 3, 3], "texture": "#0"},
				"east": {"uv": [0, 0, 0.5, 3], "texture": "#0"},
				"south": {"uv": [0, 0, 3, 3], "texture": "#0"},
				"west": {"uv": [0, 0, 0.5, 3], "texture": "#0"},
				"up": {"uv": [0, 0, 3, 0.5], "texture": "#0"},
				"down": {"uv": [0, 0, 3, 0.5], "texture": "#0"}
			}
		},
		{
			"from": [7, 1, 3.5],
			"to": [10, 4, 4],
			"rotation": {"angle": 0, "axis": "y", "origin": [17, 9, 11]},
			"faces": {
				"north": {"uv": [0, 0, 3, 3], "texture": "#0"},
				"east": {"uv": [0, 0, 0.5, 3], "texture": "#0"},
				"south": {"uv": [0, 0, 3, 3], "texture": "#0"},
				"west": {"uv": [0, 0, 0.5, 3], "texture": "#0"},
				"up": {"uv": [0, 0, 3, 0.5], "texture": "#0"},
				"down": {"uv": [0, 0, 3, 0.5], "texture": "#0"}
			}
		},
		{
			"from": [6, 1, 11],
			"to": [11, 4, 12],
			"rotation": {"angle": 0, "axis": "y", "origin": [14, 9, 19]},
			"faces": {
				"north": {"uv": [6, 0, 8, 3], "texture": "#0"},
				"east": {"uv": [0, 0, 1, 3], "texture": "#0"},
				"south": {"uv": [7, 0, 11, 3], "texture": "#0"},
				"west": {"uv": [0, 0, 1, 3], "texture": "#0"},
				"up": {"uv": [0, 0, 5, 1], "texture": "#0"},
				"down": {"uv": [0, 0, 5, 1], "texture": "#0"}
			}
		},
		{
			"from": [6, 1, 4],
			"to": [11, 4, 5],
			"rotation": {"angle": 0, "axis": "y", "origin": [14, 9, 12]},
			"faces": {
				"north": {"uv": [0, 0, 5, 3], "texture": "#0"},
				"east": {"uv": [0, 0, 1, 3], "texture": "#0"},
				"south": {"uv": [6, 0, 8, 3], "texture": "#0"},
				"west": {"uv": [0, 0, 1, 3], "texture": "#0"},
				"up": {"uv": [0, 0, 5, 1], "texture": "#0"},
				"down": {"uv": [0, 0, 5, 1], "texture": "#0"}
			}
		},
		{
			"from": [7, 0, 11],
			"to": [10, 5, 12],
			"rotation": {"angle": 0, "axis": "y", "origin": [15, 8, 19]},
			"faces": {
				"north": {"uv": [6, 0, 8, 4], "texture": "#0"},
				"east": {"uv": [7, 0, 8, 4], "texture": "#0"},
				"south": {"uv": [6, 0, 9, 4], "texture": "#0"},
				"west": {"uv": [0, 0, 1, 5], "texture": "#0"},
				"up": {"uv": [0, 0, 3, 1], "texture": "#0"},
				"down": {"uv": [0, 0, 3, 1], "texture": "#0"}
			}
		},
		{
			"from": [7, 0, 4],
			"to": [10, 5, 5],
			"rotation": {"angle": 0, "axis": "y", "origin": [15, 8, 12]},
			"faces": {
				"north": {"uv": [0, 0, 3, 5], "texture": "#0"},
				"east": {"uv": [0, 0, 1, 5], "texture": "#0"},
				"south": {"uv": [6, 0, 8, 5], "texture": "#0"},
				"west": {"uv": [0, 0, 1, 5], "texture": "#0"},
				"up": {"uv": [0, 0, 3, 1], "texture": "#0"},
				"down": {"uv": [0, 0, 3, 1], "texture": "#0"}
			}
		},
		{
			"from": [7, 8, 7],
			"to": [10, 10, 9],
			"rotation": {"angle": 0, "axis": "y", "origin": [15, 17, 15]},
			"faces": {
				"north": {"uv": [6, 0, 8, 2], "texture": "#0"},
				"east": {"uv": [6, 0, 8, 2], "texture": "#0"},
				"south": {"uv": [6, 0, 8, 2], "texture": "#0"},
				"west": {"uv": [6, 0, 8, 2], "texture": "#0"},
				"up": {"uv": [6, 0, 8, 2], "texture": "#0"},
				"down": {"uv": [6, 0, 8, 2], "texture": "#0"}
			}
		},
		{
			"from": [6, 7, 7],
			"to": [11, 9, 9],
			"rotation": {"angle": 0, "axis": "y", "origin": [15, 16, 15]},
			"faces": {
				"north": {"uv": [6, 0, 8, 2], "texture": "#0"},
				"east": {"uv": [6, 4, 8, 6], "texture": "#0"},
				"south": {"uv": [6, 0, 8, 2], "texture": "#0"},
				"west": {"uv": [6, 3, 8, 5], "texture": "#0"},
				"up": {"uv": [6, 0, 8, 2], "texture": "#0"},
				"down": {"uv": [6, 0, 8, 2], "texture": "#0"}
			}
		}
	],
	"display": {
		"thirdperson_righthand": {
			"translation": [0, -1, -4]
		},
		"thirdperson_lefthand": {
			"translation": [0, -1, -4]
		},
		"firstperson_righthand": {
			"translation": [0, 5, 0]
		},
		"firstperson_lefthand": {
			"translation": [0, 5, 0]
		},
		"ground": {
			"translation": [0, 6.25, 0]
		},
		"head": {
			"rotation": [0, 90, 0],
			"translation": [0, 7.5, 0.75],
			"scale": [1.5, 1.5, 1.8]
		},
		"fixed": {
			"rotation": [0, 90, 0],
			"translation": [0, 3.5, 0]
		}
	},
	"groups": [
		{
			"name": "group",
			"origin": [15, 8, 19],
			"children": [0, 1, 2, 3, 4, 5, 6, 7, 8, 9, 10, 11, 12, 13, 14]
		}
	]
}