{
	"credit": "Made with Blockbench",
	"textures": {
		"0": "./red",
		"1": "./niz",
		"2": "./verh",
		"particle": "./red"
	},
	"elements": [
		{
			"from": [7, -2, 9.5],
			"to": [10, 2.5, 10.5],
			"rotation": {"angle": 22.5, "axis": "x", "origin": [17, 5.5, 17.5]},
			"faces": {
				"north": {"uv": [0, 0, 11, 13], "texture": "#1"},
				"east": {"uv": [0, 0, 1, 4.5], "texture": "#0"},
				"south": {"uv": [0, 0, 3, 4.5], "texture": "#0"},
				"west": {"uv": [0, 0, 1, 4.5], "texture": "#0"},
				"up": {"uv": [0, 0, 3, 1], "texture": "#0"},
				"down": {"uv": [0, 0, 3, 1], "texture": "#0"}
			}
		},
		{
			"from": [7, 5.5, 9],
			"to": [10, 10.5, 10],
			"rotation": {"angle": 0, "axis": "y", "origin": [17, 13.5, 17]},
			"faces": {
				"north": {"uv": [0, 0, 11, 15], "texture": "#2"},
				"east": {"uv": [0, 0, 1, 5], "texture": "#0"},
				"south": {"uv": [10, 8, 16, 16], "texture": "#0"},
				"west": {"uv": [0, 0, 1, 5], "texture": "#0"},
				"up": {"uv": [0, 0, 3, 1], "texture": "#0"},
				"down": {"uv": [0, 0, 3, 1], "texture": "#0"}
			}
		}
	],
	"display": {
		"thirdperson_righthand": {
			"rotation": [0, 143, 0],
			"translation": [-0.75, 4.25, 1]
		},
		"thirdperson_lefthand": {
			"rotation": [0, 143, 0],
			"translation": [-0.75, 4.25, 1]
		},
		"firstperson_righthand": {
			"rotation": [0, 122, 0],
			"translation": [0.5, 3.75, 0]
		},
		"firstperson_lefthand": {
			"rotation": [0, 132, 0],
			"translation": [0, 4, 0]
		},
		"ground": {
			"translation": [0, 1.25, 0],
			"scale": [0.8, 0.8, 0.8]
		},
		"gui": {
			"rotation": [23, 148, 0],
			"translation": [0, 1.5, 0]
		},
		"fixed": {
			"rotation": [-20, 0, 0],
			"translation": [0, 4.25, -4],
			"scale": [1.6, 1.6, 1.6]
		}
	}
}