{
	"credit": "Made with Blockbench",
	"textures": {
		"0": "./black",
		"particle": "./black"
	},
	"elements": [
		{
			"from": [4, 0, 5],
			"to": [12, 1, 11],
			"rotation": {"angle": 0, "axis": "y", "origin": [16, 8, 13]},
			"faces": {
				"north": {"uv": [8, 15, 16, 16], "texture": "#0"},
				"east": {"uv": [10, 15, 16, 16], "texture": "#0"},
				"south": {"uv": [8, 15, 16, 16], "texture": "#0"},
				"west": {"uv": [10, 15, 16, 16], "texture": "#0"},
				"up": {"uv": [8, 10, 16, 16], "texture": "#0"},
				"down": {"uv": [8, 10, 16, 16], "texture": "#0"}
			}
		},
		{
			"from": [5, 1, 5],
			"to": [11, 8, 11],
			"rotation": {"angle": 0, "axis": "y", "origin": [16, 9, 13]},
			"faces": {
				"north": {"uv": [0, 0, 6, 6], "texture": "#0"},
				"east": {"uv": [0, 0, 6, 6], "texture": "#0"},
				"south": {"uv": [0, 0, 6, 6], "texture": "#0"},
				"west": {"uv": [0, 0, 6, 6], "texture": "#0"},
				"up": {"uv": [10, 10, 16, 16], "texture": "#0"},
				"down": {"uv": [10, 10, 16, 16], "texture": "#0"}
			}
		},
		{
			"from": [5, 0, 4],
			"to": [11, 1, 12],
			"rotation": {"angle": 0, "axis": "y", "origin": [16, 8, 13]},
			"faces": {
				"north": {"uv": [10, 15, 16, 16], "texture": "#0"},
				"east": {"uv": [8, 15, 16, 16], "texture": "#0"},
				"south": {"uv": [10, 15, 16, 16], "texture": "#0"},
				"west": {"uv": [8, 15, 16, 16], "texture": "#0"},
				"up": {"uv": [10, 8, 16, 16], "texture": "#0"},
				"down": {"uv": [10, 8, 16, 16], "texture": "#0"}
			}
		}
	],
	"display": {
		"thirdperson_righthand": {
			"translation": [0, 7.75, 0]
		},
		"thirdperson_lefthand": {
			"translation": [0, 8, 0]
		},
		"firstperson_righthand": {
			"translation": [0, 7.25, 0]
		},
		"firstperson_lefthand": {
			"translation": [0, 7, 0]
		},
		"ground": {
			"translation": [0, 5.75, 0]
		},
		"gui": {
			"rotation": [7, -79, 0],
			"translation": [0, 4, 0]
		},
		"head": {
			"translation": [0, 21, 0],
			"scale": [2.45, 2.3, 2.45]
		},
		"fixed": {
			"rotation": [-90, 0, 0],
			"translation": [0, 0, -16.5],
			"scale": [2, 2, 2]
		}
	}
}