{
	"credit": "Made with Mr_JSPA",
	"textures": {
		"0": "./batman",
		"particle": "./batman"
	},
	"elements": [
		{
			"from": [3.75, 2, 4.25],
			"to": [5, 9.25, 12],
			"faces": {
				"north": {"uv": [2, 9, 3, 16], "texture": "#0"},
				"east": {"uv": [0, 7, 8, 14], "texture": "#0"},
				"south": {"uv": [3, 9, 4, 16], "texture": "#0"},
				"west": {"uv": [8, 7, 16, 14], "texture": "#0"},
				"up": {"uv": [0, 8, 1, 16], "texture": "#0"},
				"down": {"uv": [1, 8, 2, 16], "texture": "#0"}
			}
		},
		{
			"from": [5, 2, 11],
			"to": [11, 9, 12],
			"faces": {
				"north": {"uv": [4, 7, 10, 14], "texture": "#0"},
				"east": {"uv": [0, 7, 1, 14], "texture": "#0"},
				"south": {"uv": [10, 7, 16, 14], "texture": "#0"},
				"west": {"uv": [3, 7, 4, 14], "texture": "#0"},
				"up": {"uv": [10, 5, 16, 6], "texture": "#0"},
				"down": {"uv": [10, 6, 16, 7], "texture": "#0"}
			}
		},
		{
			"from": [11, 2, 4.25],
			"to": [12.25, 9.25, 12],
			"faces": {
				"north": {"uv": [3, 9, 4, 16], "texture": "#0"},
				"east": {"uv": [0, 7, 8, 14], "texture": "#0"},
				"south": {"uv": [2, 9, 3, 16], "texture": "#0"},
				"west": {"uv": [8, 7, 16, 14], "texture": "#0"},
				"up": {"uv": [1, 8, 2, 16], "texture": "#0"},
				"down": {"uv": [0, 8, 1, 16], "texture": "#0"}
			}
		},
		{
			"from": [5, 2, 4],
			"to": [6, 3, 6],
			"faces": {
				"north": {"uv": [7, 14, 7, 15], "texture": "#0"},
				"east": {"uv": [5, 15, 6, 16], "texture": "#0"},
				"south": {"uv": [5, 14, 6, 15], "texture": "#0"},
				"west": {"uv": [4, 15, 5, 16], "texture": "#0"},
				"up": {"uv": [4, 14, 5, 15], "texture": "#0"},
				"down": {"uv": [6, 15, 7, 16], "texture": "#0"}
			}
		},
		{
			"from": [10, 2, 4],
			"to": [11, 3, 6],
			"faces": {
				"north": {"uv": [6, 14, 7, 15], "texture": "#0"},
				"east": {"uv": [5, 15, 6, 16], "texture": "#0"},
				"south": {"uv": [5, 14, 6, 15], "texture": "#0"},
				"west": {"uv": [4, 15, 5, 16], "texture": "#0"},
				"up": {"uv": [4, 14, 5, 15], "texture": "#0"},
				"down": {"uv": [6, 15, 7, 16], "texture": "#0"}
			}
		},
		{
			"from": [6, 1.5, 4],
			"to": [10, 2.5, 6],
			"faces": {
				"north": {"uv": [12, 15, 16, 16], "texture": "#0"},
				"east": {"uv": [7, 14, 8, 15], "texture": "#0"},
				"south": {"uv": [8, 14, 12, 15], "texture": "#0"},
				"west": {"uv": [7, 15, 8, 16], "texture": "#0"},
				"up": {"uv": [8, 15, 12, 16], "texture": "#0"},
				"down": {"uv": [12, 14, 16, 15], "texture": "#0"}
			}
		},
		{
			"from": [5, 4, 4],
			"to": [11, 5, 5],
			"faces": {
				"north": {"uv": [10, 0, 16, 1], "texture": "#0"},
				"east": {"uv": [9, 1, 10, 2], "texture": "#0"},
				"south": {"uv": [10, 1, 16, 2], "texture": "#0"},
				"west": {"uv": [9, 0, 10, 1], "texture": "#0"},
				"up": {"uv": [10, 2, 16, 3], "texture": "#0"},
				"down": {"uv": [10, 3, 16, 4], "texture": "#0"}
			}
		},
		{
			"from": [4.75, 7, 4],
			"to": [11.25, 9.25, 5],
			"faces": {
				"north": {"uv": [0, 7, 6, 9], "texture": "#0"},
				"east": {"uv": [9, 5, 10, 7], "texture": "#0"},
				"south": {"uv": [6, 7, 12, 9], "texture": "#0"},
				"west": {"uv": [8, 5, 9, 7], "texture": "#0"},
				"up": {"uv": [10, 5, 16, 6], "texture": "#0"},
				"down": {"uv": [10, 6, 16, 7], "texture": "#0"}
			}
		},
		{
			"from": [7, 5, 4],
			"to": [9, 7, 5],
			"faces": {
				"north": {"uv": [14, 0, 16, 2], "texture": "#0"},
				"east": {"uv": [8, 0, 9, 2], "texture": "#0"},
				"south": {"uv": [10, 0, 12, 2], "texture": "#0"},
				"west": {"uv": [9, 0, 10, 2], "texture": "#0"},
				"up": {"uv": [12, 1, 14, 2], "texture": "#0"},
				"down": {"uv": [12, 0, 14, 1], "texture": "#0"}
			}
		},
		{
			"from": [6, 6, 4],
			"to": [7, 7, 5],
			"faces": {
				"north": {"uv": [14, 0, 16, 2], "texture": "#0"},
				"east": {"uv": [8, 0, 9, 2], "texture": "#0"},
				"south": {"uv": [10, 0, 12, 2], "texture": "#0"},
				"west": {"uv": [9, 0, 10, 2], "texture": "#0"},
				"up": {"uv": [12, 1, 14, 2], "texture": "#0"},
				"down": {"uv": [12, 0, 14, 1], "texture": "#0"}
			}
		},
		{
			"from": [9, 6, 4],
			"to": [10, 7, 5],
			"faces": {
				"north": {"uv": [14, 0, 16, 2], "texture": "#0"},
				"east": {"uv": [8, 0, 9, 2], "texture": "#0"},
				"south": {"uv": [10, 0, 12, 2], "texture": "#0"},
				"west": {"uv": [9, 0, 10, 2], "texture": "#0"},
				"up": {"uv": [12, 1, 14, 2], "texture": "#0"},
				"down": {"uv": [12, 0, 14, 1], "texture": "#0"}
			}
		},
		{
			"from": [4, 9, 4.5],
			"to": [12, 10, 12],
			"faces": {
				"north": {"uv": [8, 3, 16, 4], "texture": "#0"},
				"east": {"uv": [8, 2, 16, 3], "texture": "#0"},
				"south": {"uv": [8, 1, 16, 2], "texture": "#0"},
				"west": {"uv": [8, 0, 16, 1], "texture": "#0"},
				"up": {"uv": [8, 0, 16, 8], "texture": "#0"},
				"down": {"uv": [8, 6, 16, 14], "texture": "#0"}
			}
		},
		{
			"from": [3, 10.5, 3.5],
			"to": [4, 13.5, 5.5],
			"rotation": {"angle": 22.5, "axis": "x", "origin": [0, 0, 0]},
			"faces": {
				"north": {"uv": [1, 10, 2, 13], "texture": "#0"},
				"east": {"uv": [0, 13, 2, 16], "texture": "#0"},
				"south": {"uv": [0, 10, 1, 13], "texture": "#0"},
				"west": {"uv": [2, 13, 4, 16], "texture": "#0"},
				"up": {"uv": [3, 11, 4, 13], "texture": "#0"},
				"down": {"uv": [2, 11, 3, 13], "texture": "#0"}
			}
		},
		{
			"from": [3, 13.5, 4.5],
			"to": [4, 15.5, 5.5],
			"rotation": {"angle": 22.5, "axis": "x", "origin": [0, 0, 0]},
			"faces": {
				"north": {"uv": [1, 10, 2, 12], "texture": "#0"},
				"east": {"uv": [0, 13, 1, 15], "texture": "#0"},
				"south": {"uv": [0, 10, 1, 12], "texture": "#0"},
				"west": {"uv": [2, 13, 3, 15], "texture": "#0"},
				"up": {"uv": [3, 11, 4, 12], "texture": "#0"},
				"down": {"uv": [2, 11, 3, 12], "texture": "#0"}
			}
		},
		{
			"from": [12, 10.5, 3.5],
			"to": [13, 13.5, 5.5],
			"rotation": {"angle": 22.5, "axis": "x", "origin": [0, 0, 0]},
			"faces": {
				"north": {"uv": [1, 10, 2, 13], "texture": "#0"},
				"east": {"uv": [0, 13, 2, 16], "texture": "#0"},
				"south": {"uv": [0, 10, 1, 13], "texture": "#0"},
				"west": {"uv": [2, 13, 4, 16], "texture": "#0"},
				"up": {"uv": [3, 11, 4, 13], "texture": "#0"},
				"down": {"uv": [2, 11, 3, 13], "texture": "#0"}
			}
		},
		{
			"from": [12, 13.5, 4.5],
			"to": [13, 15.5, 5.5],
			"rotation": {"angle": 22.5, "axis": "x", "origin": [0, 0, 0]},
			"faces": {
				"north": {"uv": [1, 10, 2, 12], "texture": "#0"},
				"east": {"uv": [0, 13, 1, 15], "texture": "#0"},
				"south": {"uv": [0, 10, 1, 12], "texture": "#0"},
				"west": {"uv": [2, 13, 3, 15], "texture": "#0"},
				"up": {"uv": [3, 11, 4, 12], "texture": "#0"},
				"down": {"uv": [2, 11, 3, 12], "texture": "#0"}
			}
		}
	],
	"display": {
		"thirdperson_righthand": {
			"rotation": [57, 0, 0],
			"translation": [0, 0, -2],
			"scale": [0.9, 0.9, 0.9]
		},
		"thirdperson_lefthand": {
			"rotation": [66, 0, 0],
			"translation": [0, 0, -1.75],
			"scale": [0.9, 0.9, 0.9]
		},
		"firstperson_righthand": {
			"translation": [0, 2.75, 0]
		},
		"firstperson_lefthand": {
			"translation": [0, 4.25, 0]
		},
		"ground": {
			"scale": [0.5, 0.5, 0.5]
		},
		"gui": {
			"rotation": [33, 167, 19],
			"translation": [0.25, 1, 0]
		},
		"head": {
			"translation": [0, 4, -0.25],
			"scale": [1.8, 1.8, 1.8]
		},
		"fixed": {
			"rotation": [-87, 0, 0],
			"translation": [0, 0, -10.25],
			"scale": [1.9, 1.9, 1.9]
		}
	}
}