{
	"credit": "Made with Blockbench",
	"textures": {
		"0": "./bulka",
		"1": "./sosiska",
		"particle": "./bulka"
	},
	"elements": [
		{
			"from": [6.5, 0, 3.5],
			"to": [9.5, 1, 12.5],
			"rotation": {"angle": 0, "axis": "y", "origin": [16, 8, 15]},
			"faces": {
				"north": {"uv": [0, 0, 3, 1], "texture": "#0"},
				"east": {"uv": [0, 0, 9, 1], "texture": "#0"},
				"south": {"uv": [0, 0, 3, 1], "texture": "#0"},
				"west": {"uv": [0, 0, 9, 1], "texture": "#0"},
				"up": {"uv": [0, 0, 3, 9], "texture": "#0"},
				"down": {"uv": [0, 0, 3, 9], "texture": "#0"}
			}
		},
		{
			"from": [7, 1, 3],
			"to": [9, 3, 13],
			"rotation": {"angle": 0, "axis": "y", "origin": [16, 9, 15]},
			"faces": {
				"north": {"uv": [2, 0, 4, 2], "texture": "#1"},
				"east": {"uv": [2, 0, 12, 2], "texture": "#1"},
				"south": {"uv": [2, 0, 4, 2], "texture": "#1"},
				"west": {"uv": [2, 0, 12, 2], "texture": "#1"},
				"up": {"uv": [0, 0, 2, 10], "texture": "#1"},
				"down": {"uv": [0, 0, 2, 10], "texture": "#1"}
			}
		},
		{
			"from": [6, 0.5, 3.5],
			"to": [7.25, 3.25, 12.5],
			"rotation": {"angle": 0, "axis": "y", "origin": [14, 9, 15]},
			"faces": {
				"north": {"uv": [0, 0, 1.25, 2.75], "texture": "#0"},
				"east": {"uv": [0, 0, 9, 2.75], "texture": "#0"},
				"south": {"uv": [0, 0, 1.25, 2.75], "texture": "#0"},
				"west": {"uv": [0, 0, 9, 2.75], "texture": "#0"},
				"up": {"uv": [0, 0, 1.25, 9], "texture": "#0"},
				"down": {"uv": [0, 0, 1.25, 9], "texture": "#0"}
			}
		},
		{
			"from": [8.75, 0.5, 3.5],
			"to": [10, 3.25, 12.5],
			"rotation": {"angle": 0, "axis": "y", "origin": [17, 9, 15]},
			"faces": {
				"north": {"uv": [0, 0, 1.25, 2.75], "texture": "#0"},
				"east": {"uv": [0, 0, 9, 2.75], "texture": "#0"},
				"south": {"uv": [0, 0, 1.25, 2.75], "texture": "#0"},
				"west": {"uv": [0, 0, 9, 2.75], "texture": "#0"},
				"up": {"uv": [0, 0, 1.25, 9], "texture": "#0"},
				"down": {"uv": [0, 0, 1.25, 9], "texture": "#0"}
			}
		}
	],
	"display": {
		"thirdperson_righthand": {
			"rotation": [4, 0, 0],
			"translation": [0, 7.25, 0],
			"scale": [0.9, 0.92, 0.9]
		},
		"thirdperson_lefthand": {
			"rotation": [4, 0, 0],
			"translation": [0, 7.25, 0],
			"scale": [0.9, 0.92, 0.9]
		},
		"firstperson_righthand": {
			"translation": [0, 6.5, 0.5]
		},
		"firstperson_lefthand": {
			"translation": [0, 6, 0.75]
		},
		"ground": {
			"translation": [0, 7.25, 0]
		},
		"gui": {
			"rotation": [21, -27, 0],
			"translation": [0, 5, 0]
		},
		"fixed": {
			"rotation": [-90, 0, 0],
			"translation": [0, 0, -12.5],
			"scale": [1.6, 1.6, 1.6]
		}
	}
}