{
	"credit": "Made with Blockbench",
	"textures": {
		"0": "./clock",
		"1": "./black",
		"particle": "./clock"
	},
	"elements": [
		{
			"name": "shield",
			"from": [8.55, 16.77935, 8.35],
			"to": [9.85, 17.37065, 12.675],
			"rotation": {"angle": 0, "axis": "x", "origin": [7.95, 4.275, 9.825]},
			"faces": {
				"north": {"uv": [14, 1, 15, 2], "texture": "#1"},
				"east": {"uv": [14, 1, 15, 2], "texture": "#1"},
				"south": {"uv": [14, 1, 15, 2], "texture": "#1"},
				"west": {"uv": [14, 1, 15, 2], "texture": "#1"},
				"up": {"uv": [14, 1, 15, 2], "texture": "#1"},
				"down": {"uv": [14, 1, 15, 2], "texture": "#1"}
			}
		},
		{
			"name": "shield",
			"from": [8.55, 12.45435, 8.35],
			"to": [9.85, 13.04565, 12.675],
			"rotation": {"angle": 0, "axis": "x", "origin": [7.95, -0.05, 9.825]},
			"faces": {
				"north": {"uv": [14, 1, 15, 2], "texture": "#1"},
				"east": {"uv": [14, 1, 15, 2], "texture": "#1"},
				"south": {"uv": [14, 1, 15, 2], "texture": "#1"},
				"west": {"uv": [14, 1, 15, 2], "texture": "#1"},
				"up": {"uv": [14, 1, 15, 2], "texture": "#1"},
				"down": {"uv": [14, 1, 15, 2], "texture": "#1"}
			}
		},
		{
			"name": "shield",
			"from": [8.55, 12.45435, 12.225],
			"to": [9.85, 17.34565, 12.875],
			"rotation": {"angle": 0, "axis": "x", "origin": [7.95, 1.7, 10.825]},
			"faces": {
				"north": {"uv": [14, 1, 15, 2], "texture": "#1"},
				"east": {"uv": [14, 1, 15, 2], "texture": "#1"},
				"south": {"uv": [14, 1, 15, 2], "texture": "#1"},
				"west": {"uv": [14, 1, 15, 2], "texture": "#1"},
				"up": {"uv": [14, 1, 15, 2], "texture": "#1"},
				"down": {"uv": [14, 1, 15, 2], "texture": "#1"}
			}
		},
		{
			"name": "shield",
			"from": [8.55, 12.45435, 8.425],
			"to": [9.85, 17.34565, 8.825],
			"rotation": {"angle": 0, "axis": "x", "origin": [7.95, 1.7, 6.775]},
			"faces": {
				"north": {"uv": [14, 1, 15, 2], "texture": "#1"},
				"east": {"uv": [14, 1, 15, 2], "texture": "#1"},
				"south": {"uv": [14, 1, 15, 2], "texture": "#1"},
				"west": {"uv": [14, 1, 15, 2], "texture": "#1"},
				"up": {"uv": [14, 1, 15, 2], "texture": "#1"},
				"down": {"uv": [14, 1, 15, 2], "texture": "#1"}
			}
		},
		{
			"name": "shield",
			"from": [7.05, 12.95435, 8.175],
			"to": [11.05, 16.95435, 8.675],
			"rotation": {"angle": 0, "axis": "x", "origin": [8.2, 2.2, 6.275]},
			"faces": {
				"north": {"uv": [0, 7, 9, 16], "texture": "#0"},
				"east": {"uv": [14, 1, 15, 2], "texture": "#1"},
				"south": {"uv": [14, 1, 15, 2], "texture": "#1"},
				"west": {"uv": [14, 1, 15, 2], "texture": "#1"},
				"up": {"uv": [14, 1, 15, 2], "texture": "#1"},
				"down": {"uv": [14, 1, 15, 2], "texture": "#1"}
			}
		},
		{
			"name": "shield",
			"from": [10.3, 13.70435, 7.675],
			"to": [11.05, 16.45435, 8.175],
			"rotation": {"angle": 0, "axis": "x", "origin": [8.2, 1.7, 5.775]},
			"faces": {
				"north": {"uv": [14, 1, 15, 2], "texture": "#0"},
				"east": {"uv": [14, 1, 15, 2], "texture": "#1"},
				"south": {"uv": [14, 1, 15, 2], "texture": "#0"},
				"west": {"uv": [14, 1, 15, 2], "texture": "#0"},
				"up": {"uv": [14, 1, 15, 2], "texture": "#1"},
				"down": {"uv": [14, 1, 15, 2], "texture": "#1"}
			}
		},
		{
			"name": "shield",
			"from": [7.05, 13.70435, 7.675],
			"to": [7.8, 16.45435, 8.175],
			"rotation": {"angle": 0, "axis": "x", "origin": [4.95, 1.7, 5.775]},
			"faces": {
				"north": {"uv": [14, 1, 15, 2], "texture": "#0"},
				"east": {"uv": [14, 1, 15, 2], "texture": "#0"},
				"south": {"uv": [14, 1, 15, 2], "texture": "#0"},
				"west": {"uv": [14, 1, 15, 2], "texture": "#1"},
				"up": {"uv": [14, 1, 15, 2], "texture": "#1"},
				"down": {"uv": [14, 1, 15, 2], "texture": "#1"}
			}
		},
		{
			"name": "shield",
			"from": [7.05, 12.95435, 7.675],
			"to": [11.05, 13.70435, 8.175],
			"rotation": {"angle": 0, "axis": "x", "origin": [8.2, -1.05, 5.775]},
			"faces": {
				"north": {"uv": [14, 1, 15, 2], "texture": "#0"},
				"east": {"uv": [14, 1, 15, 2], "texture": "#1"},
				"south": {"uv": [14, 1, 15, 2], "texture": "#0"},
				"west": {"uv": [14, 1, 15, 2], "texture": "#1"},
				"up": {"uv": [14, 1, 15, 2], "texture": "#0"},
				"down": {"uv": [14, 1, 15, 2], "texture": "#1"}
			}
		},
		{
			"name": "shield",
			"from": [7.05, 16.20435, 7.675],
			"to": [11.05, 16.95435, 8.175],
			"rotation": {"angle": 0, "axis": "x", "origin": [8.2, 2.2, 5.775]},
			"faces": {
				"north": {"uv": [14, 1, 15, 2], "texture": "#0"},
				"east": {"uv": [14, 1, 15, 2], "texture": "#1"},
				"south": {"uv": [14, 1, 15, 2], "texture": "#0"},
				"west": {"uv": [14, 1, 15, 2], "texture": "#1"},
				"up": {"uv": [14, 1, 15, 2], "texture": "#1"},
				"down": {"uv": [14, 1, 15, 2], "texture": "#1"}
			}
		}
	],
	"display": {
		"thirdperson_righthand": {
			"rotation": [0, -90, 0],
			"translation": [2.5, -8.5, 1],
			"scale": [0.95, 0.95, 0.95]
		},
		"thirdperson_lefthand": {
			"rotation": [0, -90, 0],
			"translation": [2.5, -8.5, 3.25],
			"scale": [0.95, 0.95, 0.95]
		},
		"firstperson_righthand": {
			"rotation": [72.5, 0, 0],
			"translation": [-1, 0.5, -4.25],
			"scale": [0.83, 0.83, 0.83]
		},
		"firstperson_lefthand": {
			"rotation": [79, 6, 0],
			"translation": [-1.75, 3, -2.5],
			"scale": [0.83, 0.83, 0.83]
		},
		"ground": {
			"translation": [0, -7.25, -1.5]
		},
		"gui": {
			"rotation": [-11, 139, 38],
			"translation": [-3, -5.25, 0],
			"scale": [0.95, 0.95, 0.95]
		},
		"fixed": {
			"translation": [-1.75, -9.5, -1.5],
			"scale": [1.4, 1.4, 1.4]
		}
	},
	"groups": [
		{
			"name": "shield",
			"origin": [8, 8, 8],
			"children": [0, 1, 2, 3, 4, 5, 6, 7, 8]
		}
	]
}