{
    "credit": "Made with Mr_JSPA", 
    "textures": {
        "main": "./magicwand"
    }, 
    "elements": [
        {
            "from": [ 7, 17, 7 ], 
            "to":   [ 9, 18, 9 ], 
            "faces": {
                "north": { "uv": [ 0, 0, 1, 0.5 ], "texture": "#main" }, 
                "east":  { "uv": [ 0, 0, 1, 0.5 ], "texture": "#main" }, 
                "south": { "uv": [ 0, 0, 1, 0.5 ], "texture": "#main" }, 
                "west":  { "uv": [ 0, 0, 1, 0.5 ], "texture": "#main" }, 
                "up":    { "uv": [ 0, 0, 1, 1 ], "texture": "#main" }, 
                "down":  { "uv": [ 0, 0, 1, 1 ], "texture": "#main" }
            }
        }, 
        {
            "from": [ 7, -16, 7 ], 
            "to":   [ 9, 16, 9 ], 
            "faces": {
                "north": { "uv": [ 6, 0, 6.5, 8 ], "texture": "#main" }, 
                "east":  { "uv": [ 7.5, 0, 8, 8 ], "texture": "#main" }, 
                "south": { "uv": [ 6.5, 0, 7, 8 ], "texture": "#main" }, 
                "west":  { "uv": [ 7, 0, 7.5, 8 ], "texture": "#main" }, 
                "up":    { "uv": [ 7.5, 7, 8, 7.5 ], "texture": "#main" }, 
                "down":  { "uv": [ 7.5, 7.5, 8, 8 ], "texture": "#main" }
            }
        }, 
        {
            "from": [ 7.5, 16, 7.5 ], 
            "to":   [ 8.5, 17, 8.5 ], 
            "faces": {
                "north": { "uv": [ 0, 0, 0.5, 0.5 ], "texture": "#main" }, 
                "east":  { "uv": [ 0, 0, 0.5, 0.5 ], "texture": "#main" }, 
                "south": { "uv": [ 0, 0, 0.5, 0.5 ], "texture": "#main" }, 
                "west":  { "uv": [ 0, 0, 0.5, 0.5 ], "texture": "#main" }, 
                "up":    { "uv": [ 0, 0, 0.5, 0.5 ], "texture": "#main" }, 
                "down":  { "uv": [ 0, 0, 0.5, 0.5 ], "texture": "#main" }
            }
        }, 
        {
            "from": [ 7, 19, 7 ], 
            "to":   [ 9, 20, 9 ], 
            "faces": {
                "north": { "uv": [ 0, 4, 1, 4.5 ], "texture": "#main" }, 
                "east":  { "uv": [ 0, 4, 1, 4.5 ], "texture": "#main" }, 
                "south": { "uv": [ 0, 4, 1, 4.5 ], "texture": "#main" }, 
                "west":  { "uv": [ 0, 4, 1, 4.5 ], "texture": "#main" }, 
                "up":    { "uv": [ 0, 5, 1, 6 ], "texture": "#main" }, 
                "down":  { "uv": [ 0, 6, 1, 7 ], "texture": "#main" }
            }
        }, 
        {
            "from": [ 7, 22, 7 ], 
            "to":   [ 9, 23, 9 ], 
            "faces": {
                "north": { "uv": [ 0, 4, 1, 4.5 ], "texture": "#main" }, 
                "east":  { "uv": [ 0, 4, 1, 4.5 ], "texture": "#main" }, 
                "south": { "uv": [ 0, 4, 1, 4.5 ], "texture": "#main" }, 
                "west":  { "uv": [ 0, 4, 1, 4.5 ], "texture": "#main" }, 
                "up":    { "uv": [ 0, 5, 1, 6 ], "texture": "#main" }, 
                "down":  { "uv": [ 0, 6, 1, 7 ], "texture": "#main" }
            }
        }, 
        {
            "from": [ 7, 29, 7 ], 
            "to":   [ 9, 30, 9 ], 
            "faces": {
                "north": { "uv": [ 0, 4, 1, 4.5 ], "texture": "#main" }, 
                "east":  { "uv": [ 0, 4, 1, 4.5 ], "texture": "#main" }, 
                "south": { "uv": [ 0, 4, 1, 4.5 ], "texture": "#main" }, 
                "west":  { "uv": [ 0, 4, 1, 4.5 ], "texture": "#main" }, 
                "up":    { "uv": [ 0, 5, 1, 6 ], "texture": "#main" }, 
                "down":  { "uv": [ 0, 6, 1, 7 ], "texture": "#main" }
            }
        }, 
        {
            "from": [ 6, 24, 6 ], 
            "to":   [ 10, 28, 10 ], 
            "faces": {
                "north": { "uv": [ 3.5, 0, 5.5, 2 ], "texture": "#main" }, 
                "east":  { "uv": [ 3.5, 0.5, 5.5, 2.5 ], "texture": "#main" }, 
                "south": { "uv": [ 3, 0, 5, 2 ], "texture": "#main" }, 
                "west":  { "uv": [ 3.5, 0.5, 5.5, 2.5 ], "texture": "#main" }, 
                "up":    { "uv": [ 3, 0.5, 5, 2.5 ], "texture": "#main" }, 
                "down":  { "uv": [ 3, 0, 5, 2 ], "texture": "#main" }
            }
        }, 
        {
            "from": [ 4, 20, 7 ], 
            "to":   [ 12, 22, 9 ], 
            "faces": {
                "north": { "uv": [ 0, 4, 4, 5 ], "texture": "#main" }, 
                "east":  { "uv": [ 0, 4, 1, 5 ], "texture": "#main" }, 
                "south": { "uv": [ 0, 4, 4, 5 ], "texture": "#main" }, 
                "west":  { "uv": [ 0, 4, 1, 5 ], "texture": "#main" }, 
                "up":    { "uv": [ 0, 5, 4, 6 ], "texture": "#main" }, 
                "down":  { "uv": [ 0, 6, 4, 7 ], "texture": "#main" }
            }
        }, 
        {
            "from": [ 4, 30, 7 ], 
            "to":   [ 12, 32, 9 ], 
            "faces": {
                "north": { "uv": [ 0, 4, 4, 5 ], "texture": "#main" }, 
                "east":  { "uv": [ 0, 4, 1, 5 ], "texture": "#main" }, 
                "south": { "uv": [ 0, 4, 4, 5 ], "texture": "#main" }, 
                "west":  { "uv": [ 0, 4, 1, 5 ], "texture": "#main" }, 
                "up":    { "uv": [ 0, 5, 4, 6 ], "texture": "#main" }, 
                "down":  { "uv": [ 0, 6, 4, 7 ], "texture": "#main" }
            }
        }, 
        {
            "from": [ 3, 21, 7 ], 
            "to":   [ 4, 22, 9 ], 
            "faces": {
                "north": { "uv": [ 0, 4, 0.5, 4.5 ], "texture": "#main" }, 
                "east":  { "uv": [ 0, 4, 1, 4.5 ], "texture": "#main" }, 
                "south": { "uv": [ 0, 4, 0.5, 4.5 ], "texture": "#main" }, 
                "west":  { "uv": [ 0, 4, 1, 4.5 ], "texture": "#main" }, 
                "up":    { "uv": [ 0, 5, 0.5, 6 ], "texture": "#main" }, 
                "down":  { "uv": [ 0, 6, 0.5, 7 ], "texture": "#main" }
            }
        }, 
        {
            "from": [ 12, 21, 7 ], 
            "to":   [ 13, 22, 9 ], 
            "faces": {
                "north": { "uv": [ 0, 4, 0.5, 4.5 ], "texture": "#main" }, 
                "east":  { "uv": [ 0, 4, 1, 4.5 ], "texture": "#main" }, 
                "south": { "uv": [ 0, 4, 0.5, 4.5 ], "texture": "#main" }, 
                "west":  { "uv": [ 0, 4, 1, 4.5 ], "texture": "#main" }, 
                "up":    { "uv": [ 0, 5, 0.5, 6 ], "texture": "#main" }, 
                "down":  { "uv": [ 0, 6, 0.5, 7 ], "texture": "#main" }
            }
        }, 
        {
            "from": [ 12, 30, 7 ], 
            "to":   [ 13, 31, 9 ], 
            "faces": {
                "north": { "uv": [ 0, 4, 0.5, 4.5 ], "texture": "#main" }, 
                "east":  { "uv": [ 0, 4, 1, 4.5 ], "texture": "#main" }, 
                "south": { "uv": [ 0, 4, 0.5, 4.5 ], "texture": "#main" }, 
                "west":  { "uv": [ 0, 4, 1, 4.5 ], "texture": "#main" }, 
                "up":    { "uv": [ 0, 5, 0.5, 6 ], "texture": "#main" }, 
                "down":  { "uv": [ 0, 6, 0.5, 7 ], "texture": "#main" }
            }
        }, 
        {
            "from": [ 3, 30, 7 ], 
            "to":   [ 4, 31, 9 ], 
            "faces": {
                "north": { "uv": [ 0, 4, 0.5, 4.5 ], "texture": "#main" }, 
                "east":  { "uv": [ 0, 4, 1, 4.5 ], "texture": "#main" }, 
                "south": { "uv": [ 0, 4, 0.5, 4.5 ], "texture": "#main" }, 
                "west":  { "uv": [ 0, 4, 1, 4.5 ], "texture": "#main" }, 
                "up":    { "uv": [ 0, 5, 0.5, 6 ], "texture": "#main" }, 
                "down":  { "uv": [ 0, 6, 0.5, 7 ], "texture": "#main" }
            }
        }, 
        {
            "from": [ 2, 22, 7 ], 
            "to":   [ 4, 30, 9 ], 
            "faces": {
                "north": { "uv": [ 0, 4, 1, 8 ], "texture": "#main" }, 
                "east":  { "uv": [ 0, 4, 1, 8 ], "texture": "#main" }, 
                "south": { "uv": [ 0, 4, 1, 8 ], "texture": "#main" }, 
                "west":  { "uv": [ 0, 4, 1, 8 ], "texture": "#main" }, 
                "up":    { "uv": [ 0, 5, 1, 6 ], "texture": "#main" }, 
                "down":  { "uv": [ 0, 6, 1, 7 ], "texture": "#main" }
            }
        }, 
        {
            "from": [ 12, 26, 7 ], 
            "to":   [ 14, 30, 9 ], 
            "faces": {
                "north": { "uv": [ 0, 4, 1, 6 ], "texture": "#main" }, 
                "east":  { "uv": [ 0, 4, 1, 6 ], "texture": "#main" }, 
                "south": { "uv": [ 0, 4, 1, 6 ], "texture": "#main" }, 
                "west":  { "uv": [ 0, 4, 1, 6 ], "texture": "#main" }, 
                "up":    { "uv": [ 0, 5, 1, 6 ], "texture": "#main" }, 
                "down":  { "uv": [ 0, 6, 1, 7 ], "texture": "#main" }
            }
        }, 
        {
            "from": [ 6, 18, 6 ], 
            "to":   [ 10, 19, 10 ], 
            "faces": {
                "north": { "uv": [ 0, 4, 2, 4.5 ], "texture": "#main" }, 
                "east":  { "uv": [ 0, 4, 2, 4.5 ], "texture": "#main" }, 
                "south": { "uv": [ 0, 4, 2, 4.5 ], "texture": "#main" }, 
                "west":  { "uv": [ 0, 4, 2, 4.5 ], "texture": "#main" }, 
                "up":    { "uv": [ 0, 5, 2, 7 ], "texture": "#main" }, 
                "down":  { "uv": [ 0, 6, 2, 8 ], "texture": "#main" }
            }
        }, 
        {
            "from": [ 7, 17, 7 ], 
            "to":   [ 9, 18, 9 ], 
            "faces": {
                "north": { "uv": [ 8, 0, 9, 0.5 ], "texture": "#main" }, 
                "east":  { "uv": [ 8, 0, 9, 0.5 ], "texture": "#main" }, 
                "south": { "uv": [ 8, 0, 9, 0.5 ], "texture": "#main" }, 
                "west":  { "uv": [ 8, 0, 9, 0.5 ], "texture": "#main" }, 
                "up":    { "uv": [ 8, 0, 9, 1 ], "texture": "#main" }, 
                "down":  { "uv": [ 8, 0, 9, 1 ], "texture": "#main" }
            }
        }, 
        {
            "from": [ 7, -16, 7 ], 
            "to":   [ 9, 16, 9 ], 
            "faces": {
                "north": { "uv": [ 14, 0, 14.5, 8 ], "texture": "#main" }, 
                "east":  { "uv": [ 15.5, 0, 16, 8 ], "texture": "#main" }, 
                "south": { "uv": [ 14.5, 0, 15, 8 ], "texture": "#main" }, 
                "west":  { "uv": [ 15, 0, 15.5, 8 ], "texture": "#main" }, 
                "up":    { "uv": [ 15.5, 7, 16, 7.5 ], "texture": "#main" }, 
                "down":  { "uv": [ 15.5, 7.5, 16, 8 ], "texture": "#main" }
            }
        }, 
        {
            "from": [ 7.5, 16, 7.5 ], 
            "to":   [ 8.5, 17, 8.5 ], 
            "faces": {
                "north": { "uv": [ 8, 0, 8.5, 0.5 ], "texture": "#main" }, 
                "east":  { "uv": [ 8, 0, 8.5, 0.5 ], "texture": "#main" }, 
                "south": { "uv": [ 8, 0, 8.5, 0.5 ], "texture": "#main" }, 
                "west":  { "uv": [ 8, 0, 8.5, 0.5 ], "texture": "#main" }, 
                "up":    { "uv": [ 8, 0, 8.5, 0.5 ], "texture": "#main" }, 
                "down":  { "uv": [ 8, 0, 8.5, 0.5 ], "texture": "#main" }
            }
        }, 
        {
            "from": [ 7, 19, 7 ], 
            "to":   [ 9, 20, 9 ], 
            "faces": {
                "north": { "uv": [ 8, 4, 9, 4.5 ], "texture": "#main" }, 
                "east":  { "uv": [ 8, 4, 9, 4.5 ], "texture": "#main" }, 
                "south": { "uv": [ 8, 4, 9, 4.5 ], "texture": "#main" }, 
                "west":  { "uv": [ 8, 4, 9, 4.5 ], "texture": "#main" }, 
                "up":    { "uv": [ 8, 5, 9, 6 ], "texture": "#main" }, 
                "down":  { "uv": [ 8, 6, 9, 7 ], "texture": "#main" }
            }
        }, 
        {
            "from": [ 7, 22, 7 ], 
            "to":   [ 9, 23, 9 ], 
            "faces": {
                "north": { "uv": [ 8, 4, 9, 4.5 ], "texture": "#main" }, 
                "east":  { "uv": [ 8, 4, 9, 4.5 ], "texture": "#main" }, 
                "south": { "uv": [ 8, 4, 9, 4.5 ], "texture": "#main" }, 
                "west":  { "uv": [ 8, 4, 9, 4.5 ], "texture": "#main" }, 
                "up":    { "uv": [ 8, 5, 9, 6 ], "texture": "#main" }, 
                "down":  { "uv": [ 8, 6, 9, 7 ], "texture": "#main" }
            }
        }, 
        {
            "from": [ 7, 29, 7 ], 
            "to":   [ 9, 30, 9 ], 
            "faces": {
                "north": { "uv": [ 8, 4, 9, 4.5 ], "texture": "#main" }, 
                "east":  { "uv": [ 8, 4, 9, 4.5 ], "texture": "#main" }, 
                "south": { "uv": [ 8, 4, 9, 4.5 ], "texture": "#main" }, 
                "west":  { "uv": [ 8, 4, 9, 4.5 ], "texture": "#main" }, 
                "up":    { "uv": [ 8, 5, 9, 6 ], "texture": "#main" }, 
                "down":  { "uv": [ 8, 6, 9, 7 ], "texture": "#main" }
            }
        }, 
        {
            "from": [ 2.5, 24, 8.5 ], 
            "to":   [ 6.5, 28, 12.5 ], 
            "rotation": { "angle": 22.5, "axis": "y", "origin": [0, 0, 0] }, 
            "faces": {
                "north": { "uv": [ 11.5, 0, 13.5, 2 ], "texture": "#main" }, 
                "east":  { "uv": [ 11.5, 0.5, 13.5, 2.5 ], "texture": "#main" }, 
                "south": { "uv": [ 11, 0, 13, 2 ], "texture": "#main" }, 
                "west":  { "uv": [ 11.5, 0.5, 13.5, 2.5 ], "texture": "#main" }, 
                "up":    { "uv": [ 11, 0.5, 13, 2.5 ], "texture": "#main" }, 
                "down":  { "uv": [ 11, 0, 13, 2 ], "texture": "#main" }
            }
        }, 
        {
            "from": [ 4, 20, 7 ], 
            "to":   [ 12, 22, 9 ], 
            "faces": {
                "north": { "uv": [ 8, 4, 12, 5 ], "texture": "#main" }, 
                "east":  { "uv": [ 8, 4, 9, 5 ], "texture": "#main" }, 
                "south": { "uv": [ 8, 4, 12, 5 ], "texture": "#main" }, 
                "west":  { "uv": [ 8, 4, 9, 5 ], "texture": "#main" }, 
                "up":    { "uv": [ 8, 5, 12, 6 ], "texture": "#main" }, 
                "down":  { "uv": [ 8, 6, 12, 7 ], "texture": "#main" }
            }
        }, 
        {
            "from": [ 4, 30, 7 ], 
            "to":   [ 12, 32, 9 ], 
            "faces": {
                "north": { "uv": [ 8, 4, 12, 5 ], "texture": "#main" }, 
                "east":  { "uv": [ 8, 4, 9, 5 ], "texture": "#main" }, 
                "south": { "uv": [ 8, 4, 12, 5 ], "texture": "#main" }, 
                "west":  { "uv": [ 8, 4, 9, 5 ], "texture": "#main" }, 
                "up":    { "uv": [ 8, 5, 12, 6 ], "texture": "#main" }, 
                "down":  { "uv": [ 8, 6, 12, 7 ], "texture": "#main" }
            }
        }, 
        {
            "from": [ 3, 21, 7 ], 
            "to":   [ 4, 22, 9 ], 
            "faces": {
                "north": { "uv": [ 8, 4, 8.5, 4.5 ], "texture": "#main" }, 
                "east":  { "uv": [ 8, 4, 9, 4.5 ], "texture": "#main" }, 
                "south": { "uv": [ 8, 4, 8.5, 4.5 ], "texture": "#main" }, 
                "west":  { "uv": [ 8, 4, 9, 4.5 ], "texture": "#main" }, 
                "up":    { "uv": [ 8, 5, 8.5, 6 ], "texture": "#main" }, 
                "down":  { "uv": [ 8, 6, 8.5, 7 ], "texture": "#main" }
            }
        }, 
        {
            "from": [ 12, 21, 7 ], 
            "to":   [ 13, 22, 9 ], 
            "faces": {
                "north": { "uv": [ 8, 4, 8.5, 4.5 ], "texture": "#main" }, 
                "east":  { "uv": [ 8, 4, 9, 4.5 ], "texture": "#main" }, 
                "south": { "uv": [ 8, 4, 8.5, 4.5 ], "texture": "#main" }, 
                "west":  { "uv": [ 8, 4, 9, 4.5 ], "texture": "#main" }, 
                "up":    { "uv": [ 8, 5, 8.5, 6 ], "texture": "#main" }, 
                "down":  { "uv": [ 8, 6, 8.5, 7 ], "texture": "#main" }
            }
        }, 
        {
            "from": [ 12, 30, 7 ], 
            "to":   [ 13, 31, 9 ], 
            "faces": {
                "north": { "uv": [ 8, 4, 8.5, 4.5 ], "texture": "#main" }, 
                "east":  { "uv": [ 8, 4, 9, 4.5 ], "texture": "#main" }, 
                "south": { "uv": [ 8, 4, 8.5, 4.5 ], "texture": "#main" }, 
                "west":  { "uv": [ 8, 4, 9, 4.5 ], "texture": "#main" }, 
                "up":    { "uv": [ 8, 5, 8.5, 6 ], "texture": "#main" }, 
                "down":  { "uv": [ 8, 6, 8.5, 7 ], "texture": "#main" }
            }
        }, 
        {
            "from": [ 3, 30, 7 ], 
            "to":   [ 4, 31, 9 ], 
            "faces": {
                "north": { "uv": [ 8, 4, 8.5, 4.5 ], "texture": "#main" }, 
                "east":  { "uv": [ 8, 4, 9, 4.5 ], "texture": "#main" }, 
                "south": { "uv": [ 8, 4, 8.5, 4.5 ], "texture": "#main" }, 
                "west":  { "uv": [ 8, 4, 9, 4.5 ], "texture": "#main" }, 
                "up":    { "uv": [ 8, 5, 8.5, 6 ], "texture": "#main" }, 
                "down":  { "uv": [ 8, 6, 8.5, 7 ], "texture": "#main" }
            }
        }, 
        {
            "from": [ 2, 22, 7 ], 
            "to":   [ 4, 30, 9 ], 
            "faces": {
                "north": { "uv": [ 8, 4, 9, 8 ], "texture": "#main" }, 
                "east":  { "uv": [ 8, 4, 9, 8 ], "texture": "#main" }, 
                "south": { "uv": [ 8, 4, 9, 8 ], "texture": "#main" }, 
                "west":  { "uv": [ 8, 4, 9, 8 ], "texture": "#main" }, 
                "up":    { "uv": [ 8, 5, 9, 6 ], "texture": "#main" }, 
                "down":  { "uv": [ 8, 6, 9, 7 ], "texture": "#main" }
            }
        }, 
        {
            "from": [ 12, 26, 7 ], 
            "to":   [ 14, 30, 9 ], 
            "faces": {
                "north": { "uv": [ 8, 4, 9, 6 ], "texture": "#main" }, 
                "east":  { "uv": [ 8, 4, 9, 6 ], "texture": "#main" }, 
                "south": { "uv": [ 8, 4, 9, 6 ], "texture": "#main" }, 
                "west":  { "uv": [ 8, 4, 9, 6 ], "texture": "#main" }, 
                "up":    { "uv": [ 8, 5, 9, 6 ], "texture": "#main" }, 
                "down":  { "uv": [ 8, 6, 9, 7 ], "texture": "#main" }
            }
        }, 
        {
            "from": [ 6, 18, 6 ], 
            "to":   [ 10, 19, 10 ], 
            "faces": {
                "north": { "uv": [ 8, 4, 10, 4.5 ], "texture": "#main" }, 
                "east":  { "uv": [ 8, 4, 10, 4.5 ], "texture": "#main" }, 
                "south": { "uv": [ 8, 4, 10, 4.5 ], "texture": "#main" }, 
                "west":  { "uv": [ 8, 4, 10, 4.5 ], "texture": "#main" }, 
                "up":    { "uv": [ 8, 5, 10, 7 ], "texture": "#main" }, 
                "down":  { "uv": [ 8, 6, 10, 8 ], "texture": "#main" }
            }
        }, 
        {
            "from": [ 7, 17, 7 ], 
            "to":   [ 9, 18, 9 ], 
            "faces": {
                "north": { "uv": [ 0, 8, 1, 8.5 ], "texture": "#main" }, 
                "east":  { "uv": [ 0, 8, 1, 8.5 ], "texture": "#main" }, 
                "south": { "uv": [ 0, 8, 1, 8.5 ], "texture": "#main" }, 
                "west":  { "uv": [ 0, 8, 1, 8.5 ], "texture": "#main" }, 
                "up":    { "uv": [ 0, 8, 1, 9 ], "texture": "#main" }, 
                "down":  { "uv": [ 0, 8, 1, 9 ], "texture": "#main" }
            }
        }, 
        {
            "from": [ 7, -16, 7 ], 
            "to":   [ 9, 16, 9 ], 
            "faces": {
                "north": { "uv": [ 6, 8, 6.5, 16 ], "texture": "#main" }, 
                "east":  { "uv": [ 7.5, 8, 8, 16 ], "texture": "#main" }, 
                "south": { "uv": [ 6.5, 8, 7, 16 ], "texture": "#main" }, 
                "west":  { "uv": [ 7, 8, 7.5, 16 ], "texture": "#main" }, 
                "up":    { "uv": [ 7.5, 15, 8, 15.5 ], "texture": "#main" }, 
                "down":  { "uv": [ 7.5, 15.5, 8, 16 ], "texture": "#main" }
            }
        }, 
        {
            "from": [ 7.5, 16, 7.5 ], 
            "to":   [ 8.5, 17, 8.5 ], 
            "faces": {
                "north": { "uv": [ 0, 8, 0.5, 8.5 ], "texture": "#main" }, 
                "east":  { "uv": [ 0, 8, 0.5, 8.5 ], "texture": "#main" }, 
                "south": { "uv": [ 0, 8, 0.5, 8.5 ], "texture": "#main" }, 
                "west":  { "uv": [ 0, 8, 0.5, 8.5 ], "texture": "#main" }, 
                "up":    { "uv": [ 0, 8, 0.5, 8.5 ], "texture": "#main" }, 
                "down":  { "uv": [ 0, 8, 0.5, 8.5 ], "texture": "#main" }
            }
        }, 
        {
            "from": [ 7, 19, 7 ], 
            "to":   [ 9, 20, 9 ], 
            "faces": {
                "north": { "uv": [ 0, 12, 1, 12.5 ], "texture": "#main" }, 
                "east":  { "uv": [ 0, 12, 1, 12.5 ], "texture": "#main" }, 
                "south": { "uv": [ 0, 12, 1, 12.5 ], "texture": "#main" }, 
                "west":  { "uv": [ 0, 12, 1, 12.5 ], "texture": "#main" }, 
                "up":    { "uv": [ 0, 13, 1, 14 ], "texture": "#main" }, 
                "down":  { "uv": [ 0, 14, 1, 15 ], "texture": "#main" }
            }
        }, 
        {
            "from": [ 7, 22, 7 ], 
            "to":   [ 9, 23, 9 ], 
            "faces": {
                "north": { "uv": [ 0, 12, 1, 12.5 ], "texture": "#main" }, 
                "east":  { "uv": [ 0, 12, 1, 12.5 ], "texture": "#main" }, 
                "south": { "uv": [ 0, 12, 1, 12.5 ], "texture": "#main" }, 
                "west":  { "uv": [ 0, 12, 1, 12.5 ], "texture": "#main" }, 
                "up":    { "uv": [ 0, 13, 1, 14 ], "texture": "#main" }, 
                "down":  { "uv": [ 0, 14, 1, 15 ], "texture": "#main" }
            }
        }, 
        {
            "from": [ 7, 29, 7 ], 
            "to":   [ 9, 30, 9 ], 
            "faces": {
                "north": { "uv": [ 0, 12, 1, 12.5 ], "texture": "#main" }, 
                "east":  { "uv": [ 0, 12, 1, 12.5 ], "texture": "#main" }, 
                "south": { "uv": [ 0, 12, 1, 12.5 ], "texture": "#main" }, 
                "west":  { "uv": [ 0, 12, 1, 12.5 ], "texture": "#main" }, 
                "up":    { "uv": [ 0, 13, 1, 14 ], "texture": "#main" }, 
                "down":  { "uv": [ 0, 14, 1, 15 ], "texture": "#main" }
            }
        }, 
        {
            "from": [ -1.75, 24, 9.5 ], 
            "to":   [ 2.25, 28, 13.5 ], 
            "rotation": { "angle": 45, "axis": "y", "origin": [0, 0, 0] }, 
            "faces": {
                "north": { "uv": [ 3.5, 8, 5.5, 10 ], "texture": "#main" }, 
                "east":  { "uv": [ 3.5, 8.5, 5.5, 10.5 ], "texture": "#main" }, 
                "south": { "uv": [ 3, 8, 5, 10 ], "texture": "#main" }, 
                "west":  { "uv": [ 3.5, 8.5, 5.5, 10.5 ], "texture": "#main" }, 
                "up":    { "uv": [ 3, 8.5, 5, 10.5 ], "texture": "#main" }, 
                "down":  { "uv": [ 3, 8, 5, 10 ], "texture": "#main" }
            }
        }, 
        {
            "from": [ 4, 20, 7 ], 
            "to":   [ 12, 22, 9 ], 
            "faces": {
                "north": { "uv": [ 0, 12, 4, 13 ], "texture": "#main" }, 
                "east":  { "uv": [ 0, 12, 1, 13 ], "texture": "#main" }, 
                "south": { "uv": [ 0, 12, 4, 13 ], "texture": "#main" }, 
                "west":  { "uv": [ 0, 12, 1, 13 ], "texture": "#main" }, 
                "up":    { "uv": [ 0, 13, 4, 14 ], "texture": "#main" }, 
                "down":  { "uv": [ 0, 14, 4, 15 ], "texture": "#main" }
            }
        }, 
        {
            "from": [ 4, 30, 7 ], 
            "to":   [ 12, 32, 9 ], 
            "faces": {
                "north": { "uv": [ 0, 12, 4, 13 ], "texture": "#main" }, 
                "east":  { "uv": [ 0, 12, 1, 13 ], "texture": "#main" }, 
                "south": { "uv": [ 0, 12, 4, 13 ], "texture": "#main" }, 
                "west":  { "uv": [ 0, 12, 1, 13 ], "texture": "#main" }, 
                "up":    { "uv": [ 0, 13, 4, 14 ], "texture": "#main" }, 
                "down":  { "uv": [ 0, 14, 4, 15 ], "texture": "#main" }
            }
        }, 
        {
            "from": [ 3, 21, 7 ], 
            "to":   [ 4, 22, 9 ], 
            "faces": {
                "north": { "uv": [ 0, 12, 0.5, 12.5 ], "texture": "#main" }, 
                "east":  { "uv": [ 0, 12, 1, 12.5 ], "texture": "#main" }, 
                "south": { "uv": [ 0, 12, 0.5, 12.5 ], "texture": "#main" }, 
                "west":  { "uv": [ 0, 12, 1, 12.5 ], "texture": "#main" }, 
                "up":    { "uv": [ 0, 13, 0.5, 14 ], "texture": "#main" }, 
                "down":  { "uv": [ 0, 14, 0.5, 15 ], "texture": "#main" }
            }
        }, 
        {
            "from": [ 12, 21, 7 ], 
            "to":   [ 13, 22, 9 ], 
            "faces": {
                "north": { "uv": [ 0, 12, 0.5, 12.5 ], "texture": "#main" }, 
                "east":  { "uv": [ 0, 12, 1, 12.5 ], "texture": "#main" }, 
                "south": { "uv": [ 0, 12, 0.5, 12.5 ], "texture": "#main" }, 
                "west":  { "uv": [ 0, 12, 1, 12.5 ], "texture": "#main" }, 
                "up":    { "uv": [ 0, 13, 0.5, 14 ], "texture": "#main" }, 
                "down":  { "uv": [ 0, 14, 0.5, 15 ], "texture": "#main" }
            }
        }, 
        {
            "from": [ 12, 30, 7 ], 
            "to":   [ 13, 31, 9 ], 
            "faces": {
                "north": { "uv": [ 0, 12, 0.5, 12.5 ], "texture": "#main" }, 
                "east":  { "uv": [ 0, 12, 1, 12.5 ], "texture": "#main" }, 
                "south": { "uv": [ 0, 12, 0.5, 12.5 ], "texture": "#main" }, 
                "west":  { "uv": [ 0, 12, 1, 12.5 ], "texture": "#main" }, 
                "up":    { "uv": [ 0, 13, 0.5, 14 ], "texture": "#main" }, 
                "down":  { "uv": [ 0, 14, 0.5, 15 ], "texture": "#main" }
            }
        }, 
        {
            "from": [ 3, 30, 7 ], 
            "to":   [ 4, 31, 9 ], 
            "faces": {
                "north": { "uv": [ 0, 12, 0.5, 12.5 ], "texture": "#main" }, 
                "east":  { "uv": [ 0, 12, 1, 12.5 ], "texture": "#main" }, 
                "south": { "uv": [ 0, 12, 0.5, 12.5 ], "texture": "#main" }, 
                "west":  { "uv": [ 0, 12, 1, 12.5 ], "texture": "#main" }, 
                "up":    { "uv": [ 0, 13, 0.5, 14 ], "texture": "#main" }, 
                "down":  { "uv": [ 0, 14, 0.5, 15 ], "texture": "#main" }
            }
        }, 
        {
            "from": [ 2, 22, 7 ], 
            "to":   [ 4, 30, 9 ], 
            "faces": {
                "north": { "uv": [ 0, 12, 1, 16 ], "texture": "#main" }, 
                "east":  { "uv": [ 0, 12, 1, 16 ], "texture": "#main" }, 
                "south": { "uv": [ 0, 12, 1, 16 ], "texture": "#main" }, 
                "west":  { "uv": [ 0, 12, 1, 16 ], "texture": "#main" }, 
                "up":    { "uv": [ 0, 13, 1, 14 ], "texture": "#main" }, 
                "down":  { "uv": [ 0, 14, 1, 15 ], "texture": "#main" }
            }
        }, 
        {
            "from": [ 12, 26, 7 ], 
            "to":   [ 14, 30, 9 ], 
            "faces": {
                "north": { "uv": [ 0, 12, 1, 14 ], "texture": "#main" }, 
                "east":  { "uv": [ 0, 12, 1, 14 ], "texture": "#main" }, 
                "south": { "uv": [ 0, 12, 1, 14 ], "texture": "#main" }, 
                "west":  { "uv": [ 0, 12, 1, 14 ], "texture": "#main" }, 
                "up":    { "uv": [ 0, 13, 1, 14 ], "texture": "#main" }, 
                "down":  { "uv": [ 0, 14, 1, 15 ], "texture": "#main" }
            }
        }, 
        {
            "from": [ 6, 18, 6 ], 
            "to":   [ 10, 19, 10 ], 
            "faces": {
                "north": { "uv": [ 0, 12, 2, 12.5 ], "texture": "#main" }, 
                "east":  { "uv": [ 0, 12, 2, 12.5 ], "texture": "#main" }, 
                "south": { "uv": [ 0, 12, 2, 12.5 ], "texture": "#main" }, 
                "west":  { "uv": [ 0, 12, 2, 12.5 ], "texture": "#main" }, 
                "up":    { "uv": [ 0, 13, 2, 15 ], "texture": "#main" }, 
                "down":  { "uv": [ 0, 14, 2, 16 ], "texture": "#main" }
            }
        }, 
        {
            "from": [ 7, 17, 7 ], 
            "to":   [ 9, 18, 9 ], 
            "faces": {
                "north": { "uv": [ 8, 8, 9, 8.5 ], "texture": "#main" }, 
                "east":  { "uv": [ 8, 8, 9, 8.5 ], "texture": "#main" }, 
                "south": { "uv": [ 8, 8, 9, 8.5 ], "texture": "#main" }, 
                "west":  { "uv": [ 8, 8, 9, 8.5 ], "texture": "#main" }, 
                "up":    { "uv": [ 8, 8, 9, 9 ], "texture": "#main" }, 
                "down":  { "uv": [ 8, 8, 9, 9 ], "texture": "#main" }
            }
        }, 
        {
            "from": [ 7, -16, 7 ], 
            "to":   [ 9, 16, 9 ], 
            "faces": {
                "north": { "uv": [ 14, 8, 14.5, 16 ], "texture": "#main" }, 
                "east":  { "uv": [ 15.5, 8, 16, 16 ], "texture": "#main" }, 
                "south": { "uv": [ 14.5, 8, 15, 16 ], "texture": "#main" }, 
                "west":  { "uv": [ 15, 8, 15.5, 16 ], "texture": "#main" }, 
                "up":    { "uv": [ 15.5, 15, 16, 15.5 ], "texture": "#main" }, 
                "down":  { "uv": [ 15.5, 15.5, 16, 16 ], "texture": "#main" }
            }
        }, 
        {
            "from": [ 7.5, 16, 7.5 ], 
            "to":   [ 8.5, 17, 8.5 ], 
            "faces": {
                "north": { "uv": [ 8, 8, 8.5, 8.5 ], "texture": "#main" }, 
                "east":  { "uv": [ 8, 8, 8.5, 8.5 ], "texture": "#main" }, 
                "south": { "uv": [ 8, 8, 8.5, 8.5 ], "texture": "#main" }, 
                "west":  { "uv": [ 8, 8, 8.5, 8.5 ], "texture": "#main" }, 
                "up":    { "uv": [ 8, 8, 8.5, 8.5 ], "texture": "#main" }, 
                "down":  { "uv": [ 8, 8, 8.5, 8.5 ], "texture": "#main" }
            }
        }, 
        {
            "from": [ 7, 19, 7 ], 
            "to":   [ 9, 20, 9 ], 
            "faces": {
                "north": { "uv": [ 8, 12, 9, 12.5 ], "texture": "#main" }, 
                "east":  { "uv": [ 8, 12, 9, 12.5 ], "texture": "#main" }, 
                "south": { "uv": [ 8, 12, 9, 12.5 ], "texture": "#main" }, 
                "west":  { "uv": [ 8, 12, 9, 12.5 ], "texture": "#main" }, 
                "up":    { "uv": [ 8, 13, 9, 14 ], "texture": "#main" }, 
                "down":  { "uv": [ 8, 14, 9, 15 ], "texture": "#main" }
            }
        }, 
        {
            "from": [ 7, 22, 7 ], 
            "to":   [ 9, 23, 9 ], 
            "faces": {
                "north": { "uv": [ 8, 12, 9, 12.5 ], "texture": "#main" }, 
                "east":  { "uv": [ 8, 12, 9, 12.5 ], "texture": "#main" }, 
                "south": { "uv": [ 8, 12, 9, 12.5 ], "texture": "#main" }, 
                "west":  { "uv": [ 8, 12, 9, 12.5 ], "texture": "#main" }, 
                "up":    { "uv": [ 8, 13, 9, 14 ], "texture": "#main" }, 
                "down":  { "uv": [ 8, 14, 9, 15 ], "texture": "#main" }
            }
        }, 
        {
            "from": [ 7, 29, 7 ], 
            "to":   [ 9, 30, 9 ], 
            "faces": {
                "north": { "uv": [ 8, 12, 9, 12.5 ], "texture": "#main" }, 
                "east":  { "uv": [ 8, 12, 9, 12.5 ], "texture": "#main" }, 
                "south": { "uv": [ 8, 12, 9, 12.5 ], "texture": "#main" }, 
                "west":  { "uv": [ 8, 12, 9, 12.5 ], "texture": "#main" }, 
                "up":    { "uv": [ 8, 13, 9, 14 ], "texture": "#main" }, 
                "down":  { "uv": [ 8, 14, 9, 15 ], "texture": "#main" }
            }
        }, 
        {
            "from": [ 8.75, 24, 2.25 ], 
            "to":   [ 12.75, 28, 6.25 ], 
            "rotation": { "angle": -22.5, "axis": "y", "origin": [0, 0, 0] }, 
            "faces": {
                "north": { "uv": [ 11.5, 8.5, 13.5, 10.5 ], "texture": "#main" }, 
                "east":  { "uv": [ 11, 8, 13, 10 ], "texture": "#main" }, 
                "south": { "uv": [ 11.5, 8.5, 13.5, 10.5 ], "texture": "#main" }, 
                "west":  { "uv": [ 11.5, 8, 13.5, 10 ], "texture": "#main" }, 
                "up":    { "uv": [ 11, 8.5, 13, 10.5 ], "rotation":270, "texture": "#main" }, 
                "down":  { "uv": [ 11, 8, 13, 10 ], "rotation":90, "texture": "#main" }
            }
        }, 
        {
            "from": [ 4, 20, 7 ], 
            "to":   [ 12, 22, 9 ], 
            "faces": {
                "north": { "uv": [ 8, 12, 12, 13 ], "texture": "#main" }, 
                "east":  { "uv": [ 8, 12, 9, 13 ], "texture": "#main" }, 
                "south": { "uv": [ 8, 12, 12, 13 ], "texture": "#main" }, 
                "west":  { "uv": [ 8, 12, 9, 13 ], "texture": "#main" }, 
                "up":    { "uv": [ 8, 13, 12, 14 ], "texture": "#main" }, 
                "down":  { "uv": [ 8, 14, 12, 15 ], "texture": "#main" }
            }
        }, 
        {
            "from": [ 4, 30, 7 ], 
            "to":   [ 12, 32, 9 ], 
            "faces": {
                "north": { "uv": [ 8, 12, 12, 13 ], "texture": "#main" }, 
                "east":  { "uv": [ 8, 12, 9, 13 ], "texture": "#main" }, 
                "south": { "uv": [ 8, 12, 12, 13 ], "texture": "#main" }, 
                "west":  { "uv": [ 8, 12, 9, 13 ], "texture": "#main" }, 
                "up":    { "uv": [ 8, 13, 12, 14 ], "texture": "#main" }, 
                "down":  { "uv": [ 8, 14, 12, 15 ], "texture": "#main" }
            }
        }, 
        {
            "from": [ 3, 21, 7 ], 
            "to":   [ 4, 22, 9 ], 
            "faces": {
                "north": { "uv": [ 8, 12, 8.5, 12.5 ], "texture": "#main" }, 
                "east":  { "uv": [ 8, 12, 9, 12.5 ], "texture": "#main" }, 
                "south": { "uv": [ 8, 12, 8.5, 12.5 ], "texture": "#main" }, 
                "west":  { "uv": [ 8, 12, 9, 12.5 ], "texture": "#main" }, 
                "up":    { "uv": [ 8, 13, 8.5, 14 ], "texture": "#main" }, 
                "down":  { "uv": [ 8, 14, 8.5, 15 ], "texture": "#main" }
            }
        }, 
        {
            "from": [ 12, 21, 7 ], 
            "to":   [ 13, 22, 9 ], 
            "faces": {
                "north": { "uv": [ 8, 12, 8.5, 12.5 ], "texture": "#main" }, 
                "east":  { "uv": [ 8, 12, 9, 12.5 ], "texture": "#main" }, 
                "south": { "uv": [ 8, 12, 8.5, 12.5 ], "texture": "#main" }, 
                "west":  { "uv": [ 8, 12, 9, 12.5 ], "texture": "#main" }, 
                "up":    { "uv": [ 8, 13, 8.5, 14 ], "texture": "#main" }, 
                "down":  { "uv": [ 8, 14, 8.5, 15 ], "texture": "#main" }
            }
        }, 
        {
            "from": [ 12, 30, 7 ], 
            "to":   [ 13, 31, 9 ], 
            "faces": {
                "north": { "uv": [ 8, 12, 8.5, 12.5 ], "texture": "#main" }, 
                "east":  { "uv": [ 8, 12, 9, 12.5 ], "texture": "#main" }, 
                "south": { "uv": [ 8, 12, 8.5, 12.5 ], "texture": "#main" }, 
                "west":  { "uv": [ 8, 12, 9, 12.5 ], "texture": "#main" }, 
                "up":    { "uv": [ 8, 13, 8.5, 14 ], "texture": "#main" }, 
                "down":  { "uv": [ 8, 14, 8.5, 15 ], "texture": "#main" }
            }
        }, 
        {
            "from": [ 3, 30, 7 ], 
            "to":   [ 4, 31, 9 ], 
            "faces": {
                "north": { "uv": [ 8, 12, 8.5, 12.5 ], "texture": "#main" }, 
                "east":  { "uv": [ 8, 12, 9, 12.5 ], "texture": "#main" }, 
                "south": { "uv": [ 8, 12, 8.5, 12.5 ], "texture": "#main" }, 
                "west":  { "uv": [ 8, 12, 9, 12.5 ], "texture": "#main" }, 
                "up":    { "uv": [ 8, 13, 8.5, 14 ], "texture": "#main" }, 
                "down":  { "uv": [ 8, 14, 8.5, 15 ], "texture": "#main" }
            }
        }, 
        {
            "from": [ 2, 22, 7 ], 
            "to":   [ 4, 30, 9 ], 
            "faces": {
                "north": { "uv": [ 8, 12, 9, 16 ], "texture": "#main" }, 
                "east":  { "uv": [ 8, 12, 9, 16 ], "texture": "#main" }, 
                "south": { "uv": [ 8, 12, 9, 16 ], "texture": "#main" }, 
                "west":  { "uv": [ 8, 12, 9, 16 ], "texture": "#main" }, 
                "up":    { "uv": [ 8, 13, 9, 14 ], "texture": "#main" }, 
                "down":  { "uv": [ 8, 14, 9, 15 ], "texture": "#main" }
            }
        }, 
        {
            "from": [ 12, 26, 7 ], 
            "to":   [ 14, 30, 9 ], 
            "faces": {
                "north": { "uv": [ 8, 12, 9, 14 ], "texture": "#main" }, 
                "east":  { "uv": [ 8, 12, 9, 14 ], "texture": "#main" }, 
                "south": { "uv": [ 8, 12, 9, 14 ], "texture": "#main" }, 
                "west":  { "uv": [ 8, 12, 9, 14 ], "texture": "#main" }, 
                "up":    { "uv": [ 8, 13, 9, 14 ], "texture": "#main" }, 
                "down":  { "uv": [ 8, 14, 9, 15 ], "texture": "#main" }
            }
        }, 
        {
            "from": [ 6, 18, 6 ], 
            "to":   [ 10, 19, 10 ], 
            "faces": {
                "north": { "uv": [ 8, 12, 10, 12.5 ], "texture": "#main" }, 
                "east":  { "uv": [ 8, 12, 10, 12.5 ], "texture": "#main" }, 
                "south": { "uv": [ 8, 12, 10, 12.5 ], "texture": "#main" }, 
                "west":  { "uv": [ 8, 12, 10, 12.5 ], "texture": "#main" }, 
                "up":    { "uv": [ 8, 13, 10, 15 ], "texture": "#main" }, 
                "down":  { "uv": [ 8, 14, 10, 16 ], "texture": "#main" }
            }
        }
    ], 
    "display": {
        "thirdperson_righthand": {
            "rotation": [ 0, 90, 0 ], 
            "translation": [ -0.5, -1, 1.5 ], 
            "scale": [ 0.8, 0.8, 0.8 ]
        }, 
        "thirdperson_lefthand": {
            "rotation": [ 0, -90, 0 ], 
            "translation": [ -0.5, 0, 1.5 ], 
            "scale": [ 0.8, 0.8, 0.8 ]
        }, 
        "firstperson_righthand": {
            "rotation": [ 0, 87, 0 ], 
            "translation": [ 0, -1, 0 ]
        }, 
        "firstperson_lefthand": {
            "rotation": [ 0, -87, 0 ], 
            "translation": [ 0, -1.25, 0 ]
        }, 
        "ground": {
            "rotation": [ 0, 0, 40 ], 
            "translation": [ 0, 3.75, 0 ], 
            "scale": [ 0.25, 0.25, 0.25 ]
        }, 
        "gui": {
            "rotation": [ -15, -17, -42 ], 
            "translation": [ 0, -0.25, 0 ], 
            "scale": [ 0.38, 0.38, 0.38 ]
        }, 
        "fixed": {
            "translation": [ 0, -2, -0.25 ], 
            "scale": [ 1.2, 1.2, 1.2 ]
        }
    }, 
    "__comment": "Model animated using Fizzy's model animator - http://fizzy81.github.io/animated-models/"
}