{
	"credit": "Made with Blockbench",
	"textures": {
		"./middle_side",
		"./bottom",
		"./lower_side",
		"./lower_side",
		"./top",
		"./lower_top",
		"./top_side",
		"./lower_top"
	},
	"elements": [
		{
			"name": "lower_cake",
			"from": [1, 0, 1],
			"to": [15, 8, 15],
			"faces": {
				"north": {"uv": [1, 8, 15, 16], "texture": "#lower_side"},
				"east": {"uv": [1, 8, 15, 16], "texture": "#lower_side"},
				"south": {"uv": [1, 8, 15, 16], "texture": "#lower_side"},
				"west": {"uv": [1, 8, 15, 16], "texture": "#lower_side"},
				"up": {"uv": [1, 1, 15, 15], "texture": "#lower_top"},
				"down": {"uv": [1, 1, 15, 15], "texture": "#bottom"}
			}
		},
		{
			"name": "middle_cake",
			"from": [2, 8, 2],
			"to": [14, 15, 14],
			"faces": {
				"north": {"uv": [2, 9, 14, 16], "texture": "#middle_side"},
				"east": {"uv": [2, 9, 14, 16], "texture": "#middle_side"},
				"south": {"uv": [2, 9, 14, 16], "texture": "#middle_side"},
				"west": {"uv": [2, 9, 14, 16], "texture": "#middle_side"},
				"up": {"uv": [2, 2, 14, 14], "texture": "#middle_top"}
			}
		},
		{
			"name": "top_cake",
			"from": [3, 15, 3],
			"to": [13, 21, 13],
			"faces": {
				"north": {"uv": [3, 10, 13, 16], "texture": "#top_side"},
				"east": {"uv": [3, 10, 13, 16], "texture": "#top_side"},
				"south": {"uv": [3, 10, 13, 16], "texture": "#top_side"},
				"west": {"uv": [3, 10, 13, 16], "texture": "#top_side"},
				"up": {"uv": [3, 3, 13, 13], "texture": "#top"}
			}
		}
	],
	"display": {
		"thirdperson_righthand": {
			"translation": [0, 4, 0],
			"scale": [0.7, 0.7, 0.7]
		},
		"thirdperson_lefthand": {
			"translation": [0, 4, 0],
			"scale": [0.7, 0.7, 0.7]
		},
		"ground": {
			"translation": [0, 2.75, 0],
			"scale": [0.8, 0.8, 0.8]
		},
		"gui": {
			"rotation": [17, 35, 0],
			"translation": [0, -1, 0],
			"scale": [0.5, 0.5, 0.5]
		},
		"fixed": {
			"rotation": [-90, 0, 0],
			"translation": [0, 0, -13.5],
			"scale": [1.8, 1.8, 1.8]
		}
	}
}