{
	"credit": "Made with Blockbench",
	"textures": {
		"particle": "./sword1",
		"texture": "./sword1"
	},
	"elements": [
		{
			"from": [7.5, 1.5, 7],
			"to": [8.5, 6.75, 9],
			"faces": {
				"north": {"uv": [5.5, 10.5, 6.5, 14.5], "texture": "#texture"},
				"east": {"uv": [5, 10.5, 7, 14.5], "texture": "#texture"},
				"south": {"uv": [5.5, 10.5, 6.5, 14.5], "texture": "#texture"},
				"west": {"uv": [5, 10.5, 7, 14.5], "texture": "#texture"}
			}
		},
		{
			"from": [7.25, 0.5, 6.5],
			"to": [8.75, 1.5, 9.5],
			"faces": {
				"north": {"uv": [5.5, 14.5, 6.5, 15.5], "texture": "#texture"},
				"east": {"uv": [4.5, 14.5, 7.5, 15.5], "texture": "#texture"},
				"south": {"uv": [5.5, 14.5, 6.5, 15.5], "texture": "#texture"},
				"west": {"uv": [4.5, 14.5, 7.5, 15.5], "texture": "#texture"},
				"up": {"uv": [4.5, 14.5, 7.5, 15.5], "rotation": 90, "texture": "#texture"},
				"down": {"uv": [4.5, 14.5, 7.5, 15.5], "rotation": 270, "texture": "#texture"}
			}
		},
		{
			"from": [7.25, 0, 7],
			"to": [8.75, 0.5, 9],
			"faces": {
				"north": {"uv": [5.5, 15.5, 6.5, 16], "texture": "#texture"},
				"east": {"uv": [5, 15.5, 7, 16], "texture": "#texture"},
				"south": {"uv": [5.5, 15.5, 6.5, 16], "texture": "#texture"},
				"west": {"uv": [5, 15.5, 7, 16], "texture": "#texture"},
				"down": {"uv": [5, 15.5, 7, 16], "rotation": 270, "texture": "#texture"}
			}
		},
		{
			"from": [7.25, 6.5, 6.5],
			"to": [8.75, 7, 9.5],
			"rotation": {"angle": 0, "axis": "y", "origin": [8, 9, 8]},
			"faces": {
				"north": {"uv": [5, 9.5, 6.5, 10], "texture": "#texture"},
				"east": {"uv": [4.5, 10, 7.5, 10.5], "texture": "#texture"},
				"south": {"uv": [5, 9.5, 6.5, 10], "texture": "#texture"},
				"west": {"uv": [4.5, 10, 7.5, 10.5], "texture": "#texture"},
				"down": {"uv": [4.5, 10, 7.5, 10.5], "rotation": 270, "texture": "#texture"}
			}
		},
		{
			"from": [7.25, 7, 5],
			"to": [8.75, 7.5, 11],
			"rotation": {"angle": 0, "axis": "y", "origin": [8, 9, 8]},
			"faces": {
				"north": {"uv": [5, 9.5, 6.5, 10], "texture": "#texture"},
				"east": {"uv": [3, 9.5, 9, 10], "texture": "#texture"},
				"south": {"uv": [5, 9.5, 6.5, 10], "texture": "#texture"},
				"west": {"uv": [3, 9.5, 9, 10], "texture": "#texture"},
				"down": {"uv": [3, 9.5, 9, 10], "rotation": 270, "texture": "#texture"}
			}
		},
		{
			"from": [7.25, 7.5, 4.5],
			"to": [8.75, 8, 11.5],
			"rotation": {"angle": 0, "axis": "y", "origin": [8, 9, 8]},
			"faces": {
				"north": {"uv": [5, 9, 6.5, 9.5], "texture": "#texture"},
				"east": {"uv": [2.5, 9, 9.5, 9.5], "texture": "#texture"},
				"south": {"uv": [5, 9, 6.5, 9.5], "texture": "#texture"},
				"west": {"uv": [2.5, 9, 9.5, 9.5], "texture": "#texture"},
				"up": {"uv": [2.5, 9, 9.5, 9.5], "rotation": 90, "texture": "#texture"},
				"down": {"uv": [2.5, 9, 9.5, 9.5], "rotation": 270, "texture": "#texture"}
			}
		},
		{
			"from": [7.25, 8, 4.5],
			"to": [8.75, 8.5, 6],
			"rotation": {"angle": 0, "axis": "y", "origin": [8, 9, 8]},
			"faces": {
				"north": {"uv": [2.5, 8.5, 4, 9], "texture": "#texture"},
				"east": {"uv": [2.5, 8.5, 4, 9], "texture": "#texture"},
				"south": {"uv": [2.5, 8.5, 4, 9], "texture": "#texture"},
				"west": {"uv": [2.5, 8.5, 4, 9], "texture": "#texture"},
				"up": {"uv": [2.5, 8.5, 4, 9], "rotation": 90, "texture": "#texture"}
			}
		},
		{
			"from": [7.25, 8, 10],
			"to": [8.75, 8.5, 11.5],
			"rotation": {"angle": 0, "axis": "y", "origin": [8, 9, 8]},
			"faces": {
				"north": {"uv": [8, 8.5, 9.5, 9], "texture": "#texture"},
				"east": {"uv": [8, 8.5, 9.5, 9], "texture": "#texture"},
				"south": {"uv": [8, 8.5, 9.5, 9], "texture": "#texture"},
				"west": {"uv": [8, 8.5, 9.5, 9], "texture": "#texture"},
				"up": {"uv": [8, 8.5, 9.5, 9], "rotation": 90, "texture": "#texture"}
			}
		},
		{
			"from": [7.75, 7, 7],
			"to": [8.25, 16, 9],
			"faces": {
				"north": {"uv": [5, 0, 5.5, 9], "texture": "#texture"},
				"east": {"uv": [5, 0, 7, 9], "texture": "#texture"},
				"south": {"uv": [6.5, 0, 7, 9], "texture": "#texture"},
				"west": {"uv": [5, 0, 7, 9], "texture": "#texture"}
			}
		},
		{
			"from": [7.75, 16, 7],
			"to": [8.25, 28, 9],
			"faces": {
				"north": {"uv": [10.5, 4, 11, 16], "texture": "#texture"},
				"east": {"uv": [10.5, 4, 12.5, 16], "texture": "#texture"},
				"south": {"uv": [12, 4, 12.5, 16], "texture": "#texture"},
				"west": {"uv": [10.5, 4, 12.5, 16], "texture": "#texture"},
				"up": {"uv": [11, 6.5, 11.5, 8.5], "texture": "#texture"}
			}
		},
		{
			"from": [7.75, 28, 7.5],
			"to": [8.25, 29, 8.5],
			"faces": {
				"north": {"uv": [11, 3, 11.5, 4], "texture": "#texture"},
				"east": {"uv": [11, 3, 12, 4], "texture": "#texture"},
				"south": {"uv": [11, 3, 11.5, 4], "texture": "#texture"},
				"west": {"uv": [11, 3, 12, 4], "texture": "#texture"},
				"up": {"uv": [11, 3, 11.5, 4], "texture": "#texture"}
			}
		}
	],
	"display": {
		"thirdperson_righthand": {
			"translation": [0, 1.75, 1.89],
			"scale": [1, 0.96, 1.1]
		},
		"thirdperson_lefthand": {
			"translation": [0, 2, 1.5]
		},
		"firstperson_righthand": {
			"rotation": [-2.25, 6.25, -0.5],
			"translation": [3.25, -0.5, -4.35]
		},
		"firstperson_lefthand": {
			"rotation": [-6.75, 0, 0],
			"translation": [1, -0.25, -2.5]
		},
		"ground": {
			"rotation": [45, 0, 0],
			"translation": [0, 3.97, 0],
			"scale": [0.8, 0.6, 0.6]
		},
		"gui": {
			"rotation": [-90, -45, -90],
			"translation": [-2.83, -2.52, 0],
			"scale": [0.65, 0.65, 0.65]
		},
		"head": {
			"rotation": [-90, 54, 90],
			"scale": [1.6, 1.6, 1.6]
		},
		"fixed": {
			"rotation": [0, -90, 0],
			"translation": [0.5, -8.25, 0.25],
			"scale": [2.65, 1.7, 1.7]
		}
	}
}