{
	"credit": "Made with Blockbench",
	"textures": {
		"0": "./crewmate",
		"1": "./crewmate"
	},
	"elements": [
		{
			"from": [5, 2, 6],
			"to": [11, 10, 9],
			"rotation": {"angle": 0, "axis": "y", "origin": [13, 10, 15]},
			"faces": {
				"north": {"uv": [0, 2, 6, 10], "texture": "#0"},
				"east": {"uv": [0, 0, 3, 8], "texture": "#0"},
				"south": {"uv": [0, 0, 6, 8], "texture": "#0"},
				"west": {"uv": [0, 0, 3, 8], "texture": "#0"},
				"up": {"uv": [5, 5, 11, 8], "texture": "#0"},
				"down": {"uv": [0, 0, 6, 3], "texture": "#0"}
			}
		},
		{
			"from": [5, 0, 6.5],
			"to": [7, 2, 8.5],
			"rotation": {"angle": 0, "axis": "y", "origin": [13, 8, 15.5]},
			"faces": {
				"north": {"uv": [0, 0, 2, 2], "texture": "#0"},
				"east": {"uv": [0, 0, 2, 2], "texture": "#0"},
				"south": {"uv": [0, 0, 2, 2], "texture": "#0"},
				"west": {"uv": [0, 0, 2, 2], "texture": "#0"},
				"up": {"uv": [0, 0, 2, 2], "texture": "#0"},
				"down": {"uv": [0, 0, 2, 2], "texture": "#0"}
			}
		},
		{
			"from": [5.5, 2.5, 9],
			"to": [10.5, 8.5, 11],
			"rotation": {"angle": 0, "axis": "y", "origin": [13.5, 9.5, 18]},
			"faces": {
				"north": {"uv": [2, 0, 7, 6], "texture": "#0"},
				"east": {"uv": [0, 0, 2, 6], "texture": "#0"},
				"south": {"uv": [0, 0, 5, 6], "texture": "#0"},
				"west": {"uv": [0, 0, 2, 6], "texture": "#0"},
				"up": {"uv": [5, 5, 10, 7], "texture": "#0"},
				"down": {"uv": [0, 0, 5, 2], "texture": "#0"}
			}
		},
		{
			"from": [9.5, 6, 5],
			"to": [10.5, 8, 6],
			"rotation": {"angle": 0, "axis": "y", "origin": [16.5, 12, 12]},
			"faces": {
				"north": {"uv": [7, 3, 8, 5], "texture": "#1"},
				"east": {"uv": [6, 3, 7, 5], "texture": "#1"},
				"south": {"uv": [0, 0, 1, 2], "texture": "#1"},
				"west": {"uv": [0, 0, 1, 2], "texture": "#1"},
				"up": {"uv": [0, 0, 1, 1], "texture": "#1"},
				"down": {"uv": [6, 3, 7, 4], "texture": "#1"}
			}
		},
		{
			"from": [9, 0, 6.5],
			"to": [11, 2, 8.5],
			"rotation": {"angle": 0, "axis": "y", "origin": [17, 8, 15.5]},
			"faces": {
				"north": {"uv": [0, 0, 2, 2], "texture": "#0"},
				"east": {"uv": [0, 0, 2, 2], "texture": "#0"},
				"south": {"uv": [0, 0, 2, 2], "texture": "#0"},
				"west": {"uv": [0, 0, 2, 2], "texture": "#0"},
				"up": {"uv": [0, 0, 2, 2], "texture": "#0"},
				"down": {"uv": [0, 0, 2, 2], "texture": "#0"}
			}
		},
		{
			"from": [5.5, 8, 5],
			"to": [10.5, 9, 6],
			"rotation": {"angle": 0, "axis": "y", "origin": [13.5, 13, 12]},
			"faces": {
				"north": {"uv": [6, 12, 11, 13], "texture": "#1"},
				"east": {"uv": [6, 11, 7, 12], "texture": "#1"},
				"south": {"uv": [0, 0, 5, 1], "texture": "#1"},
				"west": {"uv": [9, 11, 10, 12], "texture": "#1"},
				"up": {"uv": [5, 11, 10, 12], "texture": "#1"},
				"down": {"uv": [0, 0, 5, 1], "texture": "#1"}
			}
		},
		{
			"from": [5.5, 6, 5],
			"to": [8.5, 7, 6],
			"rotation": {"angle": 0, "axis": "y", "origin": [13.5, 12, 12]},
			"faces": {
				"north": {"uv": [7, 4, 10, 5], "texture": "#1"},
				"east": {"uv": [0, 0, 1, 1], "texture": "#1"},
				"south": {"uv": [0, 0, 3, 1], "texture": "#1"},
				"west": {"uv": [9, 11, 10, 12], "texture": "#1"},
				"up": {"uv": [0, 0, 3, 1], "texture": "#1"},
				"down": {"uv": [7, 4, 10, 5], "texture": "#1"}
			}
		},
		{
			"from": [5.5, 7, 5],
			"to": [6.5, 8, 6],
			"rotation": {"angle": 0, "axis": "y", "origin": [11.5, 13, 12]},
			"faces": {
				"north": {"uv": [9, 4, 10, 5], "texture": "#1"},
				"east": {"uv": [0, 0, 1, 1], "texture": "#1"},
				"south": {"uv": [0, 0, 1, 1], "texture": "#1"},
				"west": {"uv": [9, 11, 10, 12], "texture": "#1"},
				"up": {"uv": [0, 0, 1, 1], "texture": "#1"},
				"down": {"uv": [0, 0, 1, 1], "texture": "#1"}
			}
		},
		{
			"from": [8.5, 6, 5],
			"to": [9.5, 7, 6],
			"rotation": {"angle": 0, "axis": "y", "origin": [14.5, 12, 12]},
			"faces": {
				"north": {"uv": [9, 12, 10, 13], "texture": "#1"},
				"east": {"uv": [0, 0, 1, 1], "texture": "#1"},
				"south": {"uv": [0, 0, 1, 1], "texture": "#1"},
				"west": {"uv": [0, 0, 1, 1], "texture": "#1"},
				"up": {"uv": [0, 0, 1, 1], "texture": "#1"},
				"down": {"uv": [7, 4, 8, 5], "texture": "#1"}
			}
		},
		{
			"from": [6.5, 7, 5],
			"to": [9.5, 8, 6],
			"rotation": {"angle": 0, "axis": "y", "origin": [14.5, 13, 12]},
			"faces": {
				"north": {"uv": [7, 3, 10, 4], "texture": "#1"},
				"east": {"uv": [0, 0, 1, 1], "texture": "#1"},
				"south": {"uv": [0, 0, 3, 1], "texture": "#1"},
				"west": {"uv": [0, 0, 1, 1], "texture": "#1"},
				"up": {"uv": [0, 0, 3, 1], "texture": "#1"},
				"down": {"uv": [0, 0, 3, 1], "texture": "#1"}
			}
		}
	],
	"display": {
		"thirdperson_righthand": {
			"rotation": [62.25, 0, 0],
			"translation": [0, 2.5, 4],
			"scale": [0.65, 0.65, 0.65]
		},
		"thirdperson_lefthand": {
			"rotation": [62.25, 0, 0],
			"translation": [0, 2.5, 4],
			"scale": [0.65, 0.65, 0.65]
		},
		"firstperson_righthand": {
			"rotation": [0, 124, 0],
			"translation": [1, 2.75, 0]
		},
		"firstperson_lefthand": {
			"rotation": [0, 124, 0],
			"translation": [1, 2.75, 0]
		},
		"ground": {
			"translation": [0, 4, 0],
			"scale": [0.6, 0.6, 0.6]
		},
		"gui": {
			"rotation": [28, -136.75, 0],
			"translation": [-0.25, 3.25, 0]
		},
		"fixed": {
			"rotation": [-90, 0, 0],
			"translation": [-0.25, 0, -12.75],
			"scale": [1.7, 1.7, 1.7]
		}
	},
	"groups": [
		{
			"name": "group",
			"origin": [8, 8, 8],
			"children": [0, 1, 2, 3, 4, 5, 6, 7, 8, 9]
		}
	]
}