{
	"credit": "Made with Blockbench",
	"textures": {
		"1": "./white_concrete",
		"3": "./red_terracotta",
		"5": "./brown_concrete",
		"particle": "./red_terracotta"
	},
	"elements": [
		{
			"from": [8.2, 6.9, 8.1],
			"to": [8.6, 8.3, 8.9],
			"faces": {
				"north": {"uv": [0, 0, 0.4, 1.4], "texture": "#5"},
				"east": {"uv": [0, 0, 0.8, 1.4], "texture": "#5"},
				"south": {"uv": [0, 0, 0.4, 1.4], "texture": "#5"},
				"west": {"uv": [0, 0, 0.8, 1.4], "texture": "#5"},
				"up": {"uv": [0, 0, 0.4, 0.8], "texture": "#5"},
				"down": {"uv": [0, 0, 0.4, 0.8], "texture": "#5"}
			}
		},
		{
			"from": [8.2, 3.7, 8.1],
			"to": [8.6, 5.1, 8.9],
			"rotation": {"angle": 0, "axis": "y", "origin": [8, 4.8, 8]},
			"faces": {
				"north": {"uv": [0, 0, 0.4, 1.4], "texture": "#5"},
				"east": {"uv": [0, 0, 0.8, 1.4], "texture": "#5"},
				"south": {"uv": [0, 0, 0.4, 1.4], "texture": "#5"},
				"west": {"uv": [0, 0, 0.8, 1.4], "texture": "#5"},
				"up": {"uv": [0, 0, 0.4, 0.8], "texture": "#5"},
				"down": {"uv": [0, 0, 0.4, 0.8], "texture": "#5"}
			}
		},
		{
			"from": [8.2, 5.3, 8.1],
			"to": [8.6, 6.7, 8.9],
			"rotation": {"angle": 0, "axis": "y", "origin": [8, 6.4, 8]},
			"faces": {
				"north": {"uv": [0, 0, 0.4, 1.4], "texture": "#5"},
				"east": {"uv": [0, 0, 0.8, 1.4], "texture": "#5"},
				"south": {"uv": [0, 0, 0.4, 1.4], "texture": "#5"},
				"west": {"uv": [0, 0, 0.8, 1.4], "texture": "#5"},
				"up": {"uv": [0, 0, 0.4, 0.8], "texture": "#5"},
				"down": {"uv": [0, 0, 0.4, 0.8], "texture": "#5"}
			}
		},
		{
			"from": [8.2, 6.9, 6.1],
			"to": [8.6, 8.3, 6.9],
			"rotation": {"angle": 0, "axis": "y", "origin": [8, 8, 6]},
			"faces": {
				"north": {"uv": [0, 0, 0.4, 1.4], "texture": "#5"},
				"east": {"uv": [0, 0, 0.8, 1.4], "texture": "#5"},
				"south": {"uv": [0, 0, 0.4, 1.4], "texture": "#5"},
				"west": {"uv": [0, 0, 0.8, 1.4], "texture": "#5"},
				"up": {"uv": [0, 0, 0.4, 0.8], "texture": "#5"},
				"down": {"uv": [0, 0, 0.4, 0.8], "texture": "#5"}
			}
		},
		{
			"from": [8.2, 3.7, 6.1],
			"to": [8.6, 5.1, 6.9],
			"rotation": {"angle": 0, "axis": "y", "origin": [8, 4.8, 6]},
			"faces": {
				"north": {"uv": [0, 0, 0.4, 1.4], "texture": "#5"},
				"east": {"uv": [0, 0, 0.8, 1.4], "texture": "#5"},
				"south": {"uv": [0, 0, 0.4, 1.4], "texture": "#5"},
				"west": {"uv": [0, 0, 0.8, 1.4], "texture": "#5"},
				"up": {"uv": [0, 0, 0.4, 0.8], "texture": "#5"},
				"down": {"uv": [0, 0, 0.4, 0.8], "texture": "#5"}
			}
		},
		{
			"from": [8.2, 5.3, 6.1],
			"to": [8.6, 6.7, 6.9],
			"rotation": {"angle": 0, "axis": "y", "origin": [8, 6.4, 6]},
			"faces": {
				"north": {"uv": [0, 0, 0.4, 1.4], "texture": "#5"},
				"east": {"uv": [0, 0, 0.8, 1.4], "texture": "#5"},
				"south": {"uv": [0, 0, 0.4, 1.4], "texture": "#5"},
				"west": {"uv": [0, 0, 0.8, 1.4], "texture": "#5"},
				"up": {"uv": [0, 0, 0.4, 0.8], "texture": "#5"},
				"down": {"uv": [0, 0, 0.4, 0.8], "texture": "#5"}
			}
		},
		{
			"from": [8.2, 6.9, 7.1],
			"to": [8.6, 8.3, 7.9],
			"faces": {
				"north": {"uv": [0, 0, 0.4, 1.4], "texture": "#5"},
				"east": {"uv": [0, 0, 0.8, 1.4], "texture": "#5"},
				"south": {"uv": [0, 0, 0.4, 1.4], "texture": "#5"},
				"west": {"uv": [0, 0, 0.8, 1.4], "texture": "#5"},
				"up": {"uv": [0, 0, 0.4, 0.8], "texture": "#5"},
				"down": {"uv": [0, 0, 0.4, 0.8], "texture": "#5"}
			}
		},
		{
			"from": [8.2, 3.7, 7.1],
			"to": [8.6, 5.1, 7.9],
			"rotation": {"angle": 0, "axis": "y", "origin": [8, 4.8, 8]},
			"faces": {
				"north": {"uv": [0, 0, 0.4, 1.4], "texture": "#5"},
				"east": {"uv": [0, 0, 0.8, 1.4], "texture": "#5"},
				"south": {"uv": [0, 0, 0.4, 1.4], "texture": "#5"},
				"west": {"uv": [0, 0, 0.8, 1.4], "texture": "#5"},
				"up": {"uv": [0, 0, 0.4, 0.8], "texture": "#5"},
				"down": {"uv": [0, 0, 0.4, 0.8], "texture": "#5"}
			}
		},
		{
			"from": [8.2, 5.3, 7.1],
			"to": [8.6, 6.7, 7.9],
			"rotation": {"angle": 0, "axis": "y", "origin": [8, 6.4, 8]},
			"faces": {
				"north": {"uv": [0, 0, 0.4, 1.4], "texture": "#5"},
				"east": {"uv": [0, 0, 0.8, 1.4], "texture": "#5"},
				"south": {"uv": [0, 0, 0.4, 1.4], "texture": "#5"},
				"west": {"uv": [0, 0, 0.8, 1.4], "texture": "#5"},
				"up": {"uv": [0, 0, 0.4, 0.8], "texture": "#5"},
				"down": {"uv": [0, 0, 0.4, 0.8], "texture": "#5"}
			}
		},
		{
			"from": [8.2, 6.9, 5.1],
			"to": [8.6, 8.3, 5.9],
			"rotation": {"angle": 0, "axis": "y", "origin": [8, 8, 6]},
			"faces": {
				"north": {"uv": [0, 0, 0.4, 1.4], "texture": "#5"},
				"east": {"uv": [0, 0, 0.8, 1.4], "texture": "#5"},
				"south": {"uv": [0, 0, 0.4, 1.4], "texture": "#5"},
				"west": {"uv": [0, 0, 0.8, 1.4], "texture": "#5"},
				"up": {"uv": [0, 0, 0.4, 0.8], "texture": "#5"},
				"down": {"uv": [0, 0, 0.4, 0.8], "texture": "#5"}
			}
		},
		{
			"from": [8.2, 3.7, 5.1],
			"to": [8.6, 5.1, 5.9],
			"rotation": {"angle": 0, "axis": "y", "origin": [8, 4.8, 6]},
			"faces": {
				"north": {"uv": [0, 0, 0.4, 1.4], "texture": "#5"},
				"east": {"uv": [0, 0, 0.8, 1.4], "texture": "#5"},
				"south": {"uv": [0, 0, 0.4, 1.4], "texture": "#5"},
				"west": {"uv": [0, 0, 0.8, 1.4], "texture": "#5"},
				"up": {"uv": [0, 0, 0.4, 0.8], "texture": "#5"},
				"down": {"uv": [0, 0, 0.4, 0.8], "texture": "#5"}
			}
		},
		{
			"from": [8.2, 5.3, 5.1],
			"to": [8.6, 6.7, 5.9],
			"rotation": {"angle": 0, "axis": "y", "origin": [8, 6.4, 6]},
			"faces": {
				"north": {"uv": [0, 0, 0.4, 1.4], "texture": "#5"},
				"east": {"uv": [0, 0, 0.8, 1.4], "texture": "#5"},
				"south": {"uv": [0, 0, 0.4, 1.4], "texture": "#5"},
				"west": {"uv": [0, 0, 0.8, 1.4], "texture": "#5"},
				"up": {"uv": [0, 0, 0.4, 0.8], "texture": "#5"},
				"down": {"uv": [0, 0, 0.4, 0.8], "texture": "#5"}
			}
		},
		{
			"from": [8, 0, 5],
			"to": [8.4, 8.4, 9],
			"faces": {
				"north": {"uv": [0, 0, 0.4, 8.4], "texture": "#5"},
				"east": {"uv": [0, 0, 4, 8.4], "texture": "#5"},
				"south": {"uv": [0, 0, 0.4, 8.4], "texture": "#5"},
				"west": {"uv": [0, 0, 4, 8.4], "texture": "#5"},
				"up": {"uv": [0, 0, 0.4, 4], "texture": "#5"},
				"down": {"uv": [0, 0, 0.4, 4], "texture": "#5"}
			}
		},
		{
			"from": [7.9, -0.1, 4.9],
			"to": [8.5, 3.4, 9.1],
			"faces": {
				"north": {"uv": [0, 0, 0.6, 3.5], "texture": "#3"},
				"east": {"uv": [0, 0, 4.2, 3.5], "texture": "#3"},
				"south": {"uv": [0, 0, 0.6, 3.5], "texture": "#3"},
				"west": {"uv": [0, 0, 4.2, 3.5], "texture": "#3"},
				"up": {"uv": [0, 0, 0.6, 4.2], "texture": "#3"},
				"down": {"uv": [0, 0, 0.6, 4.2], "texture": "#3"}
			}
		},
		{
			"from": [7.9, 1.9, 7.6],
			"to": [8.7, 5.125, 9.1],
			"faces": {
				"north": {"uv": [0, 0, 0.8, 3.225], "texture": "#3"},
				"east": {"uv": [0, 0, 1.5, 3.225], "texture": "#3"},
				"south": {"uv": [0, 0, 0.4, 3.5], "texture": "#3"},
				"west": {"uv": [0, 0, 4.2, 3.5], "texture": "#3"},
				"up": {"uv": [0, 0, 0.8, 1.5], "texture": "#3"},
				"down": {"uv": [0, 0, 0.4, 3.5], "texture": "#3"}
			}
		},
		{
			"from": [8.4, 2.2, 6.8],
			"to": [8.7, 4.7, 7.55],
			"faces": {
				"north": {"uv": [0, 0, 0.8, 2.5], "texture": "#1"},
				"east": {"uv": [0, 0, 1.5, 2.5], "texture": "#1"},
				"south": {"uv": [0, 0, 0.8, 2.5], "texture": "#1"},
				"west": {"uv": [0, 0, 4.2, 3.5], "texture": "#missing"},
				"up": {"uv": [0, 0, 0.8, 1.5], "texture": "#1"},
				"down": {"uv": [0, 0, 0.4, 3.5], "texture": "#missing"}
			}
		},
		{
			"from": [8.4, 2.2, 6.075],
			"to": [8.7, 4.1, 6.85],
			"faces": {
				"north": {"uv": [0, 0, 0.8, 1.9], "texture": "#missing"},
				"east": {"uv": [0, 0, 1.525, 1.9], "texture": "#1"},
				"south": {"uv": [0, 0, 0.8, 1.9], "texture": "#1"},
				"west": {"uv": [0, 0, 4.2, 3.5], "texture": "#missing"},
				"up": {"uv": [0, 0, 0.8, 1.525], "texture": "#1"},
				"down": {"uv": [0, 0, 0.8, 1.525], "texture": "#missing"}
			}
		},
		{
			"from": [7.9, 2.1, 4.9],
			"to": [8.3, 5.6, 9.1],
			"faces": {
				"north": {"uv": [0, 0, 0.4, 3.5], "texture": "#3"},
				"east": {"uv": [0, 0, 4.2, 3.5], "texture": "#3"},
				"south": {"uv": [0, 0, 0.4, 3.5], "texture": "#3"},
				"west": {"uv": [0, 0, 4.2, 3.5], "texture": "#3"},
				"up": {"uv": [0, 0, 0.4, 4.2], "texture": "#3"},
				"down": {"uv": [0, 0, 0.4, 4.2], "texture": "#3"}
			}
		}
	],
	"display": {
		"thirdperson_righthand": {
			"rotation": [-6, -126, -1],
			"translation": [0, 4.5, 0],
			"scale": [0.74, 0.74, 0.74]
		},
		"thirdperson_lefthand": {
			"rotation": [-6, -126, -1],
			"translation": [0, 4.5, 0],
			"scale": [-0.74, 0.74, 0.74]
		},
		"firstperson_righthand": {
			"rotation": [-10, -171, -1],
			"translation": [0.75, 5.25, 0],
			"scale": [0.74, 0.74, 0.74]
		},
		"firstperson_lefthand": {
			"rotation": [-10, -171, -1],
			"translation": [0.75, 5.25, 0],
			"scale": [-0.74, 0.74, 0.74]
		},
		"ground": {
			"rotation": [90, 90, 0],
			"translation": [0, -3.25, 2.75],
			"scale": [0.8, 0.8, 0.8]
		},
		"gui": {
			"rotation": [36, -134, 36],
			"translation": [0.75, 5.75, 0],
			"scale": [1.54, 1.54, 1.54]
		},
		"head": {
			"translation": [0, 6.5, 0]
		},
		"fixed": {
			"rotation": [-90, 0, 90],
			"translation": [-7.75, 1.25, 0.25],
			"scale": [2.11, 2.11, 2.11]
		}
	}
}