{
	"credit": "Made with Blockbench",
	"textures": {
		"particle": "./sword2",
		"texture": "./sword2"
	},
	"elements": [
		{
			"from": [7.5, 0.5, 7],
			"to": [8.5, 1.5, 10],
			"faces": {
				"north": {"uv": [5, 14.5, 6, 15.5], "texture": "#texture"},
				"east": {"uv": [4, 14.5, 7, 15.5], "texture": "#texture"},
				"south": {"uv": [5, 14.5, 6, 15.5], "texture": "#texture"},
				"west": {"uv": [4, 14.5, 7, 15.5], "texture": "#texture"},
				"up": {"uv": [4, 14.5, 7, 15.5], "rotation": 90, "texture": "#texture"},
				"down": {"uv": [4, 14.5, 7, 15.5], "rotation": 270, "texture": "#texture"}
			}
		},
		{
			"from": [7.5, 0, 7.5],
			"to": [8.5, 0.5, 9.5],
			"faces": {
				"north": {"uv": [5, 15.5, 6, 16], "texture": "#texture"},
				"east": {"uv": [4.5, 15.5, 6.5, 16], "texture": "#texture"},
				"south": {"uv": [5, 15.5, 6, 16], "texture": "#texture"},
				"west": {"uv": [4.5, 15.5, 6.5, 16], "texture": "#texture"},
				"down": {"uv": [4.5, 15.5, 6.5, 16], "rotation": 270, "texture": "#texture"}
			}
		},
		{
			"from": [7.5, 1.5, 7.5],
			"to": [8.5, 5.75, 9.5],
			"faces": {
				"north": {"uv": [5, 11, 6, 14.5], "texture": "#texture"},
				"east": {"uv": [5, 11, 6, 14.5], "texture": "#texture"},
				"south": {"uv": [5, 11, 6, 14.5], "texture": "#texture"},
				"west": {"uv": [5, 11, 6, 14.5], "texture": "#texture"}
			}
		},
		{
			"from": [7.25, 0.5, 8],
			"to": [8.75, 1.5, 9],
			"faces": {
				"north": {"uv": [5, 14.5, 6.5, 15.5], "texture": "#texture"},
				"east": {"uv": [5, 14.5, 6, 15.5], "texture": "#texture"},
				"south": {"uv": [5, 14.5, 6.5, 15.5], "texture": "#texture"},
				"west": {"uv": [5, 14.5, 6, 15.5], "texture": "#texture"},
				"up": {"uv": [4.5, 14.5, 6, 15.5], "texture": "#texture"},
				"down": {"uv": [4.5, 14.5, 6, 15.5], "texture": "#texture"}
			}
		},
		{
			"from": [7.5, 5.75, 7],
			"to": [8.5, 6.25, 10],
			"rotation": {"angle": 0, "axis": "y", "origin": [8, 8.75, 8]},
			"faces": {
				"north": {"uv": [5, 10.5, 6, 11], "texture": "#texture"},
				"east": {"uv": [4, 10.5, 7, 11], "texture": "#texture"},
				"south": {"uv": [5, 10.5, 6, 11], "texture": "#texture"},
				"west": {"uv": [4, 10.5, 7, 11], "texture": "#texture"},
				"down": {"uv": [4, 10.5, 7, 11], "rotation": 270, "texture": "#texture"}
			}
		},
		{
			"from": [7.5, 5.75, 11],
			"to": [8.5, 6.25, 12],
			"rotation": {"angle": 0, "axis": "y", "origin": [8, 8.75, 8]},
			"faces": {
				"north": {"uv": [8, 10.5, 9, 11], "texture": "#texture"},
				"east": {"uv": [8, 10.5, 9, 11], "texture": "#texture"},
				"south": {"uv": [8, 10.5, 9, 11], "texture": "#texture"},
				"west": {"uv": [8, 10.5, 9, 11], "texture": "#texture"},
				"down": {"uv": [8, 10.5, 9, 11], "texture": "#texture"}
			}
		},
		{
			"from": [7.5, 5.75, 5],
			"to": [8.5, 6.25, 6],
			"rotation": {"angle": 0, "axis": "y", "origin": [8, 8.75, 8]},
			"faces": {
				"north": {"uv": [2, 10.5, 3, 11], "texture": "#texture"},
				"east": {"uv": [2, 10.5, 3, 11], "texture": "#texture"},
				"south": {"uv": [2, 10.5, 3, 11], "texture": "#texture"},
				"west": {"uv": [2, 10.5, 3, 11], "texture": "#texture"},
				"down": {"uv": [2, 10.5, 3, 11], "texture": "#texture"}
			}
		},
		{
			"from": [7.5, 6.25, 5],
			"to": [8.5, 7.25, 12],
			"rotation": {"angle": 0, "axis": "y", "origin": [8, 8.75, 8]},
			"faces": {
				"north": {"uv": [5, 9.5, 6, 10.5], "texture": "#texture"},
				"east": {"uv": [2, 9.5, 9, 10.5], "texture": "#texture"},
				"south": {"uv": [5, 9.5, 6, 10.5], "texture": "#texture"},
				"west": {"uv": [2, 9.5, 9, 10.5], "texture": "#texture"},
				"up": {"uv": [2, 9.5, 9, 10.5], "rotation": 90, "texture": "#texture"},
				"down": {"uv": [2, 9.5, 9, 10.5], "rotation": 270, "texture": "#texture"}
			}
		},
		{
			"from": [7.5, 7.25, 5.5],
			"to": [8.5, 7.75, 7],
			"rotation": {"angle": 0, "axis": "y", "origin": [8, 8.75, 8]},
			"faces": {
				"north": {"uv": [2.5, 9, 3.5, 9.5], "texture": "#texture"},
				"east": {"uv": [2.5, 9, 4, 9.5], "texture": "#texture"},
				"south": {"uv": [2.5, 9, 3.5, 9.5], "texture": "#texture"},
				"west": {"uv": [2.5, 9, 4, 9.5], "texture": "#texture"},
				"up": {"uv": [2.5, 9, 4, 9.5], "rotation": 90, "texture": "#texture"}
			}
		},
		{
			"from": [7.5, 7.25, 10],
			"to": [8.5, 7.75, 11.5],
			"rotation": {"angle": 0, "axis": "y", "origin": [8, 8.75, 8]},
			"faces": {
				"north": {"uv": [7, 9, 8, 9.5], "texture": "#texture"},
				"east": {"uv": [7, 9, 8.5, 9.5], "texture": "#texture"},
				"south": {"uv": [7, 9, 8, 9.5], "texture": "#texture"},
				"west": {"uv": [7, 9, 8.5, 9.5], "texture": "#texture"},
				"up": {"uv": [7, 9, 8.5, 9.5], "rotation": 90, "texture": "#texture"}
			}
		},
		{
			"from": [7.75, 6.5, 7.5],
			"to": [8.25, 16, 9.5],
			"faces": {
				"north": {"uv": [4.5, 0, 5, 9.5], "texture": "#texture"},
				"east": {"uv": [4.5, 0, 6.5, 9.5], "texture": "#texture"},
				"south": {"uv": [6, 0, 6.5, 9.5], "texture": "#texture"},
				"west": {"uv": [4.5, 0, 6.5, 9.5], "texture": "#texture"},
				"up": {"uv": [4.5, 6.5, 5, 8.5], "texture": "#texture"},
				"down": {"uv": [4.5, 6.5, 5, 8.5], "texture": "#texture"}
			}
		},
		{
			"from": [7.75, 16, 7.5],
			"to": [8.25, 26.5, 9.5],
			"faces": {
				"north": {"uv": [10, 5.5, 10.5, 16], "texture": "#texture"},
				"east": {"uv": [10, 5.5, 12, 16], "texture": "#texture"},
				"south": {"uv": [11.5, 5.5, 12, 16], "texture": "#texture"},
				"west": {"uv": [10, 5.5, 12, 16], "texture": "#texture"},
				"up": {"uv": [10, 5.5, 12, 6], "rotation": 90, "texture": "#texture"},
				"down": {"uv": [7.75, 12.5, 8.25, 14.5], "texture": "#texture"}
			}
		},
		{
			"from": [7.75, 26.5, 8],
			"to": [8.25, 27.5, 9],
			"faces": {
				"north": {"uv": [10.5, 4.5, 11, 5.5], "texture": "#texture"},
				"east": {"uv": [10.5, 4.5, 11.5, 5.5], "texture": "#texture"},
				"south": {"uv": [11, 4.5, 11.5, 5.5], "texture": "#texture"},
				"west": {"uv": [10.5, 4.5, 11.5, 5.5], "texture": "#texture"},
				"up": {"uv": [10.5, 4.5, 11.5, 5], "rotation": 90, "texture": "#texture"},
				"down": {"uv": [10.5, 4.5, 11.5, 5], "rotation": 270, "texture": "#texture"}
			}
		}
	],
	"display": {
		"thirdperson_righthand": {
			"translation": [0, 2.41, 1.89]
		},
		"thirdperson_lefthand": {
			"translation": [0, 2.25, 1.25]
		},
		"firstperson_righthand": {
			"rotation": [-8.75, 3, 2.75],
			"translation": [3.25, 1.25, -4.35]
		},
		"firstperson_lefthand": {
			"rotation": [-10.25, 6.5, 0],
			"translation": [0.75, 1, -2.75]
		},
		"ground": {
			"rotation": [45, 0, 0],
			"translation": [0, 3.97, 0],
			"scale": [1.05, 0.6, 0.65]
		},
		"gui": {
			"rotation": [-90, -45, -90],
			"translation": [-2.4, -2.52, 0],
			"scale": [0.7, 0.7, 0.7]
		},
		"head": {
			"rotation": [-90, 54, 90],
			"scale": [1.6, 1.6, 1.6]
		},
		"fixed": {
			"rotation": [0, -90, 0],
			"translation": [1, -7.5, 0],
			"scale": [2.5, 1.6, 1.7]
		}
	}
}