{
	"credit": "Made with Blockbench",
	"textures": {
		"1": "./bandan",
		"2": "./scool",
		"particle": "./pirathat"
	},
	"elements": [
		{
			"from": [3, 0, 5],
			"to": [13, 1, 6],
			"rotation": {"angle": 0, "axis": "y", "origin": [19, 8, 13]},
			"faces": {
				"north": {"uv": [0, 0, 10, 1], "texture": "#1"},
				"east": {"uv": [0, 0, 1, 1], "texture": "#1"},
				"south": {"uv": [0, 0, 10, 1], "texture": "#1"},
				"west": {"uv": [0, 0, 1, 1], "texture": "#1"},
				"up": {"uv": [0, 0, 10, 1], "texture": "#1"},
				"down": {"uv": [0, 0, 10, 1], "texture": "#1"}
			}
		},
		{
			"from": [4, 0, 14],
			"to": [12, 1, 15],
			"rotation": {"angle": 0, "axis": "y", "origin": [19, 8, 22]},
			"faces": {
				"north": {"uv": [0, 0, 8, 1], "texture": "#1"},
				"east": {"uv": [0, 0, 1, 1], "texture": "#1"},
				"south": {"uv": [0, 0, 8, 1], "texture": "#1"},
				"west": {"uv": [0, 0, 1, 1], "texture": "#1"},
				"up": {"uv": [0, 0, 8, 1], "texture": "#1"},
				"down": {"uv": [0, 0, 8, 1], "texture": "#1"}
			}
		},
		{
			"from": [9, -1, 15],
			"to": [11, 1, 16],
			"rotation": {"angle": 0, "axis": "y", "origin": [19, 8, 23]},
			"faces": {
				"north": {"uv": [0, 0, 2, 2], "texture": "#1"},
				"east": {"uv": [0, 0, 1, 2], "texture": "#1"},
				"south": {"uv": [0, 0, 2, 2], "texture": "#1"},
				"west": {"uv": [0, 0, 1, 2], "texture": "#1"},
				"up": {"uv": [0, 0, 2, 1], "texture": "#1"},
				"down": {"uv": [0, 0, 2, 1], "texture": "#1"}
			}
		},
		{
			"from": [9, -2, 14],
			"to": [11, 0, 15],
			"rotation": {"angle": 0, "axis": "y", "origin": [19, 7, 22]},
			"faces": {
				"north": {"uv": [0, 0, 2, 2], "texture": "#1"},
				"east": {"uv": [0, 0, 1, 2], "texture": "#1"},
				"south": {"uv": [0, 0, 2, 2], "texture": "#1"},
				"west": {"uv": [0, 0, 1, 2], "texture": "#1"},
				"up": {"uv": [0, 0, 2, 1], "texture": "#1"},
				"down": {"uv": [0, 0, 2, 1], "texture": "#1"}
			}
		},
		{
			"from": [10, -3, 14],
			"to": [11, -2, 15],
			"rotation": {"angle": 0, "axis": "y", "origin": [19, 5, 22]},
			"faces": {
				"north": {"uv": [0, 0, 1, 1], "texture": "#1"},
				"east": {"uv": [0, 0, 1, 1], "texture": "#1"},
				"south": {"uv": [0, 0, 1, 1], "texture": "#1"},
				"west": {"uv": [0, 0, 1, 1], "texture": "#1"},
				"up": {"uv": [0, 0, 1, 1], "texture": "#1"},
				"down": {"uv": [0, 0, 1, 1], "texture": "#1"}
			}
		},
		{
			"from": [3, 0, 6],
			"to": [4, 1, 15],
			"rotation": {"angle": 0, "axis": "y", "origin": [18, 8, 19]},
			"faces": {
				"north": {"uv": [0, 0, 1, 1], "texture": "#1"},
				"east": {"uv": [0, 0, 9, 1], "texture": "#1"},
				"south": {"uv": [0, 0, 1, 1], "texture": "#1"},
				"west": {"uv": [0, 0, 9, 1], "texture": "#1"},
				"up": {"uv": [0, 0, 1, 9], "texture": "#1"},
				"down": {"uv": [0, 0, 1, 9], "texture": "#1"}
			}
		},
		{
			"from": [2.5, 1, 6],
			"to": [13.5, 2, 14],
			"rotation": {"angle": 0, "axis": "y", "origin": [17.5, 9, 19]},
			"faces": {
				"north": {"uv": [0, 0, 11, 1], "texture": "#particle"},
				"east": {"uv": [0, 0, 8, 1], "texture": "#particle"},
				"south": {"uv": [0, 0, 11, 1], "texture": "#particle"},
				"west": {"uv": [0, 0, 8, 1], "texture": "#particle"},
				"up": {"uv": [1, 6, 12, 14], "texture": "#particle"},
				"down": {"uv": [2, 6, 13, 14], "texture": "#particle"}
			}
		},
		{
			"from": [3.5, 2, 7],
			"to": [12.5, 4, 13],
			"rotation": {"angle": 0, "axis": "y", "origin": [17.5, 10, 19]},
			"faces": {
				"north": {"uv": [0, 0, 9, 2], "texture": "#particle"},
				"east": {"uv": [2, 3, 8, 5], "texture": "#particle"},
				"south": {"uv": [0, 0, 9, 2], "texture": "#particle"},
				"west": {"uv": [2, 3, 8, 5], "texture": "#particle"},
				"up": {"uv": [0, 6, 9, 12], "texture": "#particle"},
				"down": {"uv": [0, 0, 9, 6], "texture": "#particle"}
			}
		},
		{
			"from": [12, 0, 6],
			"to": [13, 1, 15],
			"rotation": {"angle": 0, "axis": "y", "origin": [26, 8, 19]},
			"faces": {
				"north": {"uv": [0, 0, 1, 1], "texture": "#1"},
				"east": {"uv": [0, 0, 9, 1], "texture": "#1"},
				"south": {"uv": [0, 0, 1, 1], "texture": "#1"},
				"west": {"uv": [0, 0, 9, 1], "texture": "#1"},
				"up": {"uv": [0, 0, 1, 9], "texture": "#1"},
				"down": {"uv": [0, 0, 1, 9], "texture": "#1"}
			}
		},
		{
			"from": [1, -2.5, 7.5],
			"to": [15, 0.5, 8.5],
			"rotation": {"angle": 22.5, "axis": "x", "origin": [21, 5.5, 15.5]},
			"faces": {
				"north": {"uv": [0, 13, 14, 16], "texture": "#2"},
				"east": {"uv": [0, 5, 1, 8], "texture": "#particle"},
				"south": {"uv": [0, 0, 14, 3], "texture": "#particle"},
				"west": {"uv": [0, 5, 1, 8], "texture": "#particle"},
				"up": {"uv": [2, 0, 16, 1], "texture": "#particle"},
				"down": {"uv": [0, 1, 14, 2], "texture": "#particle"}
			}
		},
		{
			"from": [1, 3, 10.5],
			"to": [15, 6, 11.5],
			"rotation": {"angle": -22.5, "axis": "x", "origin": [21, 11, 18.5]},
			"faces": {
				"north": {"uv": [0, 0, 14, 3], "texture": "#particle"},
				"east": {"uv": [9, 5, 10, 8], "texture": "#particle"},
				"south": {"uv": [0, 13, 14, 16], "texture": "#particle"},
				"west": {"uv": [9, 5, 10, 8], "texture": "#particle"},
				"up": {"uv": [2, 0, 16, 1], "texture": "#particle"},
				"down": {"uv": [0, 1, 14, 2], "texture": "#particle"}
			}
		},
		{
			"from": [3, 0.5, 7.5],
			"to": [13, 3.5, 8.5],
			"rotation": {"angle": 22.5, "axis": "x", "origin": [21, 5.5, 15.5]},
			"faces": {
				"north": {"uv": [0, 10, 10, 13], "texture": "#2"},
				"east": {"uv": [15, 8, 16, 11], "texture": "#particle"},
				"south": {"uv": [0, 3, 10, 6], "texture": "#particle"},
				"west": {"uv": [15, 8, 16, 11], "texture": "#particle"},
				"up": {"uv": [6, 0, 16, 1], "texture": "#particle"},
				"down": {"uv": [0, 0, 10, 1], "texture": "#particle"}
			}
		},
		{
			"from": [3, 6, 10.5],
			"to": [13, 9, 11.5],
			"rotation": {"angle": -22.5, "axis": "x", "origin": [21, 11, 18.5]},
			"faces": {
				"north": {"uv": [0, 3, 10, 6], "texture": "#particle"},
				"east": {"uv": [15, 13, 16, 16], "texture": "#particle"},
				"south": {"uv": [0, 3, 10, 6], "texture": "#particle"},
				"west": {"uv": [15, 13, 16, 16], "texture": "#particle"},
				"up": {"uv": [6, 0, 16, 1], "texture": "#particle"},
				"down": {"uv": [0, 0, 10, 1], "texture": "#particle"}
			}
		},
		{
			"from": [5, 3.5, 7.5],
			"to": [11, 4.5, 8.5],
			"rotation": {"angle": 22.5, "axis": "x", "origin": [21, 5.5, 15.5]},
			"faces": {
				"north": {"uv": [10, 0, 16, 1], "texture": "#particle"},
				"east": {"uv": [15, 0, 16, 1], "texture": "#particle"},
				"south": {"uv": [10, 0, 16, 1], "texture": "#particle"},
				"west": {"uv": [15, 0, 16, 1], "texture": "#particle"},
				"up": {"uv": [10, 0, 16, 1], "texture": "#particle"},
				"down": {"uv": [0, 0, 6, 1], "texture": "#particle"}
			}
		},
		{
			"from": [5, 9, 10.5],
			"to": [11, 10, 11.5],
			"rotation": {"angle": -22.5, "axis": "x", "origin": [21, 11, 18.5]},
			"faces": {
				"north": {"uv": [10, 0, 16, 1], "texture": "#particle"},
				"east": {"uv": [15, 0, 16, 1], "texture": "#particle"},
				"south": {"uv": [10, 0, 16, 1], "texture": "#particle"},
				"west": {"uv": [15, 0, 16, 1], "texture": "#particle"},
				"up": {"uv": [10, 0, 16, 1], "texture": "#particle"},
				"down": {"uv": [0, 0, 6, 1], "texture": "#particle"}
			}
		},
		{
			"from": [-1.75, 3, 6.25],
			"to": [-0.75, 6, 14],
			"rotation": {"angle": 22.5, "axis": "z", "origin": [6.25, 11, 14]},
			"faces": {
				"north": {"uv": [0, 0, 1, 3], "texture": "#particle"},
				"east": {"uv": [0, 0, 7.75, 3], "texture": "#particle"},
				"south": {"uv": [0, 0, 1, 3], "texture": "#particle"},
				"west": {"uv": [3, 0, 10.75, 3], "texture": "#particle"},
				"up": {"uv": [15, 8, 16, 16], "texture": "#particle"},
				"down": {"uv": [14, 1, 15, 8.75], "texture": "#particle"}
			}
		},
		{
			"from": [15.5, -2.75, 6.25],
			"to": [16.5, 0.25, 14],
			"rotation": {"angle": -22.5, "axis": "z", "origin": [23.5, 5.25, 14]},
			"faces": {
				"north": {"uv": [0, 0, 1, 3], "texture": "#particle"},
				"east": {"uv": [4, 0, 11.75, 3], "texture": "#particle"},
				"south": {"uv": [0, 0, 1, 3], "texture": "#particle"},
				"west": {"uv": [0, 0, 7.75, 3], "texture": "#particle"},
				"up": {"uv": [15, 8, 16, 16], "texture": "#particle"},
				"down": {"uv": [1, 4, 2, 11.75], "texture": "#particle"}
			}
		}
	],
	"display": {
		"thirdperson_righthand": {
			"rotation": [0, 88, 0],
			"translation": [-1.5, 4.75, -5],
			"scale": [0.94, 0.94, 0.94]
		},
		"thirdperson_lefthand": {
			"rotation": [0, 87.5, 0],
			"translation": [-1.5, 4.75, -5],
			"scale": [0.94, 0.94, 0.94]
		},
		"firstperson_righthand": {
			"rotation": [0, 104, 0],
			"translation": [0, 8.5, 0]
		},
		"firstperson_lefthand": {
			"rotation": [0, 94, 0],
			"translation": [0, 8.75, 0]
		},
		"ground": {
			"translation": [0, 5.25, 0],
			"scale": [0.8, 0.8, 0.8]
		},
		"gui": {
			"rotation": [20, 153, 0],
			"translation": [-0.75, 3.25, 0],
			"scale": [0.8, 0.8, 0.8]
		},
		"head": {
			"translation": [0, 13.5, -3.25],
			"scale": [1.5, 1.5, 1.6]
		},
		"fixed": {
			"rotation": [-90, 0, 0],
			"translation": [0, -4.5, -14.5],
			"scale": [1.8, 1.8, 1.8]
		}
	}
}