{
	"credit": "Made with Blockbench",
	"textures": {
		"texture": "./portal_gun_top_bottom",
		"texture1": "./portal_gun_side",
		"texture2": "./portal_gun_glass"
	},
	"elements": [
		{
			"name": "handle",
			"from": [7, 8, 10],
			"to": [9, 10, 17],
			"rotation": {"angle": 22.5, "axis": "x", "origin": [9, 10, 10]},
			"faces": {
				"north": {"uv": [10, 11, 13, 14], "texture": "#texture1"},
				"east": {"uv": [0, 8, 7, 10], "texture": "#texture1"},
				"south": {"uv": [7, 8, 9, 10], "texture": "#texture1"},
				"west": {"uv": [0, 10, 7, 12], "texture": "#texture1"},
				"up": {"uv": [12, 0, 14, 7], "texture": "#texture"},
				"down": {"uv": [14, 0, 16, 7], "texture": "#texture"}
			}
		},
		{
			"name": "button",
			"from": [7, 10, 10],
			"to": [9, 11, 12],
			"rotation": {"angle": 22.5, "axis": "x", "origin": [7, 10, 10]},
			"faces": {
				"north": {"uv": [4, 7, 6, 8], "texture": "#texture1"},
				"east": {"uv": [4, 7, 6, 8], "texture": "#texture1"},
				"south": {"uv": [4, 7, 6, 8], "texture": "#texture1"},
				"west": {"uv": [4, 7, 6, 8], "texture": "#texture1"},
				"up": {"uv": [4, 6, 6, 8], "texture": "#texture1"},
				"down": {"uv": [4, 9, 6, 11], "texture": "#texture1"}
			}
		},
		{
			"name": "gun_b",
			"from": [5, 8, 0],
			"to": [11, 10, 0.001],
			"faces": {
				"north": {"uv": [0, 4, 6, 6], "texture": "#texture1"},
				"east": {"uv": [0.999, 5, 1, 8], "texture": "#texture"},
				"south": {"uv": [0, 6, 7, 9], "texture": "#texture1"},
				"west": {"uv": [15, 5, 15.001, 8], "texture": "#texture"},
				"up": {"uv": [4.5, 15, 11.5, 15.001], "texture": "#texture"},
				"down": {"uv": [4.5, 0.999, 11.5, 1], "texture": "#texture"}
			}
		},
		{
			"name": "gun_l",
			"from": [5, 8, -1],
			"to": [5.001, 10, 10],
			"faces": {
				"north": {"uv": [16, 0, 16, 0], "texture": "#texture1"},
				"east": {"uv": [0, 0, 11, 2], "texture": "#texture1"},
				"south": {"uv": [0, 14, 2, 14], "texture": "#texture1"},
				"west": {"uv": [0, 0, 11, 2], "texture": "#texture1"},
				"up": {"uv": [0, 0, 7, 11], "texture": "#texture"},
				"down": {"uv": [7, 0, 14, 11], "texture": "#texture"}
			}
		},
		{
			"name": "gunr_r",
			"from": [11, 8, -1],
			"to": [11.001, 10, 10],
			"faces": {
				"north": {"uv": [16, 0, 16, 0], "texture": "#texture1"},
				"east": {"uv": [0, 0, 11, 2], "texture": "#texture1"},
				"south": {"uv": [0, 14, 2, 14], "texture": "#texture1"},
				"west": {"uv": [0, 0, 11, 2], "texture": "#texture1"},
				"up": {"uv": [0, 0, 7, 11], "texture": "#texture"},
				"down": {"uv": [7, 0, 14, 11], "texture": "#texture"}
			}
		},
		{
			"name": "gun_f",
			"from": [5, 8, 10],
			"to": [11, 10, 10.001],
			"faces": {
				"north": {"uv": [16, 0, 16, 0], "texture": "#texture1"},
				"east": {"uv": [12.5, 4, 12.5, 4.5], "texture": "#texture1"},
				"south": {"uv": [0, 2, 6, 4], "texture": "#texture1"},
				"west": {"uv": [0, 0, 12, 3], "texture": "#texture1"},
				"up": {"uv": [0, 0, 7, 11], "texture": "#texture"},
				"down": {"uv": [7, 0, 14, 11], "texture": "#texture"}
			}
		},
		{
			"name": "gun_b",
			"from": [5, 8, -1],
			"to": [11, 8.001, 10],
			"faces": {
				"north": {"uv": [16, 0, 16, 0], "texture": "#texture1"},
				"east": {"uv": [0, 0, 12, 3], "texture": "#texture1"},
				"south": {"uv": [0, 3, 7, 6], "texture": "#texture1"},
				"west": {"uv": [0, 0, 12, 3], "texture": "#texture1"},
				"up": {"uv": [0, 0, 6, 11], "texture": "#texture"},
				"down": {"uv": [6, 0, 12, 11], "texture": "#texture"}
			}
		},
		{
			"name": "gun_t",
			"from": [5, 10, -1],
			"to": [11, 10.001, 10],
			"faces": {
				"north": {"uv": [16, 0, 16, 0], "texture": "#texture1"},
				"east": {"uv": [0, 0, 12, 3], "texture": "#texture1"},
				"south": {"uv": [0, 3, 7, 6], "texture": "#texture1"},
				"west": {"uv": [0, 0, 12, 3], "texture": "#texture1"},
				"up": {"uv": [0, 0, 6, 11], "texture": "#texture"},
				"down": {"uv": [6, 0, 12, 11], "texture": "#texture"}
			}
		},
		{
			"name": "barrel_l",
			"from": [5.5, 8.5, -0.5],
			"to": [6.5, 9.5, 0.5],
			"faces": {
				"north": {"uv": [3, 2, 4, 3], "texture": "#texture2"},
				"east": {"uv": [3, 2, 4, 3], "texture": "#texture2"},
				"south": {"uv": [3, 2, 4, 3], "texture": "#texture2"},
				"west": {"uv": [3, 2, 4, 3], "texture": "#texture2"},
				"up": {"uv": [3, 2, 4, 3], "texture": "#texture2"},
				"down": {"uv": [3, 2, 4, 3], "texture": "#texture2"}
			}
		},
		{
			"name": "barrel_c",
			"from": [7.5, 8.5, -0.5],
			"to": [8.5, 9.5, 0.5],
			"faces": {
				"north": {"uv": [3, 2, 4, 3], "texture": "#texture2"},
				"east": {"uv": [3, 2, 4, 3], "texture": "#texture2"},
				"south": {"uv": [3, 2, 4, 3], "texture": "#texture2"},
				"west": {"uv": [3, 2, 4, 3], "texture": "#texture2"},
				"up": {"uv": [3, 2, 4, 3], "texture": "#texture2"},
				"down": {"uv": [3, 2, 4, 3], "texture": "#texture2"}
			}
		},
		{
			"name": "barrel_r",
			"from": [9.5, 8.5, -0.5],
			"to": [10.5, 9.5, 0.5],
			"faces": {
				"north": {"uv": [3, 2, 4, 3], "texture": "#texture2"},
				"east": {"uv": [3, 2, 4, 3], "texture": "#texture2"},
				"south": {"uv": [3, 2, 4, 3], "texture": "#texture2"},
				"west": {"uv": [3, 2, 4, 3], "texture": "#texture2"},
				"up": {"uv": [3, 2, 4, 3], "texture": "#texture2"},
				"down": {"uv": [3, 2, 4, 3], "texture": "#texture2"}
			}
		},
		{
			"name": "tank_base",
			"from": [6.5, 10, 3.5],
			"to": [9.5, 11, 6.5],
			"faces": {
				"north": {"uv": [0, 12, 3, 13], "texture": "#texture1"},
				"east": {"uv": [0, 12, 3, 13], "texture": "#texture1"},
				"south": {"uv": [0, 12, 3, 13], "texture": "#texture1"},
				"west": {"uv": [0, 12, 3, 13], "texture": "#texture1"},
				"up": {"uv": [0, 13, 3, 16], "texture": "#texture1"},
				"down": {"uv": [0, 13, 3, 16], "texture": "#texture1"}
			}
		},
		{
			"name": "fluid",
			"from": [7, 12, 4],
			"to": [9, 14, 6],
			"faces": {
				"north": {"uv": [3, 0, 5, 2], "texture": "#texture2"},
				"east": {"uv": [3, 0, 5, 2], "texture": "#texture2"},
				"south": {"uv": [3, 0, 5, 2], "texture": "#texture2"},
				"west": {"uv": [3, 0, 5, 2], "texture": "#texture2"},
				"up": {"uv": [3, 0, 5, 2], "texture": "#texture2"},
				"down": {"uv": [3, 0, 5, 2], "texture": "#texture2"}
			}
		},
		{
			"name": "tank_t",
			"from": [6.5, 16, 3.5],
			"to": [9.5, 16.001, 6.5],
			"faces": {
				"north": {"uv": [0, 3, 3, 8], "texture": "#texture2"},
				"east": {"uv": [0, 3, 3, 8], "texture": "#texture2"},
				"south": {"uv": [0, 3, 3, 8], "texture": "#texture2"},
				"west": {"uv": [0, 3, 3, 8], "texture": "#texture2"},
				"up": {"uv": [0, 0, 3, 3], "texture": "#texture2"},
				"down": {"uv": [0, 0, 3, 3], "texture": "#texture2"}
			}
		},
		{
			"name": "tank_l",
			"from": [6.5, 11, 3.5],
			"to": [6.501, 16, 6.5],
			"faces": {
				"north": {"uv": [0, 3, 3, 8], "texture": "#texture2"},
				"east": {"uv": [0, 3, 3, 8], "texture": "#texture2"},
				"south": {"uv": [0, 3, 3, 8], "texture": "#texture2"},
				"west": {"uv": [0, 3, 3, 8], "texture": "#texture2"},
				"up": {"uv": [0, 0, 3, 3], "texture": "#texture2"},
				"down": {"uv": [0, 0, 3, 3], "texture": "#texture2"}
			}
		},
		{
			"name": "tank_r",
			"from": [9.5, 11, 3.5],
			"to": [9.501, 16, 6.5],
			"faces": {
				"north": {"uv": [0, 3, 3, 8], "texture": "#texture2"},
				"east": {"uv": [0, 3, 3, 8], "texture": "#texture2"},
				"south": {"uv": [0, 3, 3, 8], "texture": "#texture2"},
				"west": {"uv": [0, 3, 3, 8], "texture": "#texture2"},
				"up": {"uv": [0, 0, 3, 3], "texture": "#texture2"},
				"down": {"uv": [0, 0, 3, 3], "texture": "#texture2"}
			}
		},
		{
			"name": "tank_b",
			"from": [6.5, 11, 3.5],
			"to": [9.5, 16, 3.501],
			"faces": {
				"north": {"uv": [0, 3, 3, 8], "texture": "#texture2"},
				"east": {"uv": [0, 3, 3, 8], "texture": "#texture2"},
				"south": {"uv": [0, 3, 3, 8], "texture": "#texture2"},
				"west": {"uv": [0, 3, 3, 8], "texture": "#texture2"},
				"up": {"uv": [0, 0, 3, 3], "texture": "#texture2"},
				"down": {"uv": [0, 0, 3, 3], "texture": "#texture2"}
			}
		},
		{
			"name": "tank_f",
			"from": [6.5, 11, 6.5],
			"to": [9.5, 16, 6.501],
			"faces": {
				"north": {"uv": [0, 3, 3, 8], "texture": "#texture2"},
				"east": {"uv": [0, 3, 3, 8], "texture": "#texture2"},
				"south": {"uv": [0, 3, 3, 8], "texture": "#texture2"},
				"west": {"uv": [0, 3, 3, 8], "texture": "#texture2"},
				"up": {"uv": [0, 0, 3, 3], "texture": "#texture2"},
				"down": {"uv": [0, 0, 3, 3], "texture": "#texture2"}
			}
		}
	],
	"display": {
		"thirdperson_righthand": {
			"rotation": [67.5, 0, 0],
			"translation": [0, 3, 0.5],
			"scale": [0.8, 0.8, 0.8]
		},
		"thirdperson_lefthand": {
			"rotation": [67.5, 0, 0],
			"translation": [0, 3, 0.5],
			"scale": [0.8, 0.8, 0.8]
		},
		"firstperson_righthand": {
			"rotation": [0, 0, 25],
			"translation": [1.13, 3.2, 1.13],
			"scale": [0.68, 0.68, 0.68]
		},
		"firstperson_lefthand": {
			"rotation": [0, 0, 25],
			"translation": [1.13, 3.2, 1.13],
			"scale": [0.68, 0.68, 0.68]
		},
		"ground": {
			"translation": [0, 2, 0],
			"scale": [0.5, 0.5, 0.5]
		},
		"gui": {
			"rotation": [30, -45, 0],
			"translation": [-0.25, 0, 0],
			"scale": [0.625, 0.625, 0.625]
		},
		"fixed": {
			"rotation": [-90, -90, 25],
			"translation": [-0.5, 0, -1.25],
			"scale": [1.1, 1.1, 1.1]
		}
	}
}