{
	"credit": "Made with Blockbench",
	"textures": {
		"0": "./korondash",
		"particle": "./korondash"
	},
	"elements": [
		{
			"from": [7, 0, 4],
			"to": [8, 1, 10],
			"rotation": {"angle": 0, "axis": "y", "origin": [15, 8, 12]},
			"faces": {
				"north": {"uv": [15, 0, 16, 1], "texture": "#0"},
				"east": {"uv": [0, 0, 6, 1], "texture": "#0"},
				"south": {"uv": [6, 0, 7, 1], "texture": "#0"},
				"west": {"uv": [0, 4, 6, 5], "texture": "#0"},
				"up": {"uv": [0, 6, 1, 12], "texture": "#0"},
				"down": {"uv": [1, 6, 2, 12], "texture": "#0"}
			}
		}
	],
	"display": {
		"thirdperson_righthand": {
			"rotation": [-18, 0, 0],
			"translation": [0, 7, 0]
		},
		"thirdperson_lefthand": {
			"rotation": [-18, 0, 0],
			"translation": [0, 7, 0]
		},
		"firstperson_righthand": {
			"rotation": [-28, 0, 0],
			"translation": [0.5, 7.75, -1.5]
		},
		"firstperson_lefthand": {
			"rotation": [-28, 0, 0],
			"translation": [-1.5, 9, 0]
		},
		"ground": {
			"translation": [0, 5.25, 0]
		},
		"gui": {
			"rotation": [-147, 47, 0],
			"translation": [1.75, -7.5, 0],
			"scale": [1.3, 1.3, 1.3]
		},
		"head": {
			"rotation": [1.5, 0, 0],
			"translation": [7.75, 12.5, 2],
			"scale": [1.6, 1.6, 1.59]
		},
		"fixed": {
			"rotation": [-90, 0, 0],
			"translation": [1, 2.25, -16],
			"scale": [2, 2, 2]
		}
	}
}