{
	"credit": "Made with Mr_JSPA",
	"textures": {
		"0": "./katana",
		"particle": "./katana"
	},
	"elements": [
		{
			"from": [7, 0, 4.75],
			"to": [8.5, 1, 5.875],
			"faces": {
				"north": {"uv": [10, 1.75, 11, 2.25], "texture": "#0"},
				"east": {"uv": [11, 3.25, 11.5, 3.75], "texture": "#0"},
				"south": {"uv": [10, 2.25, 11, 2.75], "texture": "#0"},
				"west": {"uv": [11, 3.75, 11.5, 4.25], "texture": "#0"},
				"up": {"uv": [11, 3.25, 10, 2.75], "texture": "#0"},
				"down": {"uv": [11, 3.25, 10, 3.75], "texture": "#0"}
			}
		},
		{
			"from": [7, 9, 4.75],
			"to": [8.5, 9.75, 5.875],
			"faces": {
				"north": {"uv": [10, 3.75, 11, 4.25], "texture": "#0"},
				"east": {"uv": [11, 4.25, 11.5, 4.75], "texture": "#0"},
				"south": {"uv": [10, 4.25, 11, 4.75], "texture": "#0"},
				"west": {"uv": [11, 4.75, 11.5, 5.25], "texture": "#0"},
				"up": {"uv": [11, 5.5, 10, 5], "texture": "#0"},
				"down": {"uv": [11, 5.5, 10, 6], "texture": "#0"}
			}
		},
		{
			"from": [6.62891, 9.75, 4.375],
			"to": [8.87109, 10.125, 6.375],
			"faces": {
				"north": {"uv": [10, 5.75, 11.5, 6.25], "texture": "#0"},
				"east": {"uv": [10, 6.25, 11, 6.75], "texture": "#0"},
				"south": {"uv": [11, 1.75, 12.5, 2.25], "texture": "#0"},
				"west": {"uv": [11, 5.25, 12, 5.75], "texture": "#0"},
				"up": {"uv": [11.5, 1, 10, 0], "texture": "#0"},
				"down": {"uv": [11.5, 0.75, 10, 1.75], "texture": "#0"}
			}
		},
		{
			"from": [7.125, 1, 4.875],
			"to": [8.375, 9, 5.75],
			"faces": {
				"north": {"uv": [12.5, 0, 13.5, 4], "texture": "#0"},
				"east": {"uv": [13.5, 0, 14, 4], "texture": "#0"},
				"south": {"uv": [12.5, 4, 13.5, 8], "texture": "#0"},
				"west": {"uv": [13.5, 4, 14, 8], "texture": "#0"},
				"up": {"uv": [16, 3, 15, 2.5], "texture": "#0"},
				"down": {"uv": [16, 3, 15, 3.5], "texture": "#0"}
			}
		},
		{
			"from": [7, 10, 5.5],
			"to": [8.5, 20.75, 5.5],
			"faces": {
				"north": {"uv": [1.25, 5.5, 2, 11], "texture": "#0"},
				"east": {"uv": [4, 0, 5, 11], "texture": "#0"},
				"south": {"uv": [2, 5.5, 2.75, 11], "texture": "#0"},
				"west": {"uv": [5, 0, 6, 11], "texture": "#0"},
				"up": {"uv": [10, 9, 8, 8], "texture": "#0"},
				"down": {"uv": [11, 0, 9, 1], "texture": "#0"}
			}
		},
		{
			"from": [7.25, 20.75, 5.5],
			"to": [8.75, 28.5, 5.5],
			"faces": {
				"north": {"uv": [1, 2.5, 1.75, 5.5], "texture": "#0"},
				"east": {"uv": [7, 0, 8, 7], "texture": "#0"},
				"south": {"uv": [2.25, 2.5, 3, 5.5], "texture": "#0"},
				"west": {"uv": [7, 7, 8, 14], "texture": "#0"},
				"up": {"uv": [10, 4, 9, 3], "texture": "#0"},
				"down": {"uv": [10, 4, 9, 5], "texture": "#0"}
			}
		},
		{
			"from": [7.75, 28.5, 5.5],
			"to": [9, 31.25, 5.5],
			"faces": {
				"north": {"uv": [1, 2.5, 1.75, 5], "texture": "#0"},
				"east": {"uv": [8, 2, 9, 4], "texture": "#0"},
				"south": {"uv": [2.25, 2.5, 3, 5], "texture": "#0"},
				"west": {"uv": [8, 6, 9, 8], "texture": "#0"},
				"up": {"uv": [10, 2, 9, 1], "texture": "#0"},
				"down": {"uv": [10, 2, 9, 3], "texture": "#0"}
			}
		},
		{
			"from": [8.5, 31.25, 5.5],
			"to": [9, 32, 5.5],
			"faces": {
				"north": {"uv": [0.5, 0, 1, 0.75], "texture": "#0"},
				"east": {"uv": [15, 0, 16, 2], "texture": "#0"},
				"south": {"uv": [3, 0, 3.5, 0.75], "texture": "#0"},
				"west": {"uv": [15, 0, 16, 2], "texture": "#0"},
				"up": {"uv": [16, 1, 15, 0], "texture": "#0"},
				"down": {"uv": [16, 0, 15, 1], "texture": "#0"}
			}
		}
	],
	"display": {
		"thirdperson_righthand": {
			"rotation": [0, -90, 0],
			"translation": [-2.75, 0, 1.5],
			"scale": [0.88, 0.88, 0.88]
		},
		"thirdperson_lefthand": {
			"rotation": [0, 90, 0],
			"translation": [1.75, 0.25, 1.25],
			"scale": [0.88, 0.88, 0.88]
		},
		"firstperson_righthand": {
			"rotation": [-13.75, -90, 0],
			"translation": [4, -3.75, -2.75],
			"scale": [0.9, 1.16, 1.1]
		},
		"firstperson_lefthand": {
			"rotation": [-11, 95, 0],
			"translation": [6.5, -3.75, -1.5],
			"scale": [0.76758, 1.07, 0.76]
		},
		"ground": {
			"rotation": [90, 0, 0],
			"translation": [0, -2, -3.5],
			"scale": [0.5, 0.5, 0.5]
		},
		"gui": {
			"rotation": [-175.69, -29.71, -126.35],
			"translation": [-3.75, -3, 0],
			"scale": [0.6, 0.6, 0.6]
		},
		"head": {
			"scale": [0, 0, 0]
		},
		"fixed": {
			"rotation": [78, 88, 0],
			"translation": [4, -4.5, -26],
			"scale": [1.4, 1.4, 1.4]
		}
	},
	"groups": [
		{
			"name": "group",
			"origin": [8, 8, 8],
			"color": 0,
			"children": [0, 1, 2, 3, 4, 5, 6, 7]
		}
	]
}