{
	"credit": "Made with Blockbench",
	"textures": {
		"0": "./oak_planks",
		"1": "./plashet",
		"particle": "./oak_planks"
	},
	"elements": [
		{
			"from": [4, 0, 3],
			"to": [12, 1, 13],
			"rotation": {"angle": 0, "axis": "y", "origin": [11, 8, 12]},
			"faces": {
				"north": {"uv": [0, 0, 8, 1], "texture": "#0"},
				"east": {"uv": [0, 0, 10, 1], "texture": "#0"},
				"south": {"uv": [0, 0, 8, 1], "texture": "#0"},
				"west": {"uv": [0, 0, 10, 1], "texture": "#0"},
				"up": {"uv": [0, 0, 8, 10], "texture": "#0"},
				"down": {"uv": [0, 0, 8, 10], "texture": "#0"}
			}
		},
		{
			"from": [7, 1, 12],
			"to": [9, 1.5, 13],
			"rotation": {"angle": 0, "axis": "y", "origin": [11, 9, 12]},
			"faces": {
				"north": {"uv": [14, 0, 16, 0.5], "texture": "#1"},
				"east": {"uv": [15, 0, 16, 0.5], "texture": "#1"},
				"south": {"uv": [14, 0, 16, 0.5], "texture": "#1"},
				"west": {"uv": [15, 0, 16, 0.5], "texture": "#1"},
				"up": {"uv": [14, 0, 16, 1], "texture": "#1"},
				"down": {"uv": [14, 0, 16, 1], "texture": "#1"}
			}
		},
		{
			"from": [4.5, 1, 3.5],
			"to": [11.5, 1.25, 12.5],
			"rotation": {"angle": 0, "axis": "y", "origin": [11, 8.25, 12]},
			"faces": {
				"north": {"uv": [0, 0, 7, 0.25], "texture": "#1"},
				"east": {"uv": [0, 0, 9, 0.25], "texture": "#1"},
				"south": {"uv": [0, 0, 7, 0.25], "texture": "#1"},
				"west": {"uv": [0, 0, 9, 0.25], "texture": "#1"},
				"up": {"uv": [0, 0, 7, 9], "texture": "#1"},
				"down": {"uv": [0, 0, 7, 9], "texture": "#1"}
			}
		}
	],
	"display": {
		"thirdperson_righthand": {
			"rotation": [-77, 0, 89],
			"translation": [-5.5, 1.5, -1.5],
			"scale": [0.9, 0.9, 0.9]
		},
		"thirdperson_lefthand": {
			"rotation": [-77, 0, 89],
			"translation": [-6.75, 1.5, -1.5],
			"scale": [0.9, 0.9, 0.9]
		},
		"firstperson_righthand": {
			"rotation": [-88, 4, 99],
			"translation": [-4.25, 2.5, -2.25]
		},
		"firstperson_lefthand": {
			"rotation": [-88, 0, 99],
			"translation": [-6, 1.75, -0.75]
		},
		"ground": {
			"translation": [0, 4.5, 0]
		},
		"gui": {
			"rotation": [93, 169, -54],
			"translation": [-5.75, 1.25, 0]
		},
		"fixed": {
			"rotation": [-90, 0, 0],
			"translation": [0, 0, -12],
			"scale": [1.5, 1.5, 1.5]
		}
	}
}