{
	"credit": "Made with Blockbench",
	"textures": {
		"texture": "./rocket_launcher"
	},
	"elements": [
		{
			"name": "Box1",
			"from": [7.5, -1.75, 14],
			"to": [8.75, 1.5, 15.25],
			"faces": {
				"north": {"uv": [0, 8, 4, 12], "texture": "#texture"},
				"east": {"uv": [0, 8, 4, 12], "texture": "#texture"},
				"south": {"uv": [0, 8, 4, 12], "texture": "#texture"},
				"west": {"uv": [0, 8, 4, 12], "texture": "#texture"},
				"up": {"uv": [0, 8, 4, 12], "texture": "#texture"},
				"down": {"uv": [0, 8, 4, 12], "texture": "#texture"}
			}
		},
		{
			"name": "Box2",
			"from": [6.5, 1.5, 0],
			"to": [9.5, 2.5, 20],
			"faces": {
				"north": {"uv": [0, 0, 4, 4], "texture": "#texture"},
				"east": {"uv": [0, 0, 4, 4], "texture": "#texture"},
				"south": {"uv": [12, 12, 16, 16], "texture": "#texture"},
				"west": {"uv": [0, 0, 4, 4], "texture": "#texture"},
				"up": {"uv": [12, 12, 16, 16], "texture": "#texture"},
				"down": {"uv": [0, 0, 4, 4], "texture": "#texture"}
			}
		},
		{
			"name": "Box3",
			"from": [6, 2, 0],
			"to": [7, 3, 20],
			"faces": {
				"north": {"uv": [0, 0, 4, 4], "texture": "#texture"},
				"east": {"uv": [12, 12, 16, 16], "texture": "#texture"},
				"south": {"uv": [12, 12, 16, 16], "texture": "#texture"},
				"west": {"uv": [0, 0, 4, 4], "texture": "#texture"},
				"up": {"uv": [12, 12, 16, 16], "texture": "#texture"},
				"down": {"uv": [0, 0, 4, 4], "texture": "#texture"}
			}
		},
		{
			"name": "Box4",
			"from": [5.5, 2.5, 0],
			"to": [6.5, 5.5, 20],
			"faces": {
				"north": {"uv": [0, 0, 4, 4], "texture": "#texture"},
				"east": {"uv": [12, 12, 16, 16], "texture": "#texture"},
				"south": {"uv": [12, 12, 16, 16], "texture": "#texture"},
				"west": {"uv": [0, 0, 4, 4], "texture": "#texture"},
				"up": {"uv": [0, 0, 4, 4], "texture": "#texture"},
				"down": {"uv": [0, 0, 4, 4], "texture": "#texture"}
			}
		},
		{
			"name": "Box3",
			"from": [9, 2, 0],
			"to": [10, 3, 20],
			"faces": {
				"north": {"uv": [0, 0, 4, 4], "texture": "#texture"},
				"east": {"uv": [0, 0, 4, 4], "texture": "#texture"},
				"south": {"uv": [12, 12, 16, 16], "texture": "#texture"},
				"west": {"uv": [12, 12, 16, 16], "texture": "#texture"},
				"up": {"uv": [12, 12, 16, 16], "texture": "#texture"},
				"down": {"uv": [0, 0, 4, 4], "texture": "#texture"}
			}
		},
		{
			"name": "Box4",
			"from": [9.5, 2.5, 0],
			"to": [10.5, 5.5, 20],
			"faces": {
				"north": {"uv": [0, 0, 4, 4], "texture": "#texture"},
				"east": {"uv": [0, 0, 4, 4], "texture": "#texture"},
				"south": {"uv": [12, 12, 16, 16], "texture": "#texture"},
				"west": {"uv": [12, 12, 16, 16], "texture": "#texture"},
				"up": {"uv": [0, 0, 4, 4], "texture": "#texture"},
				"down": {"uv": [0, 0, 4, 4], "texture": "#texture"}
			}
		},
		{
			"name": "Box3",
			"from": [6, 5, 0],
			"to": [7, 6, 20],
			"faces": {
				"north": {"uv": [0, 0, 4, 4], "texture": "#texture"},
				"east": {"uv": [12, 12, 16, 16], "texture": "#texture"},
				"south": {"uv": [12, 12, 16, 16], "texture": "#texture"},
				"west": {"uv": [0, 0, 4, 4], "texture": "#texture"},
				"up": {"uv": [0, 0, 4, 4], "texture": "#texture"},
				"down": {"uv": [12, 12, 16, 16], "texture": "#texture"}
			}
		},
		{
			"name": "Box3",
			"from": [9, 5, 0],
			"to": [10, 6, 20],
			"faces": {
				"north": {"uv": [0, 0, 4, 4], "texture": "#texture"},
				"east": {"uv": [0, 0, 4, 4], "texture": "#texture"},
				"south": {"uv": [12, 12, 16, 16], "texture": "#texture"},
				"west": {"uv": [12, 12, 16, 16], "texture": "#texture"},
				"up": {"uv": [0, 0, 4, 4], "texture": "#texture"},
				"down": {"uv": [12, 12, 16, 16], "texture": "#texture"}
			}
		},
		{
			"name": "Box2",
			"from": [6.5, 5.5, 0],
			"to": [9.5, 6.5, 20],
			"faces": {
				"north": {"uv": [0, 0, 4, 4], "texture": "#texture"},
				"east": {"uv": [0, 0, 4, 4], "texture": "#texture"},
				"south": {"uv": [12, 12, 16, 16], "texture": "#texture"},
				"west": {"uv": [0, 0, 4, 4], "texture": "#texture"},
				"up": {"uv": [0, 0, 4, 4], "texture": "#texture"},
				"down": {"uv": [12, 12, 16, 16], "texture": "#texture"}
			}
		},
		{
			"name": "Box10",
			"from": [7, 6, 13.5],
			"to": [8.25, 7, 16.5],
			"faces": {
				"north": {"uv": [4, 0, 8, 4], "texture": "#texture"},
				"east": {"uv": [4, 0, 8, 4], "texture": "#texture"},
				"south": {"uv": [4, 0, 8, 4], "texture": "#texture"},
				"west": {"uv": [4, 0, 8, 4], "texture": "#texture"},
				"up": {"uv": [4, 0, 8, 4], "texture": "#texture"},
				"down": {"uv": [4, 0, 8, 4], "texture": "#texture"}
			}
		},
		{
			"name": "Box10",
			"from": [6.6441, 6.0788, 13.5],
			"to": [7.6441, 7.0788, 16.5],
			"rotation": {"angle": -22.5, "axis": "z", "origin": [6.625, 6.125, 13.5]},
			"faces": {
				"north": {"uv": [4, 0, 8, 4], "texture": "#texture"},
				"east": {"uv": [4, 0, 8, 4], "texture": "#texture"},
				"south": {"uv": [4, 0, 8, 4], "texture": "#texture"},
				"west": {"uv": [4, 0, 8, 4], "texture": "#texture"},
				"up": {"uv": [4, 0, 8, 4], "texture": "#texture"},
				"down": {"uv": [4, 0, 8, 4], "texture": "#texture"}
			}
		},
		{
			"name": "Box10",
			"from": [7.7691, 5.6712, 13.5],
			"to": [8.7691, 6.6712, 16.5],
			"rotation": {"angle": 22.5, "axis": "z", "origin": [7.75, 5.625, 13.5]},
			"faces": {
				"north": {"uv": [4, 0, 8, 4], "texture": "#texture"},
				"east": {"uv": [4, 0, 8, 4], "texture": "#texture"},
				"south": {"uv": [4, 0, 8, 4], "texture": "#texture"},
				"west": {"uv": [4, 0, 8, 4], "texture": "#texture"},
				"up": {"uv": [4, 0, 8, 4], "texture": "#texture"},
				"down": {"uv": [4, 0, 8, 4], "texture": "#texture"}
			}
		},
		{
			"name": "Box13",
			"from": [6.375, 5.625, 8.25],
			"to": [7.875, 7.375, 12.25],
			"faces": {
				"north": {"uv": [4, 0, 8, 4], "texture": "#texture"},
				"east": {"uv": [4, 0, 8, 4], "texture": "#texture"},
				"south": {"uv": [4, 0, 8, 4], "texture": "#texture"},
				"west": {"uv": [4, 0, 8, 4], "texture": "#texture"},
				"up": {"uv": [4, 0, 8, 4], "texture": "#texture"},
				"down": {"uv": [4, 0, 8, 4], "texture": "#texture"}
			}
		},
		{
			"name": "Box10",
			"from": [7.3479, 6.0653, 8.25],
			"to": [8.3479, 7.0653, 12.25],
			"rotation": {"angle": 22.5, "axis": "z", "origin": [7.375, 6, 8.25]},
			"faces": {
				"north": {"uv": [4, 0, 8, 4], "texture": "#texture"},
				"east": {"uv": [4, 0, 8, 4], "texture": "#texture"},
				"south": {"uv": [4, 0, 8, 4], "texture": "#texture"},
				"west": {"uv": [4, 0, 8, 4], "texture": "#texture"},
				"up": {"uv": [4, 0, 8, 4], "texture": "#texture"},
				"down": {"uv": [4, 0, 8, 4], "texture": "#texture"}
			}
		},
		{
			"name": "Box15",
			"from": [6.25, 5.5, 17],
			"to": [9.75, 7, 18],
			"faces": {
				"north": {"uv": [0, 12, 4, 16], "texture": "#texture"},
				"east": {"uv": [0, 12, 4, 16], "texture": "#texture"},
				"south": {"uv": [0, 12, 4, 16], "texture": "#texture"},
				"west": {"uv": [0, 12, 4, 16], "texture": "#texture"},
				"up": {"uv": [0, 12, 4, 16], "texture": "#texture"},
				"down": {"uv": [0, 12, 4, 16], "texture": "#texture"}
			}
		},
		{
			"name": "Box15",
			"from": [6.125, 1, 17],
			"to": [9.875, 2.5, 18],
			"faces": {
				"north": {"uv": [0, 12, 4, 16], "texture": "#texture"},
				"east": {"uv": [0, 12, 4, 16], "texture": "#texture"},
				"south": {"uv": [0, 12, 4, 16], "texture": "#texture"},
				"west": {"uv": [0, 12, 4, 16], "texture": "#texture"},
				"up": {"uv": [0, 12, 4, 16], "texture": "#texture"},
				"down": {"uv": [0, 12, 4, 16], "texture": "#texture"}
			}
		},
		{
			"name": "Box15",
			"from": [6.1616, 3.7134, 17],
			"to": [7.6616, 6.9634, 18],
			"rotation": {"angle": -22.5, "axis": "z", "origin": [6.25, 7, 17]},
			"faces": {
				"north": {"uv": [0, 12, 4, 16], "rotation": 270, "texture": "#texture"},
				"east": {"uv": [4, 16, 0, 12], "rotation": 270, "texture": "#texture"},
				"south": {"uv": [0, 12, 4, 16], "rotation": 90, "texture": "#texture"},
				"west": {"uv": [0, 12, 4, 16], "rotation": 90, "texture": "#texture"},
				"up": {"uv": [4, 16, 0, 12], "rotation": 270, "texture": "#texture"},
				"down": {"uv": [0, 12, 4, 16], "rotation": 90, "texture": "#texture"}
			}
		},
		{
			"name": "Box15",
			"from": [8.466, 3.2159, 17],
			"to": [9.966, 6.4659, 18],
			"rotation": {"angle": 22.5, "axis": "z", "origin": [8.71439, 6.52164, 17]},
			"faces": {
				"north": {"uv": [0, 12, 4, 16], "rotation": 270, "texture": "#texture"},
				"east": {"uv": [4, 16, 0, 12], "rotation": 270, "texture": "#texture"},
				"south": {"uv": [0, 12, 4, 16], "rotation": 90, "texture": "#texture"},
				"west": {"uv": [0, 12, 4, 16], "rotation": 90, "texture": "#texture"},
				"up": {"uv": [4, 16, 0, 12], "rotation": 270, "texture": "#texture"},
				"down": {"uv": [0, 12, 4, 16], "rotation": 90, "texture": "#texture"}
			}
		},
		{
			"name": "Box15",
			"from": [4.8199, 0.8496, 17],
			"to": [6.3199, 4.0996, 18],
			"rotation": {"angle": 22.5, "axis": "z", "origin": [5.08939, 4.14664, 17]},
			"faces": {
				"north": {"uv": [0, 12, 4, 16], "rotation": 270, "texture": "#texture"},
				"east": {"uv": [4, 16, 0, 12], "rotation": 270, "texture": "#texture"},
				"south": {"uv": [0, 12, 4, 16], "rotation": 90, "texture": "#texture"},
				"west": {"uv": [0, 12, 4, 16], "rotation": 90, "texture": "#texture"},
				"up": {"uv": [4, 16, 0, 12], "rotation": 270, "texture": "#texture"},
				"down": {"uv": [0, 12, 4, 16], "rotation": 90, "texture": "#texture"}
			}
		},
		{
			"name": "Box15",
			"from": [9.7866, 1.3384, 17],
			"to": [11.2866, 4.5884, 18],
			"rotation": {"angle": -22.5, "axis": "z", "origin": [9.875, 4.625, 17]},
			"faces": {
				"north": {"uv": [0, 12, 4, 16], "rotation": 270, "texture": "#texture"},
				"east": {"uv": [4, 16, 0, 12], "rotation": 270, "texture": "#texture"},
				"south": {"uv": [0, 12, 4, 16], "rotation": 90, "texture": "#texture"},
				"west": {"uv": [0, 12, 4, 16], "rotation": 90, "texture": "#texture"},
				"up": {"uv": [4, 16, 0, 12], "rotation": 270, "texture": "#texture"},
				"down": {"uv": [0, 12, 4, 16], "rotation": 90, "texture": "#texture"}
			}
		},
		{
			"name": "Box21",
			"from": [6.425, 5.625, 12.375],
			"to": [9.55, 6.625, 13.375],
			"faces": {
				"north": {"uv": [12, 0, 16, 4], "texture": "#texture"},
				"east": {"uv": [8, 0, 12, 4], "rotation": 90, "texture": "#texture"},
				"south": {"uv": [12, 0, 16, 4], "texture": "#texture"},
				"west": {"uv": [8, 0, 12, 4], "rotation": 90, "texture": "#texture"},
				"up": {"uv": [8, 0, 12, 4], "texture": "#texture"},
				"down": {"uv": [8, 0, 12, 4], "texture": "#texture"}
			}
		},
		{
			"name": "Box21",
			"from": [6.425, 1.375, 12.375],
			"to": [9.55, 2.375, 13.375],
			"faces": {
				"north": {"uv": [12, 0, 16, 4], "texture": "#texture"},
				"east": {"uv": [8, 0, 12, 4], "rotation": 90, "texture": "#texture"},
				"south": {"uv": [12, 0, 16, 4], "texture": "#texture"},
				"west": {"uv": [8, 0, 12, 4], "rotation": 90, "texture": "#texture"},
				"up": {"uv": [8, 0, 12, 4], "texture": "#texture"},
				"down": {"uv": [8, 0, 12, 4], "texture": "#texture"}
			}
		},
		{
			"name": "Box23",
			"from": [5.875, 5.125, 12.375],
			"to": [6.425, 6.125, 13.375],
			"faces": {
				"north": {"uv": [12, 0, 16, 4], "texture": "#texture"},
				"east": {"uv": [8, 0, 12, 4], "rotation": 90, "texture": "#texture"},
				"south": {"uv": [12, 0, 16, 4], "texture": "#texture"},
				"west": {"uv": [8, 0, 12, 4], "rotation": 90, "texture": "#texture"},
				"up": {"uv": [8, 0, 12, 4], "texture": "#texture"},
				"down": {"uv": [8, 0, 12, 4], "texture": "#texture"}
			}
		},
		{
			"name": "Box23",
			"from": [5.875, 1.875, 12.375],
			"to": [6.425, 2.875, 13.375],
			"faces": {
				"north": {"uv": [12, 0, 16, 4], "texture": "#texture"},
				"east": {"uv": [8, 0, 12, 4], "rotation": 90, "texture": "#texture"},
				"south": {"uv": [12, 0, 16, 4], "texture": "#texture"},
				"west": {"uv": [8, 0, 12, 4], "rotation": 90, "texture": "#texture"},
				"up": {"uv": [8, 0, 12, 4], "texture": "#texture"},
				"down": {"uv": [8, 0, 12, 4], "texture": "#texture"}
			}
		},
		{
			"name": "Box23",
			"from": [9.5, 5.125, 12.375],
			"to": [10.05, 6.125, 13.375],
			"faces": {
				"north": {"uv": [12, 0, 16, 4], "texture": "#texture"},
				"east": {"uv": [8, 0, 12, 4], "rotation": 90, "texture": "#texture"},
				"south": {"uv": [12, 0, 16, 4], "texture": "#texture"},
				"west": {"uv": [8, 0, 12, 4], "rotation": 90, "texture": "#texture"},
				"up": {"uv": [8, 0, 12, 4], "texture": "#texture"},
				"down": {"uv": [8, 0, 12, 4], "texture": "#texture"}
			}
		},
		{
			"name": "Box23",
			"from": [9.5, 1.875, 12.375],
			"to": [10.05, 2.875, 13.375],
			"faces": {
				"north": {"uv": [12, 0, 16, 4], "texture": "#texture"},
				"east": {"uv": [8, 0, 12, 4], "rotation": 90, "texture": "#texture"},
				"south": {"uv": [12, 0, 16, 4], "texture": "#texture"},
				"west": {"uv": [8, 0, 12, 4], "rotation": 90, "texture": "#texture"},
				"up": {"uv": [8, 0, 12, 4], "texture": "#texture"},
				"down": {"uv": [8, 0, 12, 4], "texture": "#texture"}
			}
		},
		{
			"name": "Box47",
			"from": [5.375, 2.425, 12.375],
			"to": [6.375, 5.55, 13.375],
			"faces": {
				"north": {"uv": [12, 0, 16, 4], "texture": "#texture"},
				"east": {"uv": [8, 0, 12, 4], "rotation": 90, "texture": "#texture"},
				"south": {"uv": [12, 0, 16, 4], "texture": "#texture"},
				"west": {"uv": [8, 0, 12, 4], "rotation": 90, "texture": "#texture"},
				"up": {"uv": [8, 0, 12, 4], "texture": "#texture"},
				"down": {"uv": [8, 0, 12, 4], "texture": "#texture"}
			}
		},
		{
			"name": "Box47",
			"from": [9.625, 2.425, 12.375],
			"to": [10.625, 5.55, 13.375],
			"faces": {
				"north": {"uv": [12, 0, 16, 4], "texture": "#texture"},
				"east": {"uv": [8, 0, 12, 4], "rotation": 90, "texture": "#texture"},
				"south": {"uv": [12, 0, 16, 4], "texture": "#texture"},
				"west": {"uv": [8, 0, 12, 4], "rotation": 90, "texture": "#texture"},
				"up": {"uv": [8, 0, 12, 4], "texture": "#texture"},
				"down": {"uv": [8, 0, 12, 4], "texture": "#texture"}
			}
		},
		{
			"name": "Box49",
			"from": [6.5, 5.75, -1],
			"to": [9.75, 6.75, 0.5],
			"faces": {
				"north": {"uv": [0, 12, 4, 16], "texture": "#texture"},
				"east": {"uv": [0, 12, 4, 16], "texture": "#texture"},
				"south": {"uv": [0, 12, 4, 16], "texture": "#texture"},
				"west": {"uv": [0, 12, 4, 16], "texture": "#texture"},
				"up": {"uv": [0, 12, 4, 16], "texture": "#texture"},
				"down": {"uv": [0, 12, 4, 16], "texture": "#texture"}
			}
		},
		{
			"name": "Box49",
			"from": [6.375, 1.375, -1],
			"to": [9.625, 2.375, 0.5],
			"faces": {
				"north": {"uv": [0, 12, 4, 16], "texture": "#texture"},
				"east": {"uv": [0, 12, 4, 16], "texture": "#texture"},
				"south": {"uv": [0, 12, 4, 16], "texture": "#texture"},
				"west": {"uv": [0, 12, 4, 16], "texture": "#texture"},
				"up": {"uv": [0, 12, 4, 16], "texture": "#texture"},
				"down": {"uv": [0, 12, 4, 16], "texture": "#texture"}
			}
		},
		{
			"name": "Box51",
			"from": [5.375, 2.375, -1],
			"to": [6.375, 5.625, 0.5],
			"faces": {
				"north": {"uv": [0, 12, 4, 16], "texture": "#texture"},
				"east": {"uv": [0, 12, 4, 16], "texture": "#texture"},
				"south": {"uv": [0, 12, 4, 16], "texture": "#texture"},
				"west": {"uv": [0, 12, 4, 16], "texture": "#texture"},
				"up": {"uv": [0, 12, 4, 16], "texture": "#texture"},
				"down": {"uv": [0, 12, 4, 16], "texture": "#texture"}
			}
		},
		{
			"name": "Box51",
			"from": [9.625, 2.375, -1],
			"to": [10.625, 5.625, 0.5],
			"faces": {
				"north": {"uv": [0, 12, 4, 16], "texture": "#texture"},
				"east": {"uv": [0, 12, 4, 16], "texture": "#texture"},
				"south": {"uv": [0, 12, 4, 16], "texture": "#texture"},
				"west": {"uv": [0, 12, 4, 16], "texture": "#texture"},
				"up": {"uv": [0, 12, 4, 16], "texture": "#texture"},
				"down": {"uv": [0, 12, 4, 16], "texture": "#texture"}
			}
		},
		{
			"name": "Box53",
			"from": [5.625, 5.25, -1],
			"to": [6.875, 6.5, 0.5],
			"faces": {
				"north": {"uv": [0, 12, 4, 16], "texture": "#texture"},
				"east": {"uv": [0, 12, 4, 16], "texture": "#texture"},
				"south": {"uv": [0, 12, 4, 16], "texture": "#texture"},
				"west": {"uv": [0, 12, 4, 16], "texture": "#texture"},
				"up": {"uv": [0, 12, 4, 16], "texture": "#texture"},
				"down": {"uv": [0, 12, 4, 16], "texture": "#texture"}
			}
		},
		{
			"name": "Box53",
			"from": [9.25, 5.25, -1],
			"to": [10.5, 6.5, 0.5],
			"faces": {
				"north": {"uv": [0, 12, 4, 16], "texture": "#texture"},
				"east": {"uv": [0, 12, 4, 16], "texture": "#texture"},
				"south": {"uv": [0, 12, 4, 16], "texture": "#texture"},
				"west": {"uv": [0, 12, 4, 16], "texture": "#texture"},
				"up": {"uv": [0, 12, 4, 16], "texture": "#texture"},
				"down": {"uv": [0, 12, 4, 16], "texture": "#texture"}
			}
		},
		{
			"name": "Box53",
			"from": [9.25, 1.625, -1],
			"to": [10.5, 2.875, 0.5],
			"faces": {
				"north": {"uv": [0, 12, 4, 16], "texture": "#texture"},
				"east": {"uv": [0, 12, 4, 16], "texture": "#texture"},
				"south": {"uv": [0, 12, 4, 16], "texture": "#texture"},
				"west": {"uv": [0, 12, 4, 16], "texture": "#texture"},
				"up": {"uv": [0, 12, 4, 16], "texture": "#texture"},
				"down": {"uv": [0, 12, 4, 16], "texture": "#texture"}
			}
		},
		{
			"name": "Box53",
			"from": [5.625, 1.625, -1],
			"to": [6.875, 2.875, 0.5],
			"faces": {
				"north": {"uv": [0, 12, 4, 16], "texture": "#texture"},
				"east": {"uv": [0, 12, 4, 16], "texture": "#texture"},
				"south": {"uv": [0, 12, 4, 16], "texture": "#texture"},
				"west": {"uv": [0, 12, 4, 16], "texture": "#texture"},
				"up": {"uv": [0, 12, 4, 16], "texture": "#texture"},
				"down": {"uv": [0, 12, 4, 16], "texture": "#texture"}
			}
		},
		{
			"name": "Box57",
			"from": [5.25, 1, -2],
			"to": [8.25, 2, -1],
			"rotation": {"angle": -22.5, "axis": "z", "origin": [5.25, 1, -2]},
			"faces": {
				"north": {"uv": [0, 12, 4, 16], "texture": "#texture"},
				"east": {"uv": [0, 12, 4, 16], "texture": "#texture"},
				"south": {"uv": [0, 12, 4, 16], "texture": "#texture"},
				"west": {"uv": [0, 12, 4, 16], "texture": "#texture"},
				"up": {"uv": [0, 12, 4, 16], "texture": "#texture"},
				"down": {"uv": [0, 12, 4, 16], "texture": "#texture"}
			}
		},
		{
			"name": "Box57",
			"from": [8, -0.125, -2],
			"to": [11, 0.875, -1],
			"rotation": {"angle": 22.5, "axis": "z", "origin": [8, -0.125, -2]},
			"faces": {
				"north": {"uv": [0, 12, 4, 16], "texture": "#texture"},
				"east": {"uv": [0, 12, 4, 16], "texture": "#texture"},
				"south": {"uv": [0, 12, 4, 16], "texture": "#texture"},
				"west": {"uv": [0, 12, 4, 16], "texture": "#texture"},
				"up": {"uv": [0, 12, 4, 16], "texture": "#texture"},
				"down": {"uv": [0, 12, 4, 16], "texture": "#texture"}
			}
		},
		{
			"name": "Box57",
			"from": [5.125, 1.375, -2],
			"to": [6.125, 4.375, -1],
			"rotation": {"angle": 22.5, "axis": "z", "origin": [6.125, 1.375, -2]},
			"faces": {
				"north": {"uv": [0, 12, 4, 16], "rotation": 90, "texture": "#texture"},
				"east": {"uv": [4, 16, 0, 12], "rotation": 90, "texture": "#texture"},
				"south": {"uv": [0, 12, 4, 16], "rotation": 270, "texture": "#texture"},
				"west": {"uv": [0, 12, 4, 16], "rotation": 270, "texture": "#texture"},
				"up": {"uv": [0, 12, 4, 16], "rotation": 270, "texture": "#texture"},
				"down": {"uv": [4, 16, 0, 12], "rotation": 90, "texture": "#texture"}
			}
		},
		{
			"name": "Box57",
			"from": [9.75, 1.125, -2],
			"to": [10.75, 4.125, -1],
			"rotation": {"angle": -22.5, "axis": "z", "origin": [10.75, 1.125, -2]},
			"faces": {
				"north": {"uv": [0, 12, 4, 16], "rotation": 90, "texture": "#texture"},
				"east": {"uv": [4, 16, 0, 12], "rotation": 90, "texture": "#texture"},
				"south": {"uv": [0, 12, 4, 16], "rotation": 270, "texture": "#texture"},
				"west": {"uv": [0, 12, 4, 16], "rotation": 270, "texture": "#texture"},
				"up": {"uv": [0, 12, 4, 16], "rotation": 270, "texture": "#texture"},
				"down": {"uv": [4, 16, 0, 12], "rotation": 90, "texture": "#texture"}
			}
		},
		{
			"name": "Box57",
			"from": [10.875, 3.875, -2],
			"to": [11.875, 6.875, -1],
			"rotation": {"angle": 22.5, "axis": "z", "origin": [11.875, 3.875, -2]},
			"faces": {
				"north": {"uv": [0, 12, 4, 16], "rotation": 90, "texture": "#texture"},
				"east": {"uv": [4, 16, 0, 12], "rotation": 90, "texture": "#texture"},
				"south": {"uv": [0, 12, 4, 16], "rotation": 270, "texture": "#texture"},
				"west": {"uv": [0, 12, 4, 16], "rotation": 270, "texture": "#texture"},
				"up": {"uv": [0, 12, 4, 16], "rotation": 270, "texture": "#texture"},
				"down": {"uv": [4, 16, 0, 12], "rotation": 90, "texture": "#texture"}
			}
		},
		{
			"name": "Box57",
			"from": [4, 3.375, -2],
			"to": [5, 6.375, -1],
			"rotation": {"angle": -22.5, "axis": "z", "origin": [5, 3.375, -2]},
			"faces": {
				"north": {"uv": [0, 12, 4, 16], "rotation": 90, "texture": "#texture"},
				"east": {"uv": [4, 16, 0, 12], "rotation": 90, "texture": "#texture"},
				"south": {"uv": [0, 12, 4, 16], "rotation": 270, "texture": "#texture"},
				"west": {"uv": [0, 12, 4, 16], "rotation": 270, "texture": "#texture"},
				"up": {"uv": [0, 12, 4, 16], "rotation": 270, "texture": "#texture"},
				"down": {"uv": [4, 16, 0, 12], "rotation": 90, "texture": "#texture"}
			}
		},
		{
			"name": "Box57",
			"from": [7.6441, 6.8288, -2],
			"to": [10.6441, 7.8288, -1],
			"rotation": {"angle": -22.5, "axis": "z", "origin": [7.625, 6.875, -2]},
			"faces": {
				"north": {"uv": [0, 12, 4, 16], "texture": "#texture"},
				"east": {"uv": [0, 12, 4, 16], "texture": "#texture"},
				"south": {"uv": [0, 12, 4, 16], "texture": "#texture"},
				"west": {"uv": [0, 12, 4, 16], "texture": "#texture"},
				"up": {"uv": [0, 12, 4, 16], "texture": "#texture"},
				"down": {"uv": [0, 12, 4, 16], "texture": "#texture"}
			}
		},
		{
			"name": "Box57",
			"from": [5.625, 5.625, -2],
			"to": [8.625, 6.625, -1],
			"rotation": {"angle": 22.5, "axis": "z", "origin": [5.625, 5.625, -2]},
			"faces": {
				"north": {"uv": [0, 12, 4, 16], "texture": "#texture"},
				"east": {"uv": [0, 12, 4, 16], "texture": "#texture"},
				"south": {"uv": [0, 12, 4, 16], "texture": "#texture"},
				"west": {"uv": [0, 12, 4, 16], "texture": "#texture"},
				"up": {"uv": [0, 12, 4, 16], "texture": "#texture"},
				"down": {"uv": [0, 12, 4, 16], "texture": "#texture"}
			}
		},
		{
			"name": "Box66",
			"from": [5.5, 1.25, -2],
			"to": [10.5, 6.25, -1],
			"faces": {
				"north": {"uv": [0, 12, 4, 16], "texture": "#texture"},
				"east": {"uv": [0, 12, 4, 16], "texture": "#texture"},
				"south": {"uv": [0, 12, 4, 16], "texture": "#texture"},
				"west": {"uv": [0, 12, 4, 16], "texture": "#texture"},
				"up": {"uv": [0, 12, 4, 16], "texture": "#texture"},
				"down": {"uv": [0, 12, 4, 16], "texture": "#texture"}
			}
		},
		{
			"name": "Box67",
			"from": [7, 0.75, -2],
			"to": [9, 1.75, -1],
			"faces": {
				"north": {"uv": [0, 12, 4, 16], "texture": "#texture"},
				"east": {"uv": [0, 12, 4, 16], "texture": "#texture"},
				"south": {"uv": [0, 12, 4, 16], "texture": "#texture"},
				"west": {"uv": [0, 12, 4, 16], "texture": "#texture"},
				"up": {"uv": [0, 12, 4, 16], "texture": "#texture"},
				"down": {"uv": [0, 12, 4, 16], "texture": "#texture"}
			}
		},
		{
			"name": "Box67",
			"from": [7, 5.875, -2],
			"to": [9, 6.875, -1],
			"faces": {
				"north": {"uv": [0, 12, 4, 16], "texture": "#texture"},
				"east": {"uv": [0, 12, 4, 16], "texture": "#texture"},
				"south": {"uv": [0, 12, 4, 16], "texture": "#texture"},
				"west": {"uv": [0, 12, 4, 16], "texture": "#texture"},
				"up": {"uv": [0, 12, 4, 16], "texture": "#texture"},
				"down": {"uv": [0, 12, 4, 16], "texture": "#texture"}
			}
		},
		{
			"name": "Box69",
			"from": [5, 2.75, -2],
			"to": [6, 4.75, -1],
			"faces": {
				"north": {"uv": [0, 12, 4, 16], "texture": "#texture"},
				"east": {"uv": [0, 12, 4, 16], "texture": "#texture"},
				"south": {"uv": [0, 12, 4, 16], "texture": "#texture"},
				"west": {"uv": [0, 12, 4, 16], "texture": "#texture"},
				"up": {"uv": [0, 12, 4, 16], "texture": "#texture"},
				"down": {"uv": [0, 12, 4, 16], "texture": "#texture"}
			}
		},
		{
			"name": "Box69",
			"from": [10.125, 2.625, -2],
			"to": [11.125, 4.625, -1],
			"faces": {
				"north": {"uv": [0, 12, 4, 16], "texture": "#texture"},
				"east": {"uv": [0, 12, 4, 16], "texture": "#texture"},
				"south": {"uv": [0, 12, 4, 16], "texture": "#texture"},
				"west": {"uv": [0, 12, 4, 16], "texture": "#texture"},
				"up": {"uv": [0, 12, 4, 16], "texture": "#texture"},
				"down": {"uv": [0, 12, 4, 16], "texture": "#texture"}
			}
		},
		{
			"name": "Box71",
			"from": [5, 2.125, 1],
			"to": [6, 3.125, 8.75],
			"faces": {
				"north": {"uv": [4, 4, 8, 8], "texture": "#texture"},
				"east": {"uv": [4, 4, 8, 8], "texture": "#texture"},
				"south": {"uv": [4, 4, 8, 8], "texture": "#texture"},
				"west": {"uv": [4, 4, 8, 8], "texture": "#texture"},
				"up": {"uv": [4, 4, 8, 8], "texture": "#texture"},
				"down": {"uv": [4, 4, 8, 8], "texture": "#texture"}
			}
		},
		{
			"name": "Box72",
			"from": [6.125, 2.125, -0.625],
			"to": [10.125, 6.125, 0.375],
			"faces": {
				"north": {"uv": [12, 8, 16, 12], "texture": "#texture"},
				"east": {"uv": [12, 8, 16, 12], "texture": "#texture"},
				"south": {"uv": [12, 8, 16, 12], "texture": "#texture"},
				"west": {"uv": [12, 8, 16, 12], "texture": "#texture"},
				"up": {"uv": [12, 8, 16, 12], "texture": "#texture"},
				"down": {"uv": [12, 8, 16, 12], "texture": "#texture"}
			}
		}
	],
	"display": {
		"thirdperson_righthand": {
			"rotation": [0, 180, 0],
			"translation": [0, 7, 8.75],
			"scale": [1.05, 1.05, 1.25]
		},
		"thirdperson_lefthand": {
			"rotation": [0, -180, 0],
			"translation": [0, 7, 8.75],
			"scale": [1.05, 1.05, 1.25]
		},
		"firstperson_righthand": {
			"rotation": [0, 174, 0],
			"translation": [6, 5.75, 3],
			"scale": [1.25, 1.25, 1.3]
		},
		"firstperson_lefthand": {
			"rotation": [0, 172, 0],
			"translation": [4.5, 6.25, 4],
			"scale": [1.25, 1.25, 1.3]
		},
		"ground": {
			"rotation": [0, 0, 83]
		},
		"gui": {
			"rotation": [-74, -60, -90],
			"translation": [1.5, 2.25, 0],
			"scale": [0.55, 0.55, 0.7]
		},
		"head": {
			"rotation": [0, -90, 0],
			"translation": [18, 2, 0]
		},
		"fixed": {
			"rotation": [-90, -45, -90],
			"translation": [6.75, 5, -4.75],
			"scale": [2.3, 2.3, 2.6]
		}
	}
}