{
	"credit": "Made with Blockbench",
	"textures": {
		"0": "./black",
		"1": "./white",
		"particle": "./black"
	},
	"elements": [
		{
			"from": [5, 0, 6],
			"to": [10, 1, 11],
			"rotation": {"angle": 0, "axis": "y", "origin": [13, 8, 18]},
			"faces": {
				"north": {"uv": [0, 0, 5, 1], "texture": "#0"},
				"east": {"uv": [0, 0, 5, 1], "texture": "#0"},
				"south": {"uv": [0, 0, 5, 1], "texture": "#0"},
				"west": {"uv": [0, 0, 5, 1], "texture": "#0"},
				"up": {"uv": [0, 0, 5, 5], "texture": "#0"},
				"down": {"uv": [0, 0, 5, 5], "texture": "#0"}
			}
		},
		{
			"from": [6, 1, 7],
			"to": [9, 2, 10],
			"rotation": {"angle": 0, "axis": "y", "origin": [13, 9, 18]},
			"faces": {
				"north": {"uv": [0, 0, 3, 1], "texture": "#0"},
				"east": {"uv": [0, 0, 3, 1], "texture": "#0"},
				"south": {"uv": [0, 0, 3, 1], "texture": "#0"},
				"west": {"uv": [0, 0, 3, 1], "texture": "#0"},
				"up": {"uv": [0, 0, 3, 3], "texture": "#0"},
				"down": {"uv": [0, 0, 3, 3], "texture": "#0"}
			}
		},
		{
			"from": [7, 2, 8],
			"to": [8, 20, 9],
			"rotation": {"angle": 0, "axis": "y", "origin": [13, 10, 18]},
			"faces": {
				"north": {"uv": [0, 0, 1, 16], "texture": "#0"},
				"east": {"uv": [0, 0, 1, 16], "texture": "#0"},
				"south": {"uv": [0, 0, 1, 16], "texture": "#0"},
				"west": {"uv": [0, 0, 1, 16], "texture": "#0"},
				"up": {"uv": [0, 0, 1, 1], "texture": "#0"},
				"down": {"uv": [0, 0, 1, 1], "texture": "#0"}
			}
		},
		{
			"from": [5, 20, 8],
			"to": [10, 21, 9],
			"rotation": {"angle": 0, "axis": "y", "origin": [14, 28, 16]},
			"faces": {
				"north": {"uv": [0, 0, 5, 1], "texture": "#1"},
				"east": {"uv": [0, 0, 1, 1], "texture": "#1"},
				"south": {"uv": [0, 0, 5, 1], "texture": "#1"},
				"west": {"uv": [0, 0, 1, 1], "texture": "#1"},
				"up": {"uv": [0, 0, 5, 1], "texture": "#1"},
				"down": {"uv": [0, 0, 5, 1], "texture": "#1"}
			}
		},
		{
			"from": [5, 29.25, 8],
			"to": [10, 30.25, 9],
			"rotation": {"angle": 0, "axis": "y", "origin": [14, 37.25, 16]},
			"faces": {
				"north": {"uv": [0, 0, 5, 1], "texture": "#1"},
				"east": {"uv": [0, 0, 1, 1], "texture": "#1"},
				"south": {"uv": [0, 0, 5, 1], "texture": "#1"},
				"west": {"uv": [0, 0, 1, 1], "texture": "#1"},
				"up": {"uv": [0, 0, 5, 1], "texture": "#1"},
				"down": {"uv": [0, 0, 5, 1], "texture": "#1"}
			}
		},
		{
			"from": [2.5, 22.75, 8],
			"to": [3.5, 27.75, 9],
			"rotation": {"angle": 0, "axis": "y", "origin": [11.5, 14.75, 10]},
			"faces": {
				"north": {"uv": [0, 0, 1, 5], "texture": "#1"},
				"east": {"uv": [0, 0, 1, 5], "texture": "#1"},
				"south": {"uv": [0, 0, 1, 5], "texture": "#1"},
				"west": {"uv": [0, 0, 1, 5], "texture": "#1"},
				"up": {"uv": [0, 0, 1, 1], "texture": "#1"},
				"down": {"uv": [0, 0, 1, 1], "texture": "#1"}
			}
		},
		{
			"from": [11.5, 22.75, 8],
			"to": [12.5, 27.75, 9],
			"rotation": {"angle": 0, "axis": "y", "origin": [20.5, 14.75, 10]},
			"faces": {
				"north": {"uv": [0, 0, 1, 5], "texture": "#1"},
				"east": {"uv": [0, 0, 1, 5], "texture": "#1"},
				"south": {"uv": [0, 0, 1, 5], "texture": "#1"},
				"west": {"uv": [0, 0, 1, 5], "texture": "#1"},
				"up": {"uv": [0, 0, 1, 1], "texture": "#1"},
				"down": {"uv": [0, 0, 1, 1], "texture": "#1"}
			}
		},
		{
			"from": [1.03553, 21.90685, 8],
			"to": [2.03553, 25.90685, 9],
			"rotation": {"angle": 45, "axis": "z", "origin": [5.5, 26, 16]},
			"faces": {
				"north": {"uv": [0, 0, 4, 1], "rotation": 270, "texture": "#1"},
				"east": {"uv": [0, 0, 4, 1], "rotation": 90, "texture": "#1"},
				"south": {"uv": [0, 0, 4, 1], "rotation": 90, "texture": "#1"},
				"west": {"uv": [0, 0, 4, 1], "rotation": 90, "texture": "#1"},
				"up": {"uv": [0, 0, 1, 1], "rotation": 90, "texture": "#1"},
				"down": {"uv": [0, 0, 1, 1], "rotation": 90, "texture": "#1"}
			}
		},
		{
			"from": [6.59315, 18.53553, 8],
			"to": [10.59315, 19.53553, 9],
			"rotation": {"angle": 45, "axis": "z", "origin": [6.5, 23, 16]},
			"faces": {
				"north": {"uv": [0, 0, 4, 1], "texture": "#1"},
				"east": {"uv": [0, 0, 1, 1], "texture": "#1"},
				"south": {"uv": [0, 0, 4, 1], "texture": "#1"},
				"west": {"uv": [0, 0, 1, 1], "texture": "#1"},
				"up": {"uv": [0, 0, 4, 1], "texture": "#1"},
				"down": {"uv": [0, 0, 4, 1], "texture": "#1"}
			}
		},
		{
			"from": [4.03553, 23.15685, 8],
			"to": [5.03553, 27.15685, 9],
			"rotation": {"angle": -45, "axis": "z", "origin": [8.5, 27.25, 16]},
			"faces": {
				"north": {"uv": [0, 0, 4, 1], "rotation": 270, "texture": "#1"},
				"east": {"uv": [0, 0, 4, 1], "rotation": 90, "texture": "#1"},
				"south": {"uv": [0, 0, 4, 1], "rotation": 90, "texture": "#1"},
				"west": {"uv": [0, 0, 4, 1], "rotation": 90, "texture": "#1"},
				"up": {"uv": [0, 0, 1, 1], "rotation": 90, "texture": "#1"},
				"down": {"uv": [0, 0, 1, 1], "rotation": 90, "texture": "#1"}
			}
		},
		{
			"from": [5.40685, 27.71447, 8],
			"to": [9.40685, 28.71447, 9],
			"rotation": {"angle": -45, "axis": "z", "origin": [9.5, 24.25, 16]},
			"faces": {
				"north": {"uv": [0, 0, 4, 1], "rotation": 180, "texture": "#1"},
				"east": {"uv": [0, 0, 1, 1], "rotation": 180, "texture": "#1"},
				"south": {"uv": [0, 0, 4, 1], "rotation": 180, "texture": "#1"},
				"west": {"uv": [0, 0, 1, 1], "rotation": 180, "texture": "#1"},
				"up": {"uv": [0, 0, 4, 1], "rotation": 180, "texture": "#1"},
				"down": {"uv": [0, 0, 4, 1], "rotation": 180, "texture": "#1"}
			}
		}
	],
	"display": {
		"thirdperson_righthand": {
			"translation": [0, -6.5, 1.5]
		},
		"thirdperson_lefthand": {
			"translation": [-1, -6, 1]
		},
		"firstperson_righthand": {
			"translation": [2.5, -4.5, 0]
		},
		"firstperson_lefthand": {
			"translation": [0, -4.5, 0]
		},
		"ground": {
			"translation": [0, 3.5, 0],
			"scale": [0.75, 0.75, 0.75]
		},
		"gui": {
			"rotation": [-5, 138, 25],
			"translation": [-0.75, -2.75, 0],
			"scale": [0.5, 0.5, 0.5]
		},
		"fixed": {
			"rotation": [-90, 0, 0],
			"translation": [1, -1.5, -22.75],
			"scale": [2.75, 2.85, 2.75]
		}
	}
}