{"credit":"Made with Blockbench","textures":{"0":"./screwdriver_11","particle":"thedalekmod:items/sonics/screwdriver_11"},"elements":[{"from":[7.5,0,7.5],"to":[8.5,1,8.5],"faces":{"north":{"uv":[0.5,15.5,0.5,15.5],"texture":"#0"},"east":{"uv":[0,15,0.5,15.5],"texture":"#0"},"south":{"uv":[0.5,15.5,0.5,15.5],"texture":"#0"},"west":{"uv":[0.5,15.5,0.5,15.5],"texture":"#0"},"up":{"uv":[0.5,15.5,0.5,15.5],"rotation":90,"texture":"#0"},"down":{"uv":[0.5,15.5,0.5,15.5],"rotation":270,"texture":"#0"}}},{"from":[7.3,0.2,7.3],"to":[8.7,1.2,8.7],"faces":{"north":{"uv":[0.5,14.5,0.5,14.5],"texture":"#0"},"east":{"uv":[0.5,14.5,0.5,14.5],"texture":"#0"},"south":{"uv":[0.5,14.5,0.5,14.5],"texture":"#0"},"west":{"uv":[0.5,14.5,0.5,14.5],"texture":"#0"},"up":{"uv":[0.5,14.5,0.5,14.5],"rotation":90,"texture":"#0"},"down":{"uv":[0.5,14.5,0.5,14.5],"rotation":270,"texture":"#0"}}},{"from":[7,0.7,7.3],"to":[9,1.2,8.7],"faces":{"north":{"uv":[0.5,13.5,0.5,13.5],"texture":"#0"},"east":{"uv":[0.5,13.5,0.5,13.5],"texture":"#0"},"south":{"uv":[0.5,13.5,0.5,13.5],"texture":"#0"},"west":{"uv":[0.5,13.5,0.5,13.5],"texture":"#0"},"up":{"uv":[0.5,13.5,0.5,13.5],"rotation":90,"texture":"#0"},"down":{"uv":[0.5,13.5,0.5,13.5],"rotation":270,"texture":"#0"}}},{"from":[7.3,0.7,7],"to":[8.7,1.2,9],"faces":{"north":{"uv":[0.5,13.5,0.5,13.5],"texture":"#0"},"east":{"uv":[0.5,13.5,0.5,13.5],"texture":"#0"},"south":{"uv":[0.5,13.5,0.5,13.5],"texture":"#0"},"west":{"uv":[0.5,13.5,0.5,13.5],"texture":"#0"},"up":{"uv":[0.5,13.5,0.5,13.5],"rotation":90,"texture":"#0"},"down":{"uv":[0.5,13.5,0.5,13.5],"rotation":270,"texture":"#0"}}},{"from":[7.3,1.2,7.1],"to":[8.7,1.7,8.9],"faces":{"north":{"uv":[0.5,13.5,0.5,13.5],"texture":"#0"},"east":{"uv":[0.5,13.5,0.5,13.5],"texture":"#0"},"south":{"uv":[0.5,13.5,0.5,13.5],"texture":"#0"},"west":{"uv":[0.5,13.5,0.5,13.5],"texture":"#0"},"up":{"uv":[0.5,13.5,0.5,13.5],"rotation":90,"texture":"#0"},"down":{"uv":[0.5,13.5,0.5,13.5],"rotation":270,"texture":"#0"}}},{"from":[7.1,1.2,7.3],"to":[8.9,1.7,8.7],"faces":{"north":{"uv":[0.5,13.5,0.5,13.5],"texture":"#0"},"east":{"uv":[0.5,13.5,0.5,13.5],"texture":"#0"},"south":{"uv":[0.5,13.5,0.5,13.5],"texture":"#0"},"west":{"uv":[0.5,13.5,0.5,13.5],"texture":"#0"},"up":{"uv":[0.5,13.5,0.5,13.5],"rotation":90,"texture":"#0"},"down":{"uv":[0.5,13.5,0.5,13.5],"rotation":270,"texture":"#0"}}},{"from":[7.1,0.7,7.1],"to":[8.9,1.2,8.9],"faces":{"north":{"uv":[0.5,13.5,0.5,13.5],"texture":"#0"},"east":{"uv":[0.5,13.5,0.5,13.5],"texture":"#0"},"south":{"uv":[0.5,13.5,0.5,13.5],"texture":"#0"},"west":{"uv":[0.5,13.5,0.5,13.5],"texture":"#0"},"up":{"uv":[0.5,13.5,0.5,13.5],"rotation":90,"texture":"#0"},"down":{"uv":[0.5,13.5,0.5,13.5],"rotation":270,"texture":"#0"}}},{"from":[7.2,1.2,7.2],"to":[8.8,1.7,8.8],"faces":{"north":{"uv":[0.5,13.5,0.5,13.5],"texture":"#0"},"east":{"uv":[0.5,13.5,0.5,13.5],"texture":"#0"},"south":{"uv":[0.5,13.5,0.5,13.5],"texture":"#0"},"west":{"uv":[0.5,13.5,0.5,13.5],"texture":"#0"},"up":{"uv":[0.5,13.5,0.5,13.5],"rotation":90,"texture":"#0"},"down":{"uv":[0.5,13.5,0.5,13.5],"rotation":270,"texture":"#0"}}},{"from":[7.2,1.7,7.3],"to":[8.8,2.5,8.7],"faces":{"north":{"uv":[0.5,12.5,0.5,12.5],"texture":"#0"},"east":{"uv":[0.5,12.5,0.5,12.5],"texture":"#0"},"south":{"uv":[0.5,12.5,0.5,12.5],"texture":"#0"},"west":{"uv":[0.5,12.5,0.5,12.5],"texture":"#0"},"up":{"uv":[0.5,12.5,0.5,12.5],"rotation":90,"texture":"#0"},"down":{"uv":[0.5,12.5,0.5,12.5],"rotation":270,"texture":"#0"}}},{"from":[7.3,1.7,7.2],"to":[8.7,2.5,8.8],"faces":{"north":{"uv":[0.5,12.5,0.5,12.5],"texture":"#0"},"east":{"uv":[0.5,12.5,0.5,12.5],"texture":"#0"},"south":{"uv":[0.5,12.5,0.5,12.5],"texture":"#0"},"west":{"uv":[0.5,12.5,0.5,12.5],"texture":"#0"},"up":{"uv":[0.5,12.5,0.5,12.5],"rotation":90,"texture":"#0"},"down":{"uv":[0.5,12.5,0.5,12.5],"rotation":270,"texture":"#0"}}},{"from":[7.3,2.5,7.1],"to":[8.7,2.7,8.9],"faces":{"north":{"uv":[0.5,14.5,0.5,14.5],"texture":"#0"},"east":{"uv":[0.5,14.5,0.5,14.5],"texture":"#0"},"south":{"uv":[0.5,14.5,0.5,14.5],"texture":"#0"},"west":{"uv":[0.5,14.5,0.5,14.5],"texture":"#0"},"up":{"uv":[0.5,14.5,0.5,14.5],"rotation":90,"texture":"#0"},"down":{"uv":[0.5,14.5,0.5,14.5],"rotation":270,"texture":"#0"}}},{"from":[7.1,2.5,7.3],"to":[8.9,2.7,8.7],"faces":{"north":{"uv":[0.5,14.5,0.5,14.5],"texture":"#0"},"east":{"uv":[0.5,14.5,0.5,14.5],"texture":"#0"},"south":{"uv":[0.5,14.5,0.5,14.5],"texture":"#0"},"west":{"uv":[0.5,14.5,0.5,14.5],"texture":"#0"},"up":{"uv":[0.5,14.5,0.5,14.5],"rotation":90,"texture":"#0"},"down":{"uv":[0.5,14.5,0.5,14.5],"rotation":270,"texture":"#0"}}},{"from":[7.2,2.5,7.2],"to":[8.8,2.7,8.8],"faces":{"north":{"uv":[0.5,14.5,0.5,14.5],"texture":"#0"},"east":{"uv":[0.5,14.5,0.5,14.5],"texture":"#0"},"south":{"uv":[0.5,14.5,0.5,14.5],"texture":"#0"},"west":{"uv":[0.5,14.5,0.5,14.5],"texture":"#0"},"up":{"uv":[0.5,14.5,0.5,14.5],"rotation":90,"texture":"#0"},"down":{"uv":[0.5,14.5,0.5,14.5],"rotation":270,"texture":"#0"}}},{"from":[7.5,2.7,7.2],"to":[8.5,4.2,8.8],"faces":{"north":{"uv":[5,9,6,11],"texture":"#0"},"east":{"uv":[1.5,10.5,1.5,10.5],"texture":"#0"},"south":{"uv":[5,9,6,11],"texture":"#0"},"west":{"uv":[1.5,10.5,1.5,10.5],"texture":"#0"},"up":{"uv":[1.5,10.5,1.5,10.5],"rotation":90,"texture":"#0"},"down":{"uv":[1.5,10.5,1.5,10.5],"rotation":270,"texture":"#0"}}},{"from":[7.4,4.2,7.1],"to":[8.6,5.7,8.9],"faces":{"north":{"uv":[5,9,6,11],"texture":"#0"},"east":{"uv":[1.5,10.5,1.5,10.5],"texture":"#0"},"south":{"uv":[5,9,6,11],"texture":"#0"},"west":{"uv":[1.5,10.5,1.5,10.5],"texture":"#0"},"up":{"uv":[1.5,10.5,1.5,10.5],"rotation":90,"texture":"#0"},"down":{"uv":[1.5,10.5,1.5,10.5],"rotation":270,"texture":"#0"}}},{"from":[7.2,2.7,7.5],"to":[8.8,4.2,8.5],"faces":{"north":{"uv":[1.5,10.5,1.5,10.5],"texture":"#0"},"east":{"uv":[5,9,6,11],"texture":"#0"},"south":{"uv":[1.5,10.5,1.5,10.5],"texture":"#0"},"west":{"uv":[5,9,6,11],"texture":"#0"},"up":{"uv":[1.5,10.5,1.5,10.5],"rotation":90,"texture":"#0"},"down":{"uv":[1.5,10.5,1.5,10.5],"rotation":270,"texture":"#0"}}},{"from":[7.1,4.2,7.4],"to":[8.9,5.7,8.6],"faces":{"north":{"uv":[1.5,10.5,1.5,10.5],"texture":"#0"},"east":{"uv":[5,9,6,11],"texture":"#0"},"south":{"uv":[1.5,10.5,1.5,10.5],"texture":"#0"},"west":{"uv":[5,9,6,11],"texture":"#0"},"up":{"uv":[1.5,10.5,1.5,10.5],"rotation":90,"texture":"#0"},"down":{"uv":[1.5,10.5,1.5,10.5],"rotation":270,"texture":"#0"}}},{"from":[7.3,2.7,7.3],"to":[8.7,4.2,8.7],"faces":{"north":{"uv":[1.5,10.5,1.5,10.5],"texture":"#0"},"east":{"uv":[1.5,10.5,1.5,10.5],"texture":"#0"},"south":{"uv":[1.5,10.5,1.5,10.5],"texture":"#0"},"west":{"uv":[1.5,10.5,1.5,10.5],"texture":"#0"},"up":{"uv":[1.5,10.5,1.5,10.5],"rotation":90,"texture":"#0"},"down":{"uv":[1.5,10.5,1.5,10.5],"rotation":270,"texture":"#0"}}},{"from":[7.2,4.2,7.2],"to":[8.8,5.7,8.8],"faces":{"north":{"uv":[1.5,10.5,1.5,10.5],"texture":"#0"},"east":{"uv":[1.5,10.5,1.5,10.5],"texture":"#0"},"south":{"uv":[1.5,10.5,1.5,10.5],"texture":"#0"},"west":{"uv":[1.5,10.5,1.5,10.5],"texture":"#0"},"up":{"uv":[1.5,10.5,1.5,10.5],"rotation":90,"texture":"#0"},"down":{"uv":[1.5,10.5,1.5,10.5],"rotation":270,"texture":"#0"}}},{"from":[7.3,5.7,7],"to":[8.7,5.9,9],"faces":{"north":{"uv":[0.5,14.5,0.5,14.5],"texture":"#0"},"east":{"uv":[0.5,14.5,0.5,14.5],"texture":"#0"},"south":{"uv":[0.5,14.5,0.5,14.5],"texture":"#0"},"west":{"uv":[0.5,14.5,0.5,14.5],"texture":"#0"},"up":{"uv":[0.5,14.5,0.5,14.5],"rotation":90,"texture":"#0"},"down":{"uv":[0.5,14.5,0.5,14.5],"rotation":270,"texture":"#0"}}},{"from":[7,5.7,7.3],"to":[9,5.9,8.7],"faces":{"north":{"uv":[0.5,14.5,0.5,14.5],"texture":"#0"},"east":{"uv":[0.5,14.5,0.5,14.5],"texture":"#0"},"south":{"uv":[0.5,14.5,0.5,14.5],"texture":"#0"},"west":{"uv":[0.5,14.5,0.5,14.5],"texture":"#0"},"up":{"uv":[0.5,14.5,0.5,14.5],"rotation":90,"texture":"#0"},"down":{"uv":[0.5,14.5,0.5,14.5],"rotation":270,"texture":"#0"}}},{"from":[7.1,5.7,7.1],"to":[8.9,5.9,8.9],"faces":{"north":{"uv":[0.5,14.5,0.5,14.5],"texture":"#0"},"east":{"uv":[0.5,14.5,0.5,14.5],"texture":"#0"},"south":{"uv":[0.5,14.5,0.5,14.5],"texture":"#0"},"west":{"uv":[0.5,14.5,0.5,14.5],"texture":"#0"},"up":{"uv":[0.5,14.5,0.5,14.5],"rotation":90,"texture":"#0"},"down":{"uv":[0.5,14.5,0.5,14.5],"rotation":270,"texture":"#0"}}},{"from":[7.1,8,7.1],"to":[8.9,8.2,8.9],"faces":{"north":{"uv":[0.5,14.5,0.5,14.5],"texture":"#0"},"east":{"uv":[0.5,14.5,0.5,14.5],"texture":"#0"},"south":{"uv":[0.5,14.5,0.5,14.5],"texture":"#0"},"west":{"uv":[0.5,14.5,0.5,14.5],"texture":"#0"},"up":{"uv":[0.5,14.5,0.5,14.5],"rotation":90,"texture":"#0"},"down":{"uv":[0.5,14.5,0.5,14.5],"rotation":270,"texture":"#0"}}},{"from":[7.3,8,7],"to":[8.7,8.2,9],"faces":{"north":{"uv":[0.5,14.5,0.5,14.5],"texture":"#0"},"east":{"uv":[0.5,14.5,0.5,14.5],"texture":"#0"},"south":{"uv":[0.5,14.5,0.5,14.5],"texture":"#0"},"west":{"uv":[0.5,14.5,0.5,14.5],"texture":"#0"},"up":{"uv":[0.5,14.5,0.5,14.5],"rotation":90,"texture":"#0"},"down":{"uv":[0.5,14.5,0.5,14.5],"rotation":270,"texture":"#0"}}},{"from":[7,8,7.3],"to":[9,8.2,8.7],"faces":{"north":{"uv":[0.5,14.5,0.5,14.5],"texture":"#0"},"east":{"uv":[0.5,14.5,0.5,14.5],"texture":"#0"},"south":{"uv":[0.5,14.5,0.5,14.5],"texture":"#0"},"west":{"uv":[0.5,14.5,0.5,14.5],"texture":"#0"},"up":{"uv":[0.5,14.5,0.5,14.5],"rotation":90,"texture":"#0"},"down":{"uv":[0.5,14.5,0.5,14.5],"rotation":270,"texture":"#0"}}},{"from":[7.4,8.2,7.1],"to":[8.6,8.4,8.9],"faces":{"north":{"uv":[0.5,14.5,0.5,14.5],"texture":"#0"},"east":{"uv":[0.5,14.5,0.5,14.5],"texture":"#0"},"south":{"uv":[0.5,14.5,0.5,14.5],"texture":"#0"},"west":{"uv":[0.5,14.5,0.5,14.5],"texture":"#0"},"up":{"uv":[0.5,14.5,0.5,14.5],"rotation":90,"texture":"#0"},"down":{"uv":[0.5,14.5,0.5,14.5],"rotation":270,"texture":"#0"}}},{"from":[7.1,8.2,7.4],"to":[8.9,8.4,8.6],"faces":{"north":{"uv":[0.5,14.5,0.5,14.5],"texture":"#0"},"east":{"uv":[0.5,14.5,0.5,14.5],"texture":"#0"},"south":{"uv":[0.5,14.5,0.5,14.5],"texture":"#0"},"west":{"uv":[0.5,14.5,0.5,14.5],"texture":"#0"},"up":{"uv":[0.5,14.5,0.5,14.5],"rotation":90,"texture":"#0"},"down":{"uv":[0.5,14.5,0.5,14.5],"rotation":270,"texture":"#0"}}},{"from":[7.2,8.2,7.2],"to":[8.8,8.4,8.8],"faces":{"north":{"uv":[0.5,14.5,0.5,14.5],"texture":"#0"},"east":{"uv":[0.5,14.5,0.5,14.5],"texture":"#0"},"south":{"uv":[0.5,14.5,0.5,14.5],"texture":"#0"},"west":{"uv":[0.5,14.5,0.5,14.5],"texture":"#0"},"up":{"uv":[0.5,14.5,0.5,14.5],"rotation":90,"texture":"#0"},"down":{"uv":[0.5,14.5,0.5,14.5],"rotation":270,"texture":"#0"}}},{"from":[7.4,5.9,7.1],"to":[8.6,6.1,8.9],"faces":{"north":{"uv":[0.5,9.5,0.5,9.5],"texture":"#0"},"east":{"uv":[0.5,9.5,0.5,9.5],"texture":"#0"},"south":{"uv":[0.5,9.5,0.5,9.5],"texture":"#0"},"west":{"uv":[0.5,9.5,0.5,9.5],"texture":"#0"},"up":{"uv":[0.5,9.5,0.5,9.5],"rotation":90,"texture":"#0"},"down":{"uv":[0.5,9.5,0.5,9.5],"rotation":270,"texture":"#0"}}},{"from":[7.1,5.9,7.4],"to":[8.9,6.1,8.6],"faces":{"north":{"uv":[0.5,9.5,0.5,9.5],"texture":"#0"},"east":{"uv":[0.5,9.5,0.5,9.5],"texture":"#0"},"south":{"uv":[0.5,9.5,0.5,9.5],"texture":"#0"},"west":{"uv":[0.5,9.5,0.5,9.5],"texture":"#0"},"up":{"uv":[0.5,9.5,0.5,9.5],"rotation":90,"texture":"#0"},"down":{"uv":[0.5,9.5,0.5,9.5],"rotation":270,"texture":"#0"}}},{"from":[7.2,7.6,7.2],"to":[8.8,8,8.8],"faces":{"north":{"uv":[0.5,9.5,0.5,9.5],"texture":"#0"},"east":{"uv":[0.5,9.5,0.5,9.5],"texture":"#0"},"south":{"uv":[0.5,9.5,0.5,9.5],"texture":"#0"},"west":{"uv":[0.5,9.5,0.5,9.5],"texture":"#0"},"up":{"uv":[0.5,9.5,0.5,9.5],"rotation":90,"texture":"#0"},"down":{"uv":[0.5,9.5,0.5,9.5],"rotation":270,"texture":"#0"}}},{"from":[7.2,5.9,7.2],"to":[8.8,6.3,8.8],"faces":{"north":{"uv":[0.5,9.5,0.5,9.5],"texture":"#0"},"east":{"uv":[0.5,9.5,0.5,9.5],"texture":"#0"},"south":{"uv":[0.5,9.5,0.5,9.5],"texture":"#0"},"west":{"uv":[0.5,9.5,0.5,9.5],"texture":"#0"},"up":{"uv":[0.5,9.5,0.5,9.5],"rotation":90,"texture":"#0"},"down":{"uv":[0.5,9.5,0.5,9.5],"rotation":270,"texture":"#0"}}},{"from":[7.4,7.8,7.1],"to":[8.6,8,8.9],"faces":{"north":{"uv":[0.5,9.5,0.5,9.5],"texture":"#0"},"east":{"uv":[0.5,9.5,0.5,9.5],"texture":"#0"},"south":{"uv":[0.5,9.5,0.5,9.5],"texture":"#0"},"west":{"uv":[0.5,9.5,0.5,9.5],"texture":"#0"},"up":{"uv":[0.5,9.5,0.5,9.5],"rotation":90,"texture":"#0"},"down":{"uv":[0.5,9.5,0.5,9.5],"rotation":270,"texture":"#0"}}},{"from":[7.1,7.6,7.6],"to":[8.9,7.8,8.4],"faces":{"north":{"uv":[0.5,9.5,0.5,9.5],"texture":"#0"},"east":{"uv":[0.5,9.5,0.5,9.5],"texture":"#0"},"south":{"uv":[0.5,9.5,0.5,9.5],"texture":"#0"},"west":{"uv":[0.5,9.5,0.5,9.5],"texture":"#0"},"up":{"uv":[0.5,9.5,0.5,9.5],"rotation":90,"texture":"#0"},"down":{"uv":[0.5,9.5,0.5,9.5],"rotation":270,"texture":"#0"}}},{"from":[7.1,7.8,7.4],"to":[8.9,8,8.6],"faces":{"north":{"uv":[0.5,9.5,0.5,9.5],"texture":"#0"},"east":{"uv":[0.5,9.5,0.5,9.5],"texture":"#0"},"south":{"uv":[0.5,9.5,0.5,9.5],"texture":"#0"},"west":{"uv":[0.5,9.5,0.5,9.5],"texture":"#0"},"up":{"uv":[0.5,9.5,0.5,9.5],"rotation":90,"texture":"#0"},"down":{"uv":[0.5,9.5,0.5,9.5],"rotation":270,"texture":"#0"}}},{"from":[7.6,6.1,7.1],"to":[8.4,6.3,8.9],"faces":{"north":{"uv":[0.5,9.5,0.5,9.5],"texture":"#0"},"east":{"uv":[0.5,9.5,0.5,9.5],"texture":"#0"},"south":{"uv":[0.5,9.5,0.5,9.5],"texture":"#0"},"west":{"uv":[0.5,9.5,0.5,9.5],"texture":"#0"},"up":{"uv":[0.5,9.5,0.5,9.5],"rotation":90,"texture":"#0"},"down":{"uv":[0.5,9.5,0.5,9.5],"rotation":270,"texture":"#0"}}},{"from":[7.1,6.1,7.6],"to":[8.9,6.3,8.4],"faces":{"north":{"uv":[0.5,9.5,0.5,9.5],"texture":"#0"},"east":{"uv":[0.5,9.5,0.5,9.5],"texture":"#0"},"south":{"uv":[0.5,9.5,0.5,9.5],"texture":"#0"},"west":{"uv":[0.5,9.5,0.5,9.5],"texture":"#0"},"up":{"uv":[0.5,9.5,0.5,9.5],"rotation":90,"texture":"#0"},"down":{"uv":[0.5,9.5,0.5,9.5],"rotation":270,"texture":"#0"}}},{"from":[7.3,6.3,7.3],"to":[8.7,6.6,8.7],"faces":{"north":{"uv":[0.5,9.5,0.5,9.5],"texture":"#0"},"east":{"uv":[0.5,9.5,0.5,9.5],"texture":"#0"},"south":{"uv":[0.5,9.5,0.5,9.5],"texture":"#0"},"west":{"uv":[0.5,9.5,0.5,9.5],"texture":"#0"},"up":{"uv":[0.5,9.5,0.5,9.5],"rotation":90,"texture":"#0"},"down":{"uv":[0.5,9.5,0.5,9.5],"rotation":270,"texture":"#0"}}},{"from":[7.6,7.6,7.1],"to":[8.4,7.8,8.9],"faces":{"north":{"uv":[0.5,9.5,0.5,9.5],"texture":"#0"},"east":{"uv":[0.5,9.5,0.5,9.5],"texture":"#0"},"south":{"uv":[0.5,9.5,0.5,9.5],"texture":"#0"},"west":{"uv":[0.5,9.5,0.5,9.5],"texture":"#0"},"up":{"uv":[0.5,9.5,0.5,9.5],"rotation":90,"texture":"#0"},"down":{"uv":[0.5,9.5,0.5,9.5],"rotation":270,"texture":"#0"}}},{"from":[7.3,7.3,7.3],"to":[8.7,7.6,8.7],"faces":{"north":{"uv":[0.5,9.5,0.5,9.5],"texture":"#0"},"east":{"uv":[0.5,9.5,0.5,9.5],"texture":"#0"},"south":{"uv":[0.5,9.5,0.5,9.5],"texture":"#0"},"west":{"uv":[0.5,9.5,0.5,9.5],"texture":"#0"},"up":{"uv":[0.5,9.5,0.5,9.5],"rotation":90,"texture":"#0"},"down":{"uv":[0.5,9.5,0.5,9.5],"rotation":270,"texture":"#0"}}},{"from":[7.7,6.6,7.3],"to":[8.3,6.7,8.7],"faces":{"north":{"uv":[0.5,9.5,0.5,9.5],"texture":"#0"},"east":{"uv":[0.5,9.5,0.5,9.5],"texture":"#0"},"south":{"uv":[0.5,9.5,0.5,9.5],"texture":"#0"},"west":{"uv":[0.5,9.5,0.5,9.5],"texture":"#0"},"up":{"uv":[0.5,9.5,0.5,9.5],"rotation":90,"texture":"#0"},"down":{"uv":[0.5,9.5,0.5,9.5],"rotation":270,"texture":"#0"}}},{"from":[7.7,7.2,7.3],"to":[8.3,7.3,8.7],"faces":{"north":{"uv":[0.5,9.5,0.5,9.5],"texture":"#0"},"east":{"uv":[0.5,9.5,0.5,9.5],"texture":"#0"},"south":{"uv":[0.5,9.5,0.5,9.5],"texture":"#0"},"west":{"uv":[0.5,9.5,0.5,9.5],"texture":"#0"},"up":{"uv":[0.5,9.5,0.5,9.5],"rotation":90,"texture":"#0"},"down":{"uv":[0.5,9.5,0.5,9.5],"rotation":270,"texture":"#0"}}},{"from":[7.3,7.2,7.7],"to":[8.7,7.3,8.3],"faces":{"north":{"uv":[0.5,9.5,0.5,9.5],"texture":"#0"},"east":{"uv":[0.5,9.5,0.5,9.5],"texture":"#0"},"south":{"uv":[0.5,9.5,0.5,9.5],"texture":"#0"},"west":{"uv":[0.5,9.5,0.5,9.5],"texture":"#0"},"up":{"uv":[0.5,9.5,0.5,9.5],"rotation":90,"texture":"#0"},"down":{"uv":[0.5,9.5,0.5,9.5],"rotation":270,"texture":"#0"}}},{"from":[7.3,6.6,7.7],"to":[8.7,6.7,8.3],"faces":{"north":{"uv":[0.5,9.5,0.5,9.5],"texture":"#0"},"east":{"uv":[0.5,9.5,0.5,9.5],"texture":"#0"},"south":{"uv":[0.5,9.5,0.5,9.5],"texture":"#0"},"west":{"uv":[0.5,9.5,0.5,9.5],"texture":"#0"},"up":{"uv":[0.5,9.5,0.5,9.5],"rotation":90,"texture":"#0"},"down":{"uv":[0.5,9.5,0.5,9.5],"rotation":270,"texture":"#0"}}},{"from":[7.4,6.6,7.4],"to":[8.6,7.3,8.6],"faces":{"north":{"uv":[0.5,9.5,0.5,9.5],"texture":"#0"},"east":{"uv":[0.5,9.5,0.5,9.5],"texture":"#0"},"south":{"uv":[0.5,9.5,0.5,9.5],"texture":"#0"},"west":{"uv":[0.5,9.5,0.5,9.5],"texture":"#0"},"up":{"uv":[0.5,9.5,0.5,9.5],"rotation":90,"texture":"#0"},"down":{"uv":[0.5,9.5,0.5,9.5],"rotation":270,"texture":"#0"}}},{"from":[7.2,8.4,7.7],"to":[8.8,11.9,8.3],"faces":{"north":{"uv":[1.5,6.5,1.5,6.5],"texture":"#0"},"east":{"uv":[1.5,6.5,1.5,6.5],"texture":"#0"},"south":{"uv":[1.5,6.5,1.5,6.5],"texture":"#0"},"west":{"uv":[1.5,6.5,1.5,6.5],"texture":"#0"},"up":{"uv":[1.5,6.5,1.5,6.5],"texture":"#0"},"down":{"uv":[1.5,6.5,1.5,6.5],"texture":"#0"}}},{"from":[7.2,9.9,7.7],"to":[8.8,13.4,8.3],"shade":false,"rotation":{"angle":-45,"axis":"y","origin":[8,9.5,8]},"faces":{"north":{"uv":[14.4,0.5,14.5,0.5],"texture":"#0"},"east":{"uv":[14.5,0.5,15.5,11.5],"texture":"#0"},"south":{"uv":[14.4,0.5,14.5,0.5],"texture":"#0"},"west":{"uv":[14.5,0.5,15.5,11.5],"texture":"#0"},"up":{"uv":[14.4,0.5,14.5,0.5],"texture":"#0"},"down":{"uv":[14.4,0.5,14.5,0.5],"texture":"#0"}}},{"from":[7.2,9.9,7.7],"to":[8.8,13.4,8.3],"shade":false,"rotation":{"angle":45,"axis":"y","origin":[8,9.5,8]},"faces":{"north":{"uv":[14.4,0.5,14.5,0.5],"texture":"#0"},"east":{"uv":[14.5,0.5,15.5,11.5],"texture":"#0"},"south":{"uv":[14.4,0.5,14.5,0.5],"texture":"#0"},"west":{"uv":[14.5,0.5,15.5,11.5],"texture":"#0"},"up":{"uv":[14.4,0.5,14.5,0.5],"texture":"#0"},"down":{"uv":[14.4,0.5,14.5,0.5],"texture":"#0"}}},{"from":[7.7,8.4,7.2],"to":[8.3,11.9,8.8],"faces":{"north":{"uv":[1.5,6.5,1.5,6.5],"texture":"#0"},"east":{"uv":[1.5,6.5,1.5,6.5],"texture":"#0"},"south":{"uv":[1.5,6.5,1.5,6.5],"texture":"#0"},"west":{"uv":[1.5,6.5,1.5,6.5],"texture":"#0"},"up":{"uv":[1.5,6.5,1.5,6.5],"texture":"#0"},"down":{"uv":[1.5,6.5,1.5,6.5],"texture":"#0"}}},{"from":[7.65,11.2,7.15],"to":[8.35,12.7,8.85],"rotation":{"angle":-45,"axis":"y","origin":[8,9.5,8]},"faces":{"north":{"uv":[14.5,3.5,15.5,5.5],"texture":"#0"},"east":{"uv":[15,4.5,15,4.5],"texture":"#0"},"south":{"uv":[14.5,3.5,15.5,5.5],"texture":"#0"},"west":{"uv":[15,4.5,15,4.5],"texture":"#0"},"up":{"uv":[15,4.5,15,4.5],"texture":"#0"},"down":{"uv":[15,4.5,15,4.5],"texture":"#0"}}},{"from":[7.65,11.2,7.15],"to":[8.35,12.7,8.85],"rotation":{"angle":45,"axis":"y","origin":[8,9.5,8]},"faces":{"north":{"uv":[14.5,3.5,15.5,5.5],"texture":"#0"},"east":{"uv":[15,4.5,15,4.5],"texture":"#0"},"south":{"uv":[14.5,3.5,15.5,5.5],"texture":"#0"},"west":{"uv":[15,4.5,15,4.5],"texture":"#0"},"up":{"uv":[15,4.5,15,4.5],"texture":"#0"},"down":{"uv":[15,4.5,15,4.5],"texture":"#0"}}},{"from":[8.6,13.6,7.75],"to":[9.1,15.1,8.25],"rotation":{"angle":-22.5,"axis":"z","origin":[8.5,13,8]},"faces":{"north":{"uv":[9.5,10,10,10],"rotation":270,"texture":"#0"},"east":{"uv":[9.5,10,10,10],"rotation":270,"texture":"#0"},"south":{"uv":[9.5,10,10,10],"rotation":270,"texture":"#0"},"west":{"uv":[9.5,10,10,10],"rotation":270,"texture":"#0"},"up":{"uv":[9.5,10,10,10],"rotation":270,"texture":"#0"},"down":{"uv":[9.5,10,10,10],"rotation":270,"texture":"#0"}}},{"from":[8.3157,12.8154,7.75],"to":[8.8157,13.8154,8.25],"rotation":{"angle":-45,"axis":"z","origin":[8.5,13,8]},"faces":{"north":{"uv":[9.5,10,10,10],"rotation":270,"texture":"#0"},"east":{"uv":[9.5,10,10,10],"rotation":270,"texture":"#0"},"south":{"uv":[9.5,10,10,10],"rotation":270,"texture":"#0"},"west":{"uv":[9.5,10,10,10],"rotation":270,"texture":"#0"},"up":{"uv":[9.5,10,10,10],"rotation":270,"texture":"#0"},"down":{"uv":[9.5,10,10,10],"rotation":270,"texture":"#0"}}},{"from":[9.3472,14.7056,7.75],"to":[9.8472,15.2056,8.25],"faces":{"north":{"uv":[9.5,10,10,10],"rotation":270,"texture":"#0"},"east":{"uv":[9.5,10,10,10],"rotation":270,"texture":"#0"},"south":{"uv":[9.5,10,10,10],"rotation":270,"texture":"#0"},"west":{"uv":[9.5,10,10,10],"rotation":270,"texture":"#0"},"up":{"uv":[9.5,10,10,10],"rotation":270,"texture":"#0"},"down":{"uv":[9.5,10,10,10],"rotation":270,"texture":"#0"}}},{"from":[7.75,13.6,8.6],"to":[8.25,15.1,9.1],"rotation":{"angle":22.5,"axis":"x","origin":[8,13,8.5]},"faces":{"north":{"uv":[9.5,10,10,10],"rotation":270,"texture":"#0"},"east":{"uv":[9.5,10,10,10],"rotation":270,"texture":"#0"},"south":{"uv":[9.5,10,10,10],"rotation":270,"texture":"#0"},"west":{"uv":[9.5,10,10,10],"rotation":270,"texture":"#0"},"up":{"uv":[9.5,10,10,10],"texture":"#0"},"down":{"uv":[9.5,10,10,10],"rotation":180,"texture":"#0"}}},{"from":[7.75,12.8154,8.3157],"to":[8.25,13.8154,8.8157],"rotation":{"angle":45,"axis":"x","origin":[8,13,8.5]},"faces":{"north":{"uv":[9.5,10,10,10],"rotation":270,"texture":"#0"},"east":{"uv":[9.5,10,10,10],"rotation":270,"texture":"#0"},"south":{"uv":[9.5,10,10,10],"rotation":270,"texture":"#0"},"west":{"uv":[9.5,10,10,10],"rotation":270,"texture":"#0"},"up":{"uv":[9.5,10,10,10],"texture":"#0"},"down":{"uv":[9.5,10,10,10],"rotation":180,"texture":"#0"}}},{"from":[7.75,14.7056,9.3472],"to":[8.25,15.2056,9.8472],"faces":{"north":{"uv":[9.5,10,10,10],"rotation":270,"texture":"#0"},"east":{"uv":[9.5,10,10,10],"rotation":270,"texture":"#0"},"south":{"uv":[9.5,10,10,10],"rotation":270,"texture":"#0"},"west":{"uv":[9.5,10,10,10],"rotation":270,"texture":"#0"},"up":{"uv":[9.5,10,10,10],"texture":"#0"},"down":{"uv":[9.5,10,10,10],"rotation":180,"texture":"#0"}}},{"from":[6.9,13.6,7.75],"to":[7.4,15.1,8.25],"rotation":{"angle":22.5,"axis":"z","origin":[7.5,13,8]},"faces":{"north":{"uv":[9.5,10,10,10],"rotation":270,"texture":"#0"},"east":{"uv":[9.5,10,10,10],"rotation":270,"texture":"#0"},"south":{"uv":[9.5,10,10,10],"rotation":270,"texture":"#0"},"west":{"uv":[9.5,10,10,10],"rotation":270,"texture":"#0"},"up":{"uv":[9.5,10,10,10],"rotation":90,"texture":"#0"},"down":{"uv":[9.5,10,10,10],"rotation":90,"texture":"#0"}}},{"from":[7.1843,12.8154,7.75],"to":[7.6843,13.8154,8.25],"rotation":{"angle":45,"axis":"z","origin":[7.5,13,8]},"faces":{"north":{"uv":[9.5,10,10,10],"rotation":270,"texture":"#0"},"east":{"uv":[9.5,10,10,10],"rotation":270,"texture":"#0"},"south":{"uv":[9.5,10,10,10],"rotation":270,"texture":"#0"},"west":{"uv":[9.5,10,10,10],"rotation":270,"texture":"#0"},"up":{"uv":[9.5,10,10,10],"rotation":90,"texture":"#0"},"down":{"uv":[9.5,10,10,10],"rotation":90,"texture":"#0"}}},{"from":[6.1528,14.7056,7.75],"to":[6.6528,15.2056,8.25],"faces":{"north":{"uv":[9.5,10,10,10],"rotation":270,"texture":"#0"},"east":{"uv":[9.5,10,10,10],"rotation":270,"texture":"#0"},"south":{"uv":[9.5,10,10,10],"rotation":270,"texture":"#0"},"west":{"uv":[9.5,10,10,10],"rotation":270,"texture":"#0"},"up":{"uv":[9.5,10,10,10],"rotation":90,"texture":"#0"},"down":{"uv":[9.5,10,10,10],"rotation":90,"texture":"#0"}}},{"from":[7.75,13.6,6.9],"to":[8.25,15.1,7.4],"rotation":{"angle":-22.5,"axis":"x","origin":[8,13,7.5]},"faces":{"north":{"uv":[9.5,10,10,10],"rotation":270,"texture":"#0"},"east":{"uv":[9.5,10,10,10],"rotation":270,"texture":"#0"},"south":{"uv":[9.5,10,10,10],"rotation":270,"texture":"#0"},"west":{"uv":[9.5,10,10,10],"rotation":270,"texture":"#0"},"up":{"uv":[9.5,10,10,10],"rotation":180,"texture":"#0"},"down":{"uv":[9.5,10,10,10],"texture":"#0"}}},{"from":[7.75,12.8154,7.1843],"to":[8.25,13.8154,7.6843],"rotation":{"angle":-45,"axis":"x","origin":[8,13,7.5]},"faces":{"north":{"uv":[9.5,10,10,10],"rotation":270,"texture":"#0"},"east":{"uv":[9.5,10,10,10],"rotation":270,"texture":"#0"},"south":{"uv":[9.5,10,10,10],"rotation":270,"texture":"#0"},"west":{"uv":[9.5,10,10,10],"rotation":270,"texture":"#0"},"up":{"uv":[9.5,10,10,10],"rotation":180,"texture":"#0"},"down":{"uv":[9.5,10,10,10],"texture":"#0"}}},{"from":[7.75,14.7056,6.1528],"to":[8.25,15.2056,6.6528],"faces":{"north":{"uv":[9.5,10,10,10],"rotation":270,"texture":"#0"},"east":{"uv":[9.5,10,10,10],"rotation":270,"texture":"#0"},"south":{"uv":[9.5,10,10,10],"rotation":270,"texture":"#0"},"west":{"uv":[9.5,10,10,10],"rotation":270,"texture":"#0"},"up":{"uv":[9.5,10,10,10],"rotation":180,"texture":"#0"},"down":{"uv":[9.5,10,10,10],"texture":"#0"}}},{"from":[7.65,13.4,7.35],"to":[8.35,14.4,8.65],"rotation":{"angle":45,"axis":"y","origin":[8,9.5,8]},"faces":{"north":{"uv":[14.5,3.5,15.5,5.5],"texture":"#0"},"east":{"uv":[15,4.5,15,4.5],"texture":"#0"},"south":{"uv":[14.5,3.5,15.5,5.5],"texture":"#0"},"west":{"uv":[15,4.5,15,4.5],"texture":"#0"},"up":{"uv":[15,4.5,15,4.5],"texture":"#0"},"down":{"uv":[15,4.5,15,4.5],"texture":"#0"}}},{"from":[7.55,14.5,7.55],"to":[8.45,15,8.45],"faces":{"north":{"uv":[7,2,8,3],"texture":"#0"},"east":{"uv":[7,2,8,3],"texture":"#0"},"south":{"uv":[7,2,8,3],"texture":"#0"},"west":{"uv":[7,2,8,3],"texture":"#0"},"up":{"uv":[7,2,8,3],"texture":"#0"},"down":{"uv":[7,2,8,3],"texture":"#0"}}},{"from":[7.65,13.4,7.35],"to":[8.35,14.4,8.65],"rotation":{"angle":-45,"axis":"y","origin":[8,9.5,8]},"faces":{"north":{"uv":[14.5,3.5,15.5,5.5],"texture":"#0"},"east":{"uv":[15,4.5,15,4.5],"texture":"#0"},"south":{"uv":[14.5,3.5,15.5,5.5],"texture":"#0"},"west":{"uv":[15,4.5,15,4.5],"texture":"#0"},"up":{"uv":[15,4.5,15,4.5],"texture":"#0"},"down":{"uv":[15,4.5,15,4.5],"texture":"#0"}}},{"from":[7.75,14.4,7.75],"to":[8.25,14.6,8.25],"faces":{"north":{"uv":[14.5,3.5,15.5,5.5],"texture":"#0"},"east":{"uv":[15,4.5,15,4.5],"texture":"#0"},"south":{"uv":[14.5,3.5,15.5,5.5],"texture":"#0"},"west":{"uv":[15,4.5,15,4.5],"texture":"#0"},"up":{"uv":[15,4.5,15,4.5],"texture":"#0"},"down":{"uv":[15,4.5,15,4.5],"texture":"#0"}}},{"from":[7.7,15.2,7.7],"to":[8.3,15.7,8.3],"faces":{"north":{"uv":[7,2,8,3],"texture":"#0"},"east":{"uv":[7,2,8,3],"texture":"#0"},"south":{"uv":[7,2,8,3],"texture":"#0"},"west":{"uv":[7,2,8,3],"texture":"#0"},"up":{"uv":[7,2,8,3],"texture":"#0"},"down":{"uv":[7,2,8,3],"texture":"#0"}}},{"from":[7.8,15,7.8],"to":[8.2,15.2,8.2],"faces":{"north":{"uv":[7,2,8,3],"texture":"#0"},"east":{"uv":[7,2,8,3],"texture":"#0"},"south":{"uv":[7,2,8,3],"texture":"#0"},"west":{"uv":[7,2,8,3],"texture":"#0"},"up":{"uv":[7,2,8,3],"texture":"#0"},"down":{"uv":[7,2,8,3],"texture":"#0"}}}],"display":{"thirdperson_righthand":{"translation":[-0.24,0.2728,0.6956],"scale":[0.6,0.6,0.6]},"thirdperson_lefthand":{"translation":[-0.24,0.2728,0.6956],"scale":[0.6,0.6,0.6]},"firstperson_righthand":{"translation":[0,3.326,0]},"firstperson_lefthand":{"translation":[0,3.326,0]},"ground":{"rotation":[0,0,90],"scale":[0.55,0.55,0.55]},"gui":{"rotation":[0,45,45],"translation":[-0.171,0.2119,0],"scale":[1.15,1.15,1.08]},"head":{"rotation":[0,0,-90],"translation":[1.875,-4.684,-6.898]},"fixed":{"translation":[0,1.4211,0],"scale":[1.4,1.4,1.4]}}}