{
	"credit": "Made with Blockbench",
	"textures": {
		"0": "./black",
		"particle": "./black"
	},
	"elements": [
		{
			"from": [7, 0, 6],
			"to": [8, 10.25, 7],
			"rotation": {"angle": 0, "axis": "y", "origin": [15, 8, 14]},
			"faces": {
				"north": {"uv": [15, 0, 16, 10.25], "texture": "#0"},
				"east": {"uv": [15, 0, 16, 10.25], "texture": "#0"},
				"south": {"uv": [15, 0, 16, 10.25], "texture": "#0"},
				"west": {"uv": [15, 0, 16, 10.25], "texture": "#0"},
				"up": {"uv": [0, 0, 1, 1], "texture": "#0"},
				"down": {"uv": [0, 0, 1, 1], "texture": "#0"}
			}
		},
		{
			"from": [7, 11.75, 2.75],
			"to": [8, 12.75, 5.75],
			"rotation": {"angle": -22.5, "axis": "x", "origin": [15, 19.75, 10.75]},
			"faces": {
				"north": {"uv": [0, 0, 1, 1], "texture": "#0"},
				"east": {"uv": [0, 0, 3, 1], "texture": "#0"},
				"south": {"uv": [0, 0, 1, 1], "texture": "#0"},
				"west": {"uv": [0, 0, 3, 1], "texture": "#0"},
				"up": {"uv": [0, 0, 1, 3], "texture": "#0"},
				"down": {"uv": [0, 0, 1, 3], "texture": "#0"}
			}
		}
	],
	"display": {
		"thirdperson_righthand": {
			"rotation": [66, 0, 0],
			"translation": [0.75, -2.25, -1.25],
			"scale": [1.5, 1.5, 1.5]
		},
		"thirdperson_lefthand": {
			"rotation": [66, 0, 0],
			"translation": [-0.75, -2.25, -1.5],
			"scale": [1.5, 1.5, 1.5]
		},
		"firstperson_righthand": {
			"rotation": [2, -170, 0],
			"translation": [1.5, 2.5, 0]
		},
		"firstperson_lefthand": {
			"rotation": [2, -170, 0],
			"translation": [1.5, 2.5, 0]
		},
		"ground": {
			"translation": [0, 5.25, 0]
		},
		"gui": {
			"rotation": [0, 126, 0],
			"translation": [0.25, 2, 0]
		},
		"fixed": {
			"rotation": [0, 90, -90],
			"translation": [3, -1.5, -20],
			"scale": [2.5, 2.5, 2.5]
		}
	}
}