{
	"credit": "Made with Blockbench",
	"textures": {
		"0": "block/oak_planks",
		"1": "block/black_wool",
		"2": "block/orange_wool",
		"3": "block/white_wool",
		"4": "block/dark_oak_planks",
		"particle": "block/oak_planks"
	},
	"elements": [
		{
			"from": [1, 0, 10],
			"to": [2, 1, 14],
			"faces": {
				"north": {"uv": [0, 0, 1, 1], "texture": "#0"},
				"east": {"uv": [0, 0, 3, 1], "texture": "#0"},
				"south": {"uv": [0, 0, 1, 1], "texture": "#0"},
				"west": {"uv": [0, 0, 3, 1], "texture": "#0"},
				"up": {"uv": [3, 3, 4, 7], "texture": "#0"},
				"down": {"uv": [0, 4, 1, 8], "texture": "#0"}
			}
		},
		{
			"from": [1.7, 1, 3.5],
			"to": [2, 1.3, 12.9],
			"faces": {
				"north": {"uv": [0, 0, 1, 1], "texture": "#4"},
				"east": {"uv": [0, 0, 3, 1], "texture": "#4"},
				"south": {"uv": [0, 0, 1, 1], "texture": "#4"},
				"west": {"uv": [0, 0, 3, 1], "texture": "#4"},
				"up": {"uv": [3, 3, 4, 7], "texture": "#4"},
				"down": {"uv": [0, 4, 1, 8], "texture": "#4"}
			}
		},
		{
			"from": [1.7, 1, 1.5],
			"to": [2, 1.3, 10.9],
			"rotation": {"angle": 22.5, "axis": "y", "origin": [8, 8, 8]},
			"faces": {
				"north": {"uv": [0, 0, 1, 1], "texture": "#4"},
				"east": {"uv": [0, 0, 3, 1], "texture": "#4"},
				"south": {"uv": [0, 0, 1, 1], "texture": "#4"},
				"west": {"uv": [0, 0, 3, 1], "texture": "#4"},
				"up": {"uv": [3, 3, 4, 7], "texture": "#4"},
				"down": {"uv": [0, 4, 1, 8], "texture": "#4"}
			}
		},
		{
			"from": [0, 0, 3],
			"to": [1, 1, 14],
			"faces": {
				"north": {"uv": [0, 0, 1, 1], "texture": "#0"},
				"east": {"uv": [0, 0, 11, 1], "texture": "#0"},
				"south": {"uv": [0, 0, 1, 1], "texture": "#0"},
				"west": {"uv": [0, 0, 11, 1], "texture": "#0"},
				"up": {"uv": [0, 0, 1, 11], "texture": "#0"},
				"down": {"uv": [0, 0, 1, 11], "texture": "#0"}
			}
		},
		{
			"from": [2, 0, 3],
			"to": [16, 1, 14],
			"faces": {
				"north": {"uv": [0, 0, 14, 1], "texture": "#0"},
				"east": {"uv": [0, 0, 11, 1], "texture": "#0"},
				"south": {"uv": [0, 0, 14, 1], "texture": "#0"},
				"west": {"uv": [0, 0, 11, 1], "texture": "#0"},
				"up": {"uv": [0, 0, 14, 11], "texture": "#0"},
				"down": {"uv": [0, 0, 14, 11], "texture": "#0"}
			}
		},
		{
			"from": [1, 0, 3],
			"to": [2, 1, 7],
			"faces": {
				"north": {"uv": [0, 0, 1, 1], "texture": "#0"},
				"east": {"uv": [0, 0, 3, 1], "texture": "#0"},
				"south": {"uv": [0, 0, 1, 1], "texture": "#0"},
				"west": {"uv": [0, 0, 3, 1], "texture": "#0"},
				"up": {"uv": [0, 4, 1, 8], "texture": "#0"},
				"down": {"uv": [3, 3, 4, 7], "texture": "#0"}
			}
		},
		{
			"from": [10.1, 1, 8.7],
			"to": [12.1, 3, 11.7],
			"rotation": {"angle": 45, "axis": "y", "origin": [6, 8, 11]},
			"faces": {
				"north": {"uv": [0, 0, 2, 2], "texture": "#3"},
				"east": {"uv": [0, 0, 3, 2], "texture": "#3"},
				"south": {"uv": [0, 0, 2, 2], "texture": "#3"},
				"west": {"uv": [0, 0, 3, 2], "texture": "#3"},
				"up": {"uv": [0, 0, 2, 3], "texture": "#3"},
				"down": {"uv": [0, 0, 2, 3], "texture": "#3"}
			}
		},
		{
			"from": [9.7, 1, 11.1],
			"to": [11.7, 3, 14.1],
			"rotation": {"angle": 45, "axis": "y", "origin": [7, 8, 9]},
			"faces": {
				"north": {"uv": [0, 0, 2, 2], "texture": "#3"},
				"east": {"uv": [0, 0, 3, 2], "texture": "#3"},
				"south": {"uv": [0, 0, 2, 2], "texture": "#3"},
				"west": {"uv": [0, 0, 3, 2], "texture": "#3"},
				"up": {"uv": [0, 0, 2, 3], "texture": "#3"},
				"down": {"uv": [0, 0, 2, 3], "texture": "#3"}
			}
		},
		{
			"from": [10.8, 1.7, 8.6],
			"to": [11.5, 2.4, 11.8],
			"rotation": {"angle": 45, "axis": "y", "origin": [6, 8, 11]},
			"faces": {
				"north": {"uv": [0, 0, 0.7, 0.7], "texture": "#2"},
				"east": {"uv": [0, 0, 3.2, 0.7], "texture": "#2"},
				"south": {"uv": [0, 0, 0.7, 0.7], "texture": "#2"},
				"west": {"uv": [0, 0, 3.2, 0.7], "texture": "#2"},
				"up": {"uv": [0, 0, 0.7, 3.2], "texture": "#2"},
				"down": {"uv": [0, 0, 0.7, 3.2], "texture": "#2"}
			}
		},
		{
			"from": [10.4, 1.7, 11],
			"to": [11.1, 2.4, 14.2],
			"rotation": {"angle": 45, "axis": "y", "origin": [7, 8, 9]},
			"faces": {
				"north": {"uv": [0, 0, 0.7, 0.7], "texture": "#2"},
				"east": {"uv": [0, 0, 3.2, 0.7], "texture": "#2"},
				"south": {"uv": [0, 0, 0.7, 0.7], "texture": "#2"},
				"west": {"uv": [0, 0, 3.2, 0.7], "texture": "#2"},
				"up": {"uv": [0, 0, 0.7, 3.2], "texture": "#2"},
				"down": {"uv": [0, 0, 0.7, 3.2], "texture": "#2"}
			}
		},
		{
			"from": [10, 1, 8.8],
			"to": [12.2, 3.1, 11.6],
			"rotation": {"angle": 45, "axis": "y", "origin": [6, 8, 11]},
			"faces": {
				"north": {"uv": [0, 0, 2.2, 2.1], "texture": "#1"},
				"east": {"uv": [0, 0, 2.8, 2.1], "texture": "#1"},
				"south": {"uv": [0, 0, 2.2, 2.1], "texture": "#1"},
				"west": {"uv": [0, 0, 2.8, 2.1], "texture": "#1"},
				"up": {"uv": [0, 0, 2.2, 2.8], "texture": "#1"},
				"down": {"uv": [0, 0, 2.2, 2.8], "texture": "#1"}
			}
		},
		{
			"from": [9.6, 1, 11.2],
			"to": [11.8, 3.1, 14],
			"rotation": {"angle": 45, "axis": "y", "origin": [7, 8, 9]},
			"faces": {
				"north": {"uv": [0, 0, 2.2, 2.1], "texture": "#1"},
				"east": {"uv": [0, 0, 2.8, 2.1], "texture": "#1"},
				"south": {"uv": [0, 0, 2.2, 2.1], "texture": "#1"},
				"west": {"uv": [0, 0, 2.8, 2.1], "texture": "#1"},
				"up": {"uv": [0, 0, 2.2, 2.8], "texture": "#1"},
				"down": {"uv": [0, 0, 2.2, 2.8], "texture": "#1"}
			}
		},
		{
			"from": [7.8, 1, 8.9],
			"to": [9.8, 3, 11.9],
			"rotation": {"angle": 45, "axis": "y", "origin": [6, 8, 12]},
			"faces": {
				"north": {"uv": [0, 0, 2, 2], "texture": "#3"},
				"east": {"uv": [0, 0, 3, 2], "texture": "#3"},
				"south": {"uv": [0, 0, 2, 2], "texture": "#3"},
				"west": {"uv": [0, 0, 3, 2], "texture": "#3"},
				"up": {"uv": [0, 0, 2, 3], "texture": "#3"},
				"down": {"uv": [0, 0, 2, 3], "texture": "#3"}
			}
		},
		{
			"from": [7.4, 1, 11.3],
			"to": [9.4, 3, 14.3],
			"rotation": {"angle": 45, "axis": "y", "origin": [7, 8, 10]},
			"faces": {
				"north": {"uv": [0, 0, 2, 2], "texture": "#3"},
				"east": {"uv": [0, 0, 3, 2], "texture": "#3"},
				"south": {"uv": [0, 0, 2, 2], "texture": "#3"},
				"west": {"uv": [0, 0, 3, 2], "texture": "#3"},
				"up": {"uv": [0, 0, 2, 3], "texture": "#3"},
				"down": {"uv": [0, 0, 2, 3], "texture": "#3"}
			}
		},
		{
			"from": [8.5, 1.7, 8.8],
			"to": [9.2, 2.4, 12],
			"rotation": {"angle": 45, "axis": "y", "origin": [6, 8, 12]},
			"faces": {
				"north": {"uv": [0, 0, 0.7, 0.7], "texture": "#2"},
				"east": {"uv": [0, 0, 3.2, 0.7], "texture": "#2"},
				"south": {"uv": [0, 0, 0.7, 0.7], "texture": "#2"},
				"west": {"uv": [0, 0, 3.2, 0.7], "texture": "#2"},
				"up": {"uv": [0, 0, 0.7, 3.2], "texture": "#2"},
				"down": {"uv": [0, 0, 0.7, 3.2], "texture": "#2"}
			}
		},
		{
			"from": [8.1, 1.7, 11.2],
			"to": [8.8, 2.4, 14.4],
			"rotation": {"angle": 45, "axis": "y", "origin": [7, 8, 10]},
			"faces": {
				"north": {"uv": [0, 0, 0.7, 0.7], "texture": "#2"},
				"east": {"uv": [0, 0, 3.2, 0.7], "texture": "#2"},
				"south": {"uv": [0, 0, 0.7, 0.7], "texture": "#2"},
				"west": {"uv": [0, 0, 3.2, 0.7], "texture": "#2"},
				"up": {"uv": [0, 0, 0.7, 3.2], "texture": "#2"},
				"down": {"uv": [0, 0, 0.7, 3.2], "texture": "#2"}
			}
		},
		{
			"from": [7.7, 1, 9],
			"to": [9.9, 3.1, 11.8],
			"rotation": {"angle": 45, "axis": "y", "origin": [6, 8, 12]},
			"faces": {
				"north": {"uv": [0, 0, 2.2, 2.1], "texture": "#1"},
				"east": {"uv": [0, 0, 2.8, 2.1], "texture": "#1"},
				"south": {"uv": [0, 0, 2.2, 2.1], "texture": "#1"},
				"west": {"uv": [0, 0, 2.8, 2.1], "texture": "#1"},
				"up": {"uv": [0, 0, 2.2, 2.8], "texture": "#1"},
				"down": {"uv": [0, 0, 2.2, 2.8], "texture": "#1"}
			}
		},
		{
			"from": [7.3, 1, 11.4],
			"to": [9.5, 3.1, 14.2],
			"rotation": {"angle": 45, "axis": "y", "origin": [7, 8, 10]},
			"faces": {
				"north": {"uv": [0, 0, 2.2, 2.1], "texture": "#1"},
				"east": {"uv": [0, 0, 2.8, 2.1], "texture": "#1"},
				"south": {"uv": [0, 0, 2.2, 2.1], "texture": "#1"},
				"west": {"uv": [0, 0, 2.8, 2.1], "texture": "#1"},
				"up": {"uv": [0, 0, 2.2, 2.8], "texture": "#1"},
				"down": {"uv": [0, 0, 2.2, 2.8], "texture": "#1"}
			}
		}
	],
	"display": {
		"thirdperson_righthand": {
			"rotation": [43, -1, 0],
			"translation": [-1.5, 3.25, 0.75],
			"scale": [0.47, 0.47, 0.47]
		},
		"thirdperson_lefthand": {
			"rotation": [43, -1, 0],
			"translation": [-1.5, 3.25, 0.75],
			"scale": [0.47, 0.47, 0.47]
		},
		"firstperson_righthand": {
			"rotation": [24, -3, 0],
			"translation": [1.5, 5.75, 0],
			"scale": [0.62, 0.62, 0.62]
		},
		"firstperson_lefthand": {
			"rotation": [24, -3, 0],
			"translation": [1.5, 5.75, 0],
			"scale": [0.62, 0.62, 0.62]
		},
		"ground": {
			"translation": [0, 3.5, 0],
			"scale": [0.48, 0.49, 0.49]
		},
		"gui": {
			"rotation": [36, 55, 0],
			"translation": [-0.5, 6, 0],
			"scale": [0.91, 0.91, 0.91]
		},
		"fixed": {
			"rotation": [-90, 0, 0],
			"translation": [0, -0.75, -10.75],
			"scale": [1.36, 1.36, 1.36]
		}
	},
	"groups": [
		{
			"name": "group",
			"origin": [8, 8, 8],
			"children": [0, 1, 2, 3, 4, 5]
		},
		{
			"name": "group",
			"origin": [8, 8, 8],
			"children": [6, 7, 8, 9, 10, 11]
		},
		{
			"name": "group",
			"origin": [8, 8, 8],
			"children": [12, 13, 14, 15, 16, 17]
		}
	]
}