{
	"credit": "Made with Blockbench",
	"textures": {
		"0": "./anonimys",
		"particle": "./anonimys"
	},
	"elements": [
		{
			"from": [5, 0, 11],
			"to": [11, 1, 12],
			"rotation": {"angle": 0, "axis": "y", "origin": [18, 8, 19]},
			"faces": {
				"north": {"uv": [9, 13, 15, 14], "texture": "#0"},
				"east": {"uv": [0, 0, 1, 1], "texture": "#0"},
				"south": {"uv": [9, 13, 15, 14], "texture": "#0"},
				"west": {"uv": [0, 0, 1, 1], "texture": "#0"},
				"up": {"uv": [0, 0, 6, 1], "texture": "#0"},
				"down": {"uv": [9, 13, 15, 14], "texture": "#0"}
			}
		},
		{
			"from": [4, 1, 11],
			"to": [12, 8, 12],
			"rotation": {"angle": 0, "axis": "y", "origin": [18, 9, 19]},
			"faces": {
				"north": {"uv": [8, 9, 16, 16], "texture": "#0"},
				"east": {"uv": [0, 0, 1, 7], "texture": "#0"},
				"south": {"uv": [8, 9, 16, 16], "texture": "#0"},
				"west": {"uv": [0, 0, 1, 7], "texture": "#0"},
				"up": {"uv": [0, 0, 8, 1], "texture": "#0"},
				"down": {"uv": [0, 0, 8, 1], "texture": "#0"}
			}
		},
		{
			"from": [12, 5, 9],
			"to": [13, 8, 11],
			"rotation": {"angle": 0, "axis": "y", "origin": [19, 9, 18]},
			"faces": {
				"north": {"uv": [0, 0, 1, 3], "texture": "#0"},
				"east": {"uv": [0, 0, 2, 3], "texture": "#0"},
				"south": {"uv": [0, 0, 1, 3], "texture": "#0"},
				"west": {"uv": [0, 0, 2, 3], "texture": "#0"},
				"up": {"uv": [0, 0, 1, 2], "texture": "#0"},
				"down": {"uv": [0, 0, 1, 2], "texture": "#0"}
			}
		},
		{
			"from": [3, 5, 9],
			"to": [4, 8, 11],
			"rotation": {"angle": 0, "axis": "y", "origin": [10, 9, 18]},
			"faces": {
				"north": {"uv": [0, 0, 1, 3], "texture": "#0"},
				"east": {"uv": [0, 0, 2, 3], "texture": "#0"},
				"south": {"uv": [0, 0, 1, 3], "texture": "#0"},
				"west": {"uv": [0, 0, 2, 3], "texture": "#0"},
				"up": {"uv": [0, 0, 1, 2], "texture": "#0"},
				"down": {"uv": [0, 0, 1, 2], "texture": "#0"}
			}
		},
		{
			"from": [12, 2, 10],
			"to": [13, 5, 11],
			"rotation": {"angle": 0, "axis": "y", "origin": [19, 6, 18]},
			"faces": {
				"north": {"uv": [0, 0, 1, 3], "texture": "#0"},
				"east": {"uv": [0, 0, 1, 3], "texture": "#0"},
				"south": {"uv": [0, 0, 1, 3], "texture": "#0"},
				"west": {"uv": [0, 0, 1, 3], "texture": "#0"},
				"up": {"uv": [0, 0, 1, 1], "texture": "#0"},
				"down": {"uv": [0, 0, 1, 1], "texture": "#0"}
			}
		},
		{
			"from": [3, 2, 10],
			"to": [4, 5, 11],
			"rotation": {"angle": 0, "axis": "y", "origin": [10, 6, 18]},
			"faces": {
				"north": {"uv": [0, 0, 1, 3], "texture": "#0"},
				"east": {"uv": [0, 0, 1, 3], "texture": "#0"},
				"south": {"uv": [0, 0, 1, 3], "texture": "#0"},
				"west": {"uv": [0, 0, 1, 3], "texture": "#0"},
				"up": {"uv": [0, 0, 1, 1], "texture": "#0"},
				"down": {"uv": [0, 0, 1, 1], "texture": "#0"}
			}
		},
		{
			"from": [12, 2, 9],
			"to": [13, 3, 10],
			"rotation": {"angle": 0, "axis": "y", "origin": [19, 6, 17]},
			"faces": {
				"north": {"uv": [0, 0, 1, 1], "texture": "#0"},
				"east": {"uv": [0, 0, 1, 1], "texture": "#0"},
				"south": {"uv": [0, 0, 1, 1], "texture": "#0"},
				"west": {"uv": [0, 0, 1, 1], "texture": "#0"},
				"up": {"uv": [0, 0, 1, 1], "texture": "#0"},
				"down": {"uv": [0, 0, 1, 1], "texture": "#0"}
			}
		},
		{
			"from": [3, 2, 9],
			"to": [4, 3, 10],
			"rotation": {"angle": 0, "axis": "y", "origin": [10, 6, 17]},
			"faces": {
				"north": {"uv": [0, 0, 1, 1], "texture": "#0"},
				"east": {"uv": [0, 0, 1, 1], "texture": "#0"},
				"south": {"uv": [0, 0, 1, 1], "texture": "#0"},
				"west": {"uv": [0, 0, 1, 1], "texture": "#0"},
				"up": {"uv": [0, 0, 1, 1], "texture": "#0"},
				"down": {"uv": [0, 0, 1, 1], "texture": "#0"}
			}
		},
		{
			"from": [12, 4, 9],
			"to": [13, 5, 10],
			"rotation": {"angle": 0, "axis": "y", "origin": [19, 8, 17]},
			"faces": {
				"north": {"uv": [0, 0, 1, 1], "texture": "#0"},
				"east": {"uv": [0, 0, 1, 1], "texture": "#0"},
				"south": {"uv": [0, 0, 1, 1], "texture": "#0"},
				"west": {"uv": [0, 0, 1, 1], "texture": "#0"},
				"up": {"uv": [0, 0, 1, 1], "texture": "#0"},
				"down": {"uv": [0, 0, 1, 1], "texture": "#0"}
			}
		},
		{
			"from": [12, 3, 3],
			"to": [13, 4, 10],
			"rotation": {"angle": 0, "axis": "y", "origin": [19, 7, 17]},
			"faces": {
				"north": {"uv": [15, 0, 16, 1], "texture": "#0"},
				"east": {"uv": [9, 0, 16, 1], "texture": "#0"},
				"south": {"uv": [15, 0, 16, 1], "texture": "#0"},
				"west": {"uv": [9, 0, 16, 1], "texture": "#0"},
				"up": {"uv": [15, 0, 16, 7], "texture": "#0"},
				"down": {"uv": [15, 0, 16, 7], "texture": "#0"}
			}
		},
		{
			"from": [3, 3, 3],
			"to": [4, 4, 10],
			"rotation": {"angle": 0, "axis": "y", "origin": [10, 7, 17]},
			"faces": {
				"north": {"uv": [15, 0, 16, 1], "texture": "#0"},
				"east": {"uv": [9, 0, 16, 1], "texture": "#0"},
				"south": {"uv": [15, 0, 16, 1], "texture": "#0"},
				"west": {"uv": [9, 0, 16, 1], "texture": "#0"},
				"up": {"uv": [15, 0, 16, 7], "texture": "#0"},
				"down": {"uv": [15, 0, 16, 7], "texture": "#0"}
			}
		},
		{
			"from": [4, 3, 2],
			"to": [12, 4, 3],
			"rotation": {"angle": 0, "axis": "y", "origin": [11, 7, 10]},
			"faces": {
				"north": {"uv": [15, 0, 16, 1], "texture": "#0"},
				"east": {"uv": [9, 0, 16, 1], "texture": "#0"},
				"south": {"uv": [15, 0, 16, 1], "texture": "#0"},
				"west": {"uv": [9, 0, 16, 1], "texture": "#0"},
				"up": {"uv": [15, 0, 16, 7], "texture": "#0"},
				"down": {"uv": [15, 0, 16, 7], "texture": "#0"}
			}
		},
		{
			"from": [3, 4, 9],
			"to": [4, 5, 10],
			"rotation": {"angle": 0, "axis": "y", "origin": [10, 8, 17]},
			"faces": {
				"north": {"uv": [0, 0, 1, 1], "texture": "#0"},
				"east": {"uv": [0, 0, 1, 1], "texture": "#0"},
				"south": {"uv": [0, 0, 1, 1], "texture": "#0"},
				"west": {"uv": [0, 0, 1, 1], "texture": "#0"},
				"up": {"uv": [0, 0, 1, 1], "texture": "#0"},
				"down": {"uv": [0, 0, 1, 1], "texture": "#0"}
			}
		},
		{
			"from": [4, 8, 9],
			"to": [12, 9, 11],
			"rotation": {"angle": 0, "axis": "y", "origin": [18, 10, 18]},
			"faces": {
				"north": {"uv": [0, 0, 8, 1], "texture": "#0"},
				"east": {"uv": [0, 0, 2, 1], "texture": "#0"},
				"south": {"uv": [0, 0, 8, 1], "texture": "#0"},
				"west": {"uv": [0, 0, 2, 1], "texture": "#0"},
				"up": {"uv": [0, 0, 8, 2], "texture": "#0"},
				"down": {"uv": [0, 0, 8, 2], "texture": "#0"}
			}
		}
	],
	"display": {
		"thirdperson_righthand": {
			"rotation": [0, -180, -91],
			"translation": [-5, 0, -4]
		},
		"thirdperson_lefthand": {
			"rotation": [0, -180, -91],
			"translation": [-5, 0, -4]
		},
		"firstperson_righthand": {
			"rotation": [0, -177, 0],
			"translation": [0, 5.5, 0.75]
		},
		"firstperson_lefthand": {
			"rotation": [0, -180, 0],
			"translation": [-0.5, 6.5, 1.75]
		},
		"ground": {
			"translation": [0, 4.75, 0]
		},
		"gui": {
			"rotation": [24, -34, 0],
			"translation": [-0.25, 4.25, 0],
			"scale": [1, 1.2, 1]
		},
		"head": {
			"rotation": [0, -180, 0],
			"translation": [0, 5.75, -1.75],
			"scale": [1.61, 1.61, 1.61]
		},
		"fixed": {
			"rotation": [0, -180, 0],
			"translation": [0, 6.25, 1],
			"scale": [1.5, 1.8, 1.5]
		}
	}
}