{
	"credit": "Made with Blockbench",
	"textures": {
		"0": "./microphone",
		"particle": "./microphone"
	},
	"elements": [
		{
			"from": [7, 0, 7],
			"to": [8, 4, 8],
			"rotation": {"angle": 0, "axis": "y", "origin": [15, 8, 15]},
			"faces": {
				"north": {"uv": [0, 12, 1, 16], "texture": "#0"},
				"east": {"uv": [3, 12, 4, 16], "texture": "#0"},
				"south": {"uv": [1, 12, 2, 16], "texture": "#0"},
				"west": {"uv": [2, 12, 3, 16], "texture": "#0"},
				"up": {"uv": [5, 15, 6, 16], "texture": "#0"},
				"down": {"uv": [6, 15, 7, 16], "texture": "#0"}
			}
		},
		{
			"from": [6.5, 3.5, 6.5],
			"to": [8.5, 5.75, 8.5],
			"rotation": {"angle": 0, "axis": "y", "origin": [15, 11.5, 15]},
			"faces": {
				"north": {"uv": [0, 0, 2, 2.25], "texture": "#0"},
				"east": {"uv": [9, 0, 11, 2.25], "texture": "#0"},
				"south": {"uv": [3, 0, 5, 2.25], "texture": "#0"},
				"west": {"uv": [6, 0, 8, 2.25], "texture": "#0"},
				"up": {"uv": [14, 0, 16, 2], "texture": "#0"},
				"down": {"uv": [14, 4, 16, 6], "texture": "#0"}
			}
		}
	],
	"display": {
		"thirdperson_righthand": {
			"translation": [0, 5.5, 1.75]
		},
		"thirdperson_lefthand": {
			"translation": [-1, 6, 2]
		},
		"firstperson_righthand": {
			"rotation": [0, 0, 10.5],
			"translation": [-0.75, 6.5, 1.5]
		},
		"firstperson_lefthand": {
			"rotation": [0, 0, 10.25],
			"translation": [-1.25, 6.25, 1]
		},
		"ground": {
			"translation": [0, 4.75, 0]
		},
		"gui": {
			"rotation": [0, 40, 21],
			"translation": [-1, 6.75, 0],
			"scale": [1.4, 1.4, 1.4]
		},
		"fixed": {
			"rotation": [-6.5, 0, 0],
			"translation": [0.75, 7, -1.25],
			"scale": [1.5, 1.5, 1.5]
		}
	}
}