{
	"credit": "Made with Blockbench",
	"textures": {
		"6": "./black_concrete",
		"10": "./black_wool"
	},
	"elements": [
		{
			"from": [2, 5, 0.75],
			"to": [13, 10, 7],
			"faces": {
				"north": {"uv": [3, 6, 14, 11], "texture": "#6"},
				"east": {"uv": [9, 6, 15, 11], "texture": "#6"},
				"south": {"uv": [2, 6, 13, 11], "texture": "#6"},
				"west": {"uv": [1, 6, 7, 11], "texture": "#6"},
				"up": {"uv": [2, 1, 13, 7], "texture": "#6"},
				"down": {"uv": [2, 9, 13, 15], "texture": "#6"}
			}
		},
		{
			"from": [2, 10, 1],
			"to": [13, 11, 5],
			"faces": {
				"north": {"uv": [3, 5, 14, 6], "texture": "#6"},
				"east": {"uv": [11, 5, 15, 6], "texture": "#6"},
				"south": {"uv": [2, 5, 13, 6], "texture": "#6"},
				"west": {"uv": [1, 5, 5, 6], "texture": "#6"},
				"up": {"uv": [2, 1, 13, 5], "texture": "#6"},
				"down": {"uv": [2, 11, 13, 15], "texture": "#6"}
			}
		},
		{
			"from": [2, 4, 1],
			"to": [13, 5, 5],
			"faces": {
				"north": {"uv": [3, 11, 14, 12], "texture": "#6"},
				"east": {"uv": [11, 11, 15, 12], "texture": "#6"},
				"south": {"uv": [2, 11, 13, 12], "texture": "#6"},
				"west": {"uv": [1, 11, 5, 12], "texture": "#6"},
				"up": {"uv": [2, 1, 13, 5], "texture": "#6"},
				"down": {"uv": [2, 11, 13, 15], "texture": "#6"}
			}
		},
		{
			"from": [13, 5, 1],
			"to": [14, 10, 5],
			"faces": {
				"north": {"uv": [2, 6, 3, 11], "texture": "#6"},
				"east": {"uv": [11, 6, 15, 11], "texture": "#6"},
				"south": {"uv": [13, 6, 14, 11], "texture": "#6"},
				"west": {"uv": [1, 6, 5, 11], "texture": "#6"},
				"up": {"uv": [13, 1, 14, 5], "texture": "#6"},
				"down": {"uv": [13, 11, 14, 15], "texture": "#6"}
			}
		},
		{
			"from": [1, 6, 6],
			"to": [2, 9, 18],
			"faces": {
				"north": {"uv": [14, 7, 15, 10], "texture": "#10"},
				"east": {"uv": [0, 7, 10, 10], "texture": "#10"},
				"south": {"uv": [1, 7, 2, 10], "texture": "#10"},
				"west": {"uv": [6, 7, 16, 10], "texture": "#10"},
				"up": {"uv": [1, 6, 2, 16], "texture": "#10"},
				"down": {"uv": [1, 0, 2, 10], "texture": "#10"}
			}
		},
		{
			"from": [13, 6, 6],
			"to": [14, 9, 18],
			"faces": {
				"north": {"uv": [2, 7, 3, 10], "texture": "#10"},
				"east": {"uv": [0, 7, 10, 10], "texture": "#10"},
				"south": {"uv": [13, 7, 14, 10], "texture": "#10"},
				"west": {"uv": [6, 7, 16, 10], "texture": "#10"},
				"up": {"uv": [13, 6, 14, 16], "texture": "#10"},
				"down": {"uv": [13, 0, 14, 10], "texture": "#10"}
			}
		},
		{
			"from": [2, 6, 18],
			"to": [13, 9, 19],
			"faces": {
				"north": {"uv": [3, 7, 14, 10], "texture": "#10"},
				"east": {"uv": [0, 2.6, 1, 7.1], "texture": "#10"},
				"south": {"uv": [2, 7, 13, 10], "texture": "#10"},
				"west": {"uv": [15, 2.6, 16, 7.1], "texture": "#10"},
				"up": {"uv": [6, 13, 11, 14], "texture": "#10"},
				"down": {"uv": [6, 0, 10, 1], "texture": "#10"}
			}
		},
		{
			"from": [1, 5, 1],
			"to": [2, 10, 5],
			"faces": {
				"north": {"uv": [14, 6, 15, 11], "texture": "#6"},
				"east": {"uv": [11, 6, 15, 11], "texture": "#6"},
				"south": {"uv": [1, 6, 2, 11], "texture": "#6"},
				"west": {"uv": [1, 6, 5, 11], "texture": "#6"},
				"up": {"uv": [1, 1, 2, 5], "texture": "#6"},
				"down": {"uv": [1, 11, 2, 15], "texture": "#6"}
			}
		},
		{
			"from": [6, 8.9, 18],
			"to": [9, 13.4, 19],
			"faces": {
				"north": {"uv": [7, 2.6, 10, 7.1], "texture": "#10"},
				"east": {"uv": [0, 2.6, 1, 7.1], "texture": "#10"},
				"south": {"uv": [6, 2.6, 9, 7.1], "texture": "#10"},
				"west": {"uv": [15, 2.6, 16, 7.1], "texture": "#10"},
				"up": {"uv": [6, 13, 11, 14], "texture": "#10"},
				"down": {"uv": [6, 0, 10, 1], "texture": "#10"}
			}
		},
		{
			"from": [6, 13.4, 7],
			"to": [9, 14.4, 18],
			"faces": {
				"north": {"uv": [7, 1.6, 10, 2.6], "texture": "#10"},
				"east": {"uv": [0, 1.6, 9, 2.6], "texture": "#10"},
				"south": {"uv": [6, 1.6, 9, 2.6], "texture": "#10"},
				"west": {"uv": [7, 1.6, 16, 2.6], "texture": "#10"},
				"up": {"uv": [6, 7, 9, 16], "texture": "#10"},
				"down": {"uv": [6, 0, 9, 9], "texture": "#10"}
			}
		},
		{
			"from": [6, 9.9, 6],
			"to": [9, 13.4, 7],
			"faces": {
				"north": {"uv": [7, 2.6, 10, 6.1], "texture": "#10"},
				"east": {"uv": [9, 2.6, 10, 6.1], "texture": "#10"},
				"south": {"uv": [6, 2.6, 9, 6.1], "texture": "#10"},
				"west": {"uv": [6, 2.6, 7, 6.1], "texture": "#10"},
				"up": {"uv": [6, 6, 9, 7], "texture": "#10"},
				"down": {"uv": [6, 9, 9, 10], "texture": "#10"}
			}
		}
	],
	"display": {
		"thirdperson_righthand": {
			"rotation": [-10, 128, 15],
			"translation": [0, 1, -1.5],
			"scale": [0.31, 0.3, 0.32]
		},
		"thirdperson_lefthand": {
			"rotation": [-10, 128, 15],
			"translation": [-1, 1, -1.5],
			"scale": [0.31, 0.3, 0.32]
		},
		"firstperson_righthand": {
			"rotation": [-10, 128, 15],
			"translation": [3.5, 1.5, -3.5],
			"scale": [0.47, 0.46, 0.45]
		},
		"firstperson_lefthand": {
			"rotation": [-10, 128, 15],
			"translation": [3.5, 1.5, -3.5],
			"scale": [0.47, 0.46, 0.45]
		},
		"ground": {
			"scale": [0.47, 0.46, 0.45]
		},
		"gui": {
			"rotation": [45, 133, 0],
			"scale": [0.61, 0.62, 0.61]
		},
		"head": {
			"translation": [0.5, -0.25, -5.5],
			"scale": [1.2, 1.2, 1.2]
		}
	},
	"groups": [
		{
			"name": "group",
			"origin": [8, 8, 8],
			"children": []
		},
		{
			"name": "group",
			"origin": [8, 8, 8],
			"children": []
		}, 0, 1, 2, 3, 4, 5, 6, 7, 8, 9, 10]
}