{
	"credit": "Made with Blockbench",
	"textures": {
		"0": "./shield",
		"particle": "./shield"
	},
	"elements": [
		{
			"name": "shield",
			"from": [2.25, 14.02935, 6.7],
			"to": [15.75, 17.72065, 8.6],
			"rotation": {"angle": 0, "axis": "x", "origin": [5.25, 4.625, 8.5]},
			"faces": {
				"north": {"uv": [0, 14.5, 1, 15.5], "texture": "#0"},
				"east": {"uv": [0, 14.5, 1, 15.5], "texture": "#0"},
				"south": {"uv": [0, 14.5, 1, 15.5], "texture": "#0"},
				"west": {"uv": [0, 14.5, 1, 15.5], "texture": "#0"},
				"up": {"uv": [0, 14.5, 1, 15.5], "texture": "#0"},
				"down": {"uv": [0, 14.5, 1, 15.5], "texture": "#0"}
			}
		},
		{
			"name": "shield",
			"from": [8.55, 17.02935, 7.35],
			"to": [9.85, 17.62065, 12.675],
			"rotation": {"angle": 0, "axis": "x", "origin": [7.95, 4.525, 9.825]},
			"faces": {
				"north": {"uv": [14, 1, 15, 2], "texture": "#0"},
				"east": {"uv": [14, 1, 15, 2], "texture": "#0"},
				"south": {"uv": [14, 1, 15, 2], "texture": "#0"},
				"west": {"uv": [14, 1, 15, 2], "texture": "#0"},
				"up": {"uv": [14, 1, 15, 2], "texture": "#0"},
				"down": {"uv": [14, 1, 15, 2], "texture": "#0"}
			}
		},
		{
			"name": "shield",
			"from": [8.55, 12.45435, 7.35],
			"to": [9.85, 13.04565, 12.675],
			"rotation": {"angle": 0, "axis": "x", "origin": [7.95, -0.05, 9.825]},
			"faces": {
				"north": {"uv": [14, 1, 15, 2], "texture": "#0"},
				"east": {"uv": [14, 1, 15, 2], "texture": "#0"},
				"south": {"uv": [14, 1, 15, 2], "texture": "#0"},
				"west": {"uv": [14, 1, 15, 2], "texture": "#0"},
				"up": {"uv": [14, 1, 15, 2], "texture": "#0"},
				"down": {"uv": [14, 1, 15, 2], "texture": "#0"}
			}
		},
		{
			"name": "shield",
			"from": [8.55, 12.45435, 12.225],
			"to": [9.85, 17.59565, 12.875],
			"rotation": {"angle": 0, "axis": "x", "origin": [7.95, 1.7, 10.825]},
			"faces": {
				"north": {"uv": [14, 1, 15, 2], "texture": "#0"},
				"east": {"uv": [14, 1, 15, 2], "texture": "#0"},
				"south": {"uv": [14, 1, 15, 2], "texture": "#0"},
				"west": {"uv": [14, 1, 15, 2], "texture": "#0"},
				"up": {"uv": [14, 1, 15, 2], "texture": "#0"},
				"down": {"uv": [14, 1, 15, 2], "texture": "#0"}
			}
		},
		{
			"name": "shield",
			"from": [8.55, 12.45435, 7.175],
			"to": [9.85, 17.59565, 8.825],
			"rotation": {"angle": 0, "axis": "x", "origin": [7.95, 1.7, 6.775]},
			"faces": {
				"north": {"uv": [14, 1, 15, 2], "texture": "#0"},
				"east": {"uv": [14, 1, 15, 2], "texture": "#0"},
				"south": {"uv": [14, 1, 15, 2], "texture": "#0"},
				"west": {"uv": [14, 1, 15, 2], "texture": "#0"},
				"up": {"uv": [14, 1, 15, 2], "texture": "#0"},
				"down": {"uv": [14, 1, 15, 2], "texture": "#0"}
			}
		},
		{
			"name": "shield",
			"from": [5.25, 14.52935, 6.675],
			"to": [12.5, 17.22065, 7.675],
			"rotation": {"angle": 0, "axis": "x", "origin": [5.25, 4.625, 8.475]},
			"faces": {
				"north": {"uv": [4, 6.75, 11.75, 10.25], "texture": "#0"},
				"east": {"uv": [0, 14.5, 1, 15.5], "texture": "#0"},
				"south": {"uv": [0, 14.5, 1, 15.5], "texture": "#0"},
				"west": {"uv": [0, 14.5, 1, 15.5], "texture": "#0"},
				"up": {"uv": [0, 14.5, 1, 15.5], "texture": "#0"},
				"down": {"uv": [0, 14.5, 1, 15.5], "texture": "#0"}
			}
		},
		{
			"name": "shield",
			"from": [4.45435, 20.725, 6.7],
			"to": [13.44565, 21.725, 8.6],
			"rotation": {"angle": 0, "axis": "x", "origin": [12.65, 17.725, 8.5]},
			"faces": {
				"north": {"uv": [0, 14.5, 1, 15.5], "texture": "#0"},
				"east": {"uv": [0, 14.5, 1, 15.5], "texture": "#0"},
				"south": {"uv": [0, 14.5, 1, 15.5], "texture": "#0"},
				"west": {"uv": [0, 14.5, 1, 15.5], "texture": "#0"},
				"up": {"uv": [0, 14.5, 1, 15.5], "texture": "#0"},
				"down": {"uv": [0, 14.5, 1, 15.5], "texture": "#0"}
			}
		},
		{
			"name": "shield",
			"from": [4.45435, 25.125, 6.7],
			"to": [13.44565, 26.125, 8.6],
			"rotation": {"angle": 0, "axis": "x", "origin": [12.65, 22.125, 8.5]},
			"faces": {
				"north": {"uv": [0, 14.5, 1, 15.5], "texture": "#0"},
				"east": {"uv": [0, 14.5, 1, 15.5], "texture": "#0"},
				"south": {"uv": [0, 14.5, 1, 15.5], "texture": "#0"},
				"west": {"uv": [0, 14.5, 1, 15.5], "texture": "#0"},
				"up": {"uv": [0, 14.5, 1, 15.5], "texture": "#0"},
				"down": {"uv": [0, 14.5, 1, 15.5], "texture": "#0"}
			}
		},
		{
			"name": "shield",
			"from": [4.45435, 21.55, 7.175],
			"to": [13.44565, 26.125, 8.175],
			"rotation": {"angle": 0, "axis": "x", "origin": [12.65, 22.125, 8.5]},
			"faces": {
				"north": {"uv": [15.75, 0, 16, 0.25], "texture": "#0"},
				"east": {"uv": [15.75, 0, 16, 0.25], "texture": "#0"},
				"south": {"uv": [15.75, 0, 16, 0.25], "texture": "#0"},
				"west": {"uv": [15.75, 0, 16, 0.25], "texture": "#0"},
				"up": {"uv": [15.75, 0, 16, 0.25], "texture": "#0"},
				"down": {"uv": [15.75, 0, 16, 0.25], "texture": "#0"}
			}
		},
		{
			"name": "shield",
			"from": [13.42935, 20.725, 6.7],
			"to": [14.42065, 26.125, 8.6],
			"rotation": {"angle": 0, "axis": "x", "origin": [13.625, 22.125, 8.5]},
			"faces": {
				"north": {"uv": [0, 14.5, 1, 15.5], "texture": "#0"},
				"east": {"uv": [0, 14.5, 1, 15.5], "texture": "#0"},
				"south": {"uv": [0, 14.5, 1, 15.5], "texture": "#0"},
				"west": {"uv": [0, 14.5, 1, 15.5], "texture": "#0"},
				"up": {"uv": [0, 14.5, 1, 15.5], "texture": "#0"},
				"down": {"uv": [0, 14.5, 1, 15.5], "texture": "#0"}
			}
		},
		{
			"name": "shield",
			"from": [3.45435, 20.725, 6.7],
			"to": [4.44565, 26.125, 8.6],
			"rotation": {"angle": 0, "axis": "x", "origin": [3.65, 22.125, 8.5]},
			"faces": {
				"north": {"uv": [0, 14.5, 1, 15.5], "texture": "#0"},
				"east": {"uv": [0, 14.5, 1, 15.5], "texture": "#0"},
				"south": {"uv": [0, 14.5, 1, 15.5], "texture": "#0"},
				"west": {"uv": [0, 14.5, 1, 15.5], "texture": "#0"},
				"up": {"uv": [0, 14.5, 1, 15.5], "texture": "#0"},
				"down": {"uv": [0, 14.5, 1, 15.5], "texture": "#0"}
			}
		},
		{
			"name": "shield",
			"from": [3.77935, 20.825, 6.575],
			"to": [4.44565, 21.55, 7.575],
			"rotation": {"angle": 0, "axis": "x", "origin": [3.65, 22.225, 8.375]},
			"faces": {
				"north": {"uv": [13.5, 0.5, 15.75, 2.75], "texture": "#0"},
				"east": {"uv": [0, 0, 2.25, 2.25], "texture": "#0"},
				"south": {"uv": [0, 0, 2.25, 2.25], "texture": "#0"},
				"west": {"uv": [0, 0, 2.25, 2.25], "texture": "#0"},
				"up": {"uv": [0, 0, 2.25, 2.25], "texture": "#0"},
				"down": {"uv": [0, 0, 2.25, 2.25], "texture": "#0"}
			}
		},
		{
			"name": "shield",
			"from": [3.77935, 25.325, 6.575],
			"to": [4.44565, 26.05, 7.575],
			"rotation": {"angle": 0, "axis": "x", "origin": [3.65, 26.725, 8.375]},
			"faces": {
				"north": {"uv": [13.5, 0.5, 15.75, 2.75], "texture": "#0"},
				"east": {"uv": [0, 0, 2.25, 2.25], "texture": "#0"},
				"south": {"uv": [0, 0, 2.25, 2.25], "texture": "#0"},
				"west": {"uv": [0, 0, 2.25, 2.25], "texture": "#0"},
				"up": {"uv": [0, 0, 2.25, 2.25], "texture": "#0"},
				"down": {"uv": [0, 0, 2.25, 2.25], "texture": "#0"}
			}
		},
		{
			"name": "shield",
			"from": [3.07935, 27.125, 6.95],
			"to": [3.74565, 27.85, 7.95],
			"rotation": {"angle": 0, "axis": "x", "origin": [2.95, 28.525, 8.75]},
			"faces": {
				"north": {"uv": [13.5, 0.5, 15.75, 2.75], "texture": "#0"},
				"east": {"uv": [0, 0, 2.25, 2.25], "texture": "#0"},
				"south": {"uv": [0, 0, 2.25, 2.25], "texture": "#0"},
				"west": {"uv": [0, 0, 2.25, 2.25], "texture": "#0"},
				"up": {"uv": [0, 0, 2.25, 2.25], "texture": "#0"},
				"down": {"uv": [0, 0, 2.25, 2.25], "texture": "#0"}
			}
		},
		{
			"name": "shield",
			"from": [3.07935, 4.425, 6.95],
			"to": [3.74565, 5.15, 7.95],
			"rotation": {"angle": 0, "axis": "x", "origin": [2.95, 5.825, 8.75]},
			"faces": {
				"north": {"uv": [13.5, 0.5, 15.75, 2.75], "texture": "#0"},
				"east": {"uv": [0, 0, 2.25, 2.25], "texture": "#0"},
				"south": {"uv": [0, 0, 2.25, 2.25], "texture": "#0"},
				"west": {"uv": [0, 0, 2.25, 2.25], "texture": "#0"},
				"up": {"uv": [0, 0, 2.25, 2.25], "texture": "#0"},
				"down": {"uv": [0, 0, 2.25, 2.25], "texture": "#0"}
			}
		},
		{
			"name": "shield",
			"from": [13.57935, 20.825, 6.575],
			"to": [14.24565, 21.55, 7.575],
			"rotation": {"angle": 0, "axis": "x", "origin": [13.45, 22.225, 8.375]},
			"faces": {
				"north": {"uv": [13.5, 0.5, 15.75, 2.75], "texture": "#0"},
				"east": {"uv": [0, 0, 2.25, 2.25], "texture": "#0"},
				"south": {"uv": [0, 0, 2.25, 2.25], "texture": "#0"},
				"west": {"uv": [0, 0, 2.25, 2.25], "texture": "#0"},
				"up": {"uv": [0, 0, 2.25, 2.25], "texture": "#0"},
				"down": {"uv": [0, 0, 2.25, 2.25], "texture": "#0"}
			}
		},
		{
			"name": "shield",
			"from": [13.57935, 25.325, 6.575],
			"to": [14.24565, 26.05, 7.575],
			"rotation": {"angle": 0, "axis": "x", "origin": [13.45, 26.725, 8.375]},
			"faces": {
				"north": {"uv": [13.5, 0.5, 15.75, 2.75], "texture": "#0"},
				"east": {"uv": [0, 0, 2.25, 2.25], "texture": "#0"},
				"south": {"uv": [0, 0, 2.25, 2.25], "texture": "#0"},
				"west": {"uv": [0, 0, 2.25, 2.25], "texture": "#0"},
				"up": {"uv": [0, 0, 2.25, 2.25], "texture": "#0"},
				"down": {"uv": [0, 0, 2.25, 2.25], "texture": "#0"}
			}
		},
		{
			"name": "shield",
			"from": [14.07935, 27.125, 6.95],
			"to": [14.74565, 27.85, 7.95],
			"rotation": {"angle": 0, "axis": "x", "origin": [13.95, 28.525, 8.75]},
			"faces": {
				"north": {"uv": [13.5, 0.5, 15.75, 2.75], "texture": "#0"},
				"east": {"uv": [0, 0, 2.25, 2.25], "texture": "#0"},
				"south": {"uv": [0, 0, 2.25, 2.25], "texture": "#0"},
				"west": {"uv": [0, 0, 2.25, 2.25], "texture": "#0"},
				"up": {"uv": [0, 0, 2.25, 2.25], "texture": "#0"},
				"down": {"uv": [0, 0, 2.25, 2.25], "texture": "#0"}
			}
		},
		{
			"name": "shield",
			"from": [14.07935, 4.425, 6.95],
			"to": [14.74565, 5.15, 7.95],
			"rotation": {"angle": 0, "axis": "x", "origin": [13.95, 5.825, 8.75]},
			"faces": {
				"north": {"uv": [13.5, 0.5, 15.75, 2.75], "texture": "#0"},
				"east": {"uv": [0, 0, 2.25, 2.25], "texture": "#0"},
				"south": {"uv": [0, 0, 2.25, 2.25], "texture": "#0"},
				"west": {"uv": [0, 0, 2.25, 2.25], "texture": "#0"},
				"up": {"uv": [0, 0, 2.25, 2.25], "texture": "#0"},
				"down": {"uv": [0, 0, 2.25, 2.25], "texture": "#0"}
			}
		},
		{
			"name": "shield",
			"from": [2.02935, 27.875, 7],
			"to": [15.87065, 28.875, 8.425],
			"rotation": {"angle": 0, "axis": "x", "origin": [12.65, 24.875, 8.5]},
			"faces": {
				"north": {"uv": [1, 11, 2, 12], "texture": "#0"},
				"east": {"uv": [1, 11, 2, 12], "texture": "#0"},
				"south": {"uv": [1, 11, 2, 12], "texture": "#0"},
				"west": {"uv": [1, 11, 2, 12], "texture": "#0"},
				"up": {"uv": [1, 11, 2, 12], "texture": "#0"},
				"down": {"uv": [1, 11, 2, 12], "texture": "#0"}
			}
		},
		{
			"name": "shield",
			"from": [2.02935, 1.575, 7],
			"to": [15.87065, 2.575, 8.425],
			"rotation": {"angle": 0, "axis": "x", "origin": [12.65, -1.425, 8.5]},
			"faces": {
				"north": {"uv": [1, 11, 2, 12], "texture": "#0"},
				"east": {"uv": [1, 11, 2, 12], "texture": "#0"},
				"south": {"uv": [1, 11, 2, 12], "texture": "#0"},
				"west": {"uv": [1, 11, 2, 12], "texture": "#0"},
				"up": {"uv": [1, 11, 2, 12], "texture": "#0"},
				"down": {"uv": [1, 11, 2, 12], "texture": "#0"}
			}
		},
		{
			"name": "shield",
			"from": [2.175, 2.12935, 7],
			"to": [15.65, 21.24565, 8.425],
			"rotation": {"angle": 0, "axis": "z", "origin": [18.65, 11.75, 8.5]},
			"faces": {
				"north": {"uv": [1, 11, 2, 12], "rotation": 90, "texture": "#0"},
				"east": {"uv": [1, 11, 2, 12], "rotation": 270, "texture": "#0"},
				"south": {"uv": [1, 11, 2, 12], "rotation": 270, "texture": "#0"},
				"west": {"uv": [1, 11, 2, 12], "rotation": 270, "texture": "#0"},
				"up": {"uv": [1, 11, 2, 12], "rotation": 270, "texture": "#0"},
				"down": {"uv": [1, 11, 2, 12], "rotation": 270, "texture": "#0"}
			}
		},
		{
			"name": "shield",
			"from": [2.175, 25.47935, 7],
			"to": [15.65, 28.07065, 8.425],
			"rotation": {"angle": 0, "axis": "z", "origin": [18.65, 18.575, 8.5]},
			"faces": {
				"north": {"uv": [1, 11, 2, 12], "rotation": 90, "texture": "#0"},
				"east": {"uv": [1, 11, 2, 12], "rotation": 270, "texture": "#0"},
				"south": {"uv": [1, 11, 2, 12], "rotation": 270, "texture": "#0"},
				"west": {"uv": [1, 11, 2, 12], "rotation": 270, "texture": "#0"},
				"up": {"uv": [1, 11, 2, 12], "rotation": 270, "texture": "#0"},
				"down": {"uv": [1, 11, 2, 12], "rotation": 270, "texture": "#0"}
			}
		},
		{
			"name": "shield",
			"from": [13.45, 21.15435, 7],
			"to": [15.65, 25.47935, 8.425],
			"rotation": {"angle": 0, "axis": "z", "origin": [18.65, 15.925, 8.5]},
			"faces": {
				"north": {"uv": [1, 11, 2, 12], "rotation": 90, "texture": "#0"},
				"east": {"uv": [1, 11, 2, 12], "rotation": 270, "texture": "#0"},
				"south": {"uv": [1, 11, 2, 12], "rotation": 270, "texture": "#0"},
				"west": {"uv": [1, 11, 2, 12], "rotation": 270, "texture": "#0"},
				"up": {"uv": [1, 11, 2, 12], "rotation": 270, "texture": "#0"},
				"down": {"uv": [1, 11, 2, 12], "rotation": 270, "texture": "#0"}
			}
		},
		{
			"name": "shield",
			"from": [2.175, 21.15435, 7],
			"to": [4.375, 25.47935, 8.425],
			"rotation": {"angle": 0, "axis": "z", "origin": [7.375, 15.925, 8.5]},
			"faces": {
				"north": {"uv": [1, 11, 2, 12], "rotation": 90, "texture": "#0"},
				"east": {"uv": [1, 11, 2, 12], "rotation": 270, "texture": "#0"},
				"south": {"uv": [1, 11, 2, 12], "rotation": 270, "texture": "#0"},
				"west": {"uv": [1, 11, 2, 12], "rotation": 270, "texture": "#0"},
				"up": {"uv": [1, 11, 2, 12], "rotation": 270, "texture": "#0"},
				"down": {"uv": [1, 11, 2, 12], "rotation": 270, "texture": "#0"}
			}
		},
		{
			"name": "shield",
			"from": [1.75, 1.5, 6.75],
			"to": [16, 2.25, 8.75],
			"rotation": {"angle": 0, "axis": "y", "origin": [11, 9.5, 15]},
			"faces": {
				"north": {"uv": [0, 15.25, 12.25, 16], "texture": "#0"},
				"east": {"uv": [0, 15.25, 2, 16], "texture": "#0"},
				"south": {"uv": [0, 15.25, 12.25, 16], "texture": "#0"},
				"west": {"uv": [0, 15.25, 2, 16], "texture": "#0"},
				"up": {"uv": [0, 14, 12.25, 16], "texture": "#0"},
				"down": {"uv": [0, 14, 12.25, 16], "texture": "#0"}
			}
		},
		{
			"name": "shield",
			"from": [15.5, 2, 6.75],
			"to": [16.25, 28.5, 8.75],
			"rotation": {"angle": 0, "axis": "y", "origin": [12.25, 10, 15]},
			"faces": {
				"north": {"uv": [0, 15.75, 0.75, 16], "texture": "#0"},
				"east": {"uv": [0, 14.25, 2, 16], "texture": "#0"},
				"south": {"uv": [0, 15.5, 0.75, 16], "texture": "#0"},
				"west": {"uv": [0, 14.75, 2, 16], "texture": "#0"},
				"up": {"uv": [0, 14, 0.75, 16], "texture": "#0"},
				"down": {"uv": [0, 14, 0.75, 16], "texture": "#0"}
			}
		},
		{
			"name": "shield",
			"from": [1.5, 2, 6.75],
			"to": [2.25, 28.5, 8.75],
			"rotation": {"angle": 0, "axis": "y", "origin": [-1.75, 10, 15]},
			"faces": {
				"north": {"uv": [0, 13.5, 0.75, 16], "texture": "#0"},
				"east": {"uv": [0, 14.5, 2, 16], "texture": "#0"},
				"south": {"uv": [0, 15, 0.75, 16], "texture": "#0"},
				"west": {"uv": [0, 15.75, 2, 16], "texture": "#0"},
				"up": {"uv": [0, 14, 0.75, 16], "texture": "#0"},
				"down": {"uv": [0, 14, 0.75, 16], "texture": "#0"}
			}
		},
		{
			"name": "shield",
			"from": [1.75, 28.25, 6.75],
			"to": [16, 29, 8.75],
			"rotation": {"angle": 0, "axis": "y", "origin": [11, 36.25, 15]},
			"faces": {
				"north": {"uv": [0, 15.25, 12.25, 16], "texture": "#0"},
				"east": {"uv": [0, 15.25, 2, 16], "texture": "#0"},
				"south": {"uv": [0, 15.25, 12.25, 16], "texture": "#0"},
				"west": {"uv": [1, 15.25, 3, 16], "texture": "#0"},
				"up": {"uv": [0, 14, 12.25, 16], "texture": "#0"},
				"down": {"uv": [0, 14, 12.25, 16], "texture": "#0"}
			}
		},
		{
			"name": "shield",
			"from": [5.25, 21, 7],
			"to": [6, 26, 8],
			"rotation": {"angle": 0, "axis": "y", "origin": [13.25, 30, 15]},
			"faces": {
				"north": {"uv": [13.75, 0.75, 14.75, 2.5], "texture": "#0"},
				"east": {"uv": [13.75, 0.75, 14.75, 2.5], "texture": "#0"},
				"south": {"uv": [14, 0.75, 15, 2.25], "texture": "#0"},
				"west": {"uv": [14.5, 0.75, 15.5, 2.5], "texture": "#0"},
				"up": {"uv": [14.25, 1, 15.25, 2], "texture": "#0"},
				"down": {"uv": [14.25, 1.25, 15.25, 2.25], "texture": "#0"}
			}
		},
		{
			"name": "shield",
			"from": [8.5, 21, 7],
			"to": [9.25, 26, 8],
			"rotation": {"angle": 0, "axis": "y", "origin": [16.25, 30, 15]},
			"faces": {
				"north": {"uv": [14.75, 0.75, 15.75, 2.75], "texture": "#0"},
				"east": {"uv": [14, 0.75, 15, 2.25], "texture": "#0"},
				"south": {"uv": [14.25, 0.75, 15.25, 2.5], "texture": "#0"},
				"west": {"uv": [14.25, 0.5, 15.25, 2.5], "texture": "#0"},
				"up": {"uv": [14.25, 1.25, 15.25, 2.25], "texture": "#0"},
				"down": {"uv": [14, 1, 15, 2], "texture": "#0"}
			}
		},
		{
			"name": "shield",
			"from": [12, 21, 7],
			"to": [12.75, 26, 8],
			"rotation": {"angle": 0, "axis": "y", "origin": [19.75, 30, 15]},
			"faces": {
				"north": {"uv": [14, 0.5, 15, 2.5], "texture": "#0"},
				"east": {"uv": [14, 0.5, 15, 2.75], "texture": "#0"},
				"south": {"uv": [14, 0.75, 15, 2.25], "texture": "#0"},
				"west": {"uv": [14.25, 0.75, 15.25, 2.75], "texture": "#0"},
				"up": {"uv": [13.75, 1.25, 14.75, 2.25], "texture": "#0"},
				"down": {"uv": [14, 1, 15, 2], "texture": "#0"}
			}
		}
	],
	"display": {
		"thirdperson_righthand": {
			"rotation": [0, -90, 0],
			"translation": [2.75, -9, 0.75]
		},
		"thirdperson_lefthand": {
			"rotation": [0, -90, 0],
			"translation": [2.75, -9, 2.75]
		},
		"firstperson_righthand": {
			"rotation": [0, -10, 0],
			"translation": [-1.5, -9.75, 2.75],
			"scale": [0.83, 0.83, 0.83]
		},
		"firstperson_lefthand": {
			"rotation": [0, -10, 0],
			"translation": [-1.5, -9.75, 2.75],
			"scale": [0.83, 0.83, 0.83]
		},
		"ground": {
			"scale": [0.24, 0.24, 0.24]
		},
		"gui": {
			"rotation": [-11, 139, 38],
			"translation": [-1.75, -3.75, 0],
			"scale": [0.55, 0.55, 0.55]
		},
		"fixed": {
			"translation": [-1, -6.25, -1.5]
		}
	},
	"groups": [
		{
			"name": "shield",
			"origin": [8, 8, 8],
			"children": [0, 1, 2, 3, 4, 5, 6, 7, 8, 9, 10, 11, 12, 13, 14, 15, 16, 17, 18, 19, 20, 21, 22, 23, 24, 25, 26, 27, 28, 29, 30, 31]
		}
	]
}