{
	"credit": "Made with Blockbench",
	"textures": {
		"0": "./osnova",
		"1": "./groosha",
		"particle": "./osnova"
	},
	"elements": [
		{
			"from": [5, 0, 5],
			"to": [11, 1, 11],
			"rotation": {"angle": 0, "axis": "y", "origin": [13, 8, 13]},
			"faces": {
				"north": {"uv": [0, 0, 6, 1], "texture": "#0"},
				"east": {"uv": [0, 0, 6, 1], "texture": "#0"},
				"south": {"uv": [0, 0, 6, 1], "texture": "#0"},
				"west": {"uv": [0, 0, 6, 1], "texture": "#0"},
				"up": {"uv": [0, 0, 6, 6], "texture": "#0"},
				"down": {"uv": [0, 0, 6, 6], "texture": "#0"}
			}
		},
		{
			"from": [6, 1, 6],
			"to": [10, 2, 10],
			"rotation": {"angle": 0, "axis": "y", "origin": [13, 9, 13]},
			"faces": {
				"north": {"uv": [0, 0, 4, 1], "texture": "#0"},
				"east": {"uv": [0, 0, 4, 1], "texture": "#0"},
				"south": {"uv": [0, 0, 4, 1], "texture": "#0"},
				"west": {"uv": [0, 0, 4, 1], "texture": "#0"},
				"up": {"uv": [0, 0, 4, 4], "texture": "#0"},
				"down": {"uv": [0, 0, 4, 4], "texture": "#0"}
			}
		},
		{
			"from": [7, 2, 7],
			"to": [9, 7, 9],
			"rotation": {"angle": 0, "axis": "y", "origin": [13, 10, 13]},
			"faces": {
				"north": {"uv": [0, 0, 2, 5], "texture": "#0"},
				"east": {"uv": [0, 0, 2, 5], "texture": "#0"},
				"south": {"uv": [0, 0, 2, 5], "texture": "#0"},
				"west": {"uv": [0, 0, 2, 5], "texture": "#0"},
				"up": {"uv": [0, 0, 2, 2], "texture": "#0"},
				"down": {"uv": [0, 0, 2, 2], "texture": "#0"}
			}
		},
		{
			"from": [5, 7, 5],
			"to": [11, 8, 11],
			"rotation": {"angle": 0, "axis": "y", "origin": [13, 15, 13]},
			"faces": {
				"north": {"uv": [0, 0, 6, 1], "texture": "#1"},
				"east": {"uv": [0, 0, 6, 1], "texture": "#1"},
				"south": {"uv": [0, 0, 6, 1], "texture": "#1"},
				"west": {"uv": [0, 0, 6, 1], "texture": "#1"},
				"up": {"uv": [0, 0, 6, 6], "texture": "#1"},
				"down": {"uv": [0, 0, 6, 6], "texture": "#1"}
			}
		},
		{
			"from": [5, 25, 5],
			"to": [11, 26, 11],
			"rotation": {"angle": 0, "axis": "y", "origin": [13, 33, 13]},
			"faces": {
				"north": {"uv": [0, 0, 6, 1], "texture": "#1"},
				"east": {"uv": [0, 0, 6, 1], "texture": "#1"},
				"south": {"uv": [0, 0, 6, 1], "texture": "#1"},
				"west": {"uv": [0, 0, 6, 1], "texture": "#1"},
				"up": {"uv": [0, 0, 6, 6], "texture": "#1"},
				"down": {"uv": [0, 0, 6, 6], "texture": "#1"}
			}
		},
		{
			"from": [4, 8, 4],
			"to": [12, 25, 12],
			"rotation": {"angle": 0, "axis": "y", "origin": [13, 16, 13]},
			"faces": {
				"north": {"uv": [0, 0, 8, 16], "texture": "#1"},
				"east": {"uv": [0, 0, 8, 16], "texture": "#1"},
				"south": {"uv": [0, 0, 8, 16], "texture": "#1"},
				"west": {"uv": [0, 0, 8, 16], "texture": "#1"},
				"up": {"uv": [0, 0, 8, 8], "texture": "#1"},
				"down": {"uv": [0, 0, 8, 8], "texture": "#1"}
			}
		}
	],
	"display": {
		"thirdperson_righthand": {
			"rotation": [-50, 0, 0],
			"translation": [0.25, 1.5, -3]
		},
		"thirdperson_lefthand": {
			"rotation": [-50, 0, 0],
			"translation": [0.25, 1.5, -3]
		},
		"firstperson_righthand": {
			"rotation": [-108.5, 0, 0],
			"translation": [1, 0, 0.5]
		},
		"firstperson_lefthand": {
			"rotation": [-108.5, 0, 0],
			"translation": [0, 0, 0.5]
		},
		"ground": {
			"translation": [0, 5, 0]
		},
		"gui": {
			"rotation": [-180, -14, 0],
			"translation": [0, 3.5, 0],
			"scale": [0.6, 0.6, 0.6]
		},
		"fixed": {
			"rotation": [-90, 0, 0],
			"translation": [0, 0, -22.75],
			"scale": [3, 3, 3]
		}
	}
}