{
	"credit": "Made with Blockbench",
	"textures": {
		"0": "./globus",
		"particle": "./globus"
	},
	"elements": [
		{
			"from": [6, 0, 6],
			"to": [11, 1, 11],
			"rotation": {"angle": 0, "axis": "y", "origin": [14, 8, 14]},
			"faces": {
				"north": {"uv": [0, 15.5, 1.5, 16], "texture": "#0"},
				"east": {"uv": [0, 15.5, 1.5, 16], "texture": "#0"},
				"south": {"uv": [0, 15.5, 1.5, 16], "texture": "#0"},
				"west": {"uv": [0, 15.5, 1.5, 16], "texture": "#0"},
				"up": {"uv": [14.5, 14.5, 16, 16], "texture": "#0"},
				"down": {"uv": [14.5, 14.5, 16, 16], "texture": "#0"}
			}
		},
		{
			"from": [5, 5, 5],
			"to": [12, 12, 12],
			"rotation": {"angle": 0, "axis": "y", "origin": [14, 13, 14]},
			"faces": {
				"north": {"uv": [3.5, 3.5, 7, 7], "texture": "#0"},
				"east": {"uv": [0, 3.5, 3.5, 7], "texture": "#0"},
				"south": {"uv": [3.5, 0, 7, 3.5], "texture": "#0"},
				"west": {"uv": [3.5, 7, 7, 10.5], "texture": "#0"},
				"up": {"uv": [0, 0, 3.5, 3.5], "texture": "#0"},
				"down": {"uv": [0, 7, 3.5, 10.5], "texture": "#0"}
			}
		},
		{
			"from": [7, 1, 7],
			"to": [10, 2, 10],
			"rotation": {"angle": 0, "axis": "y", "origin": [14, 9, 14]},
			"faces": {
				"north": {"uv": [0, 15.5, 1.5, 16], "texture": "#0"},
				"east": {"uv": [0, 15.5, 1.5, 16], "texture": "#0"},
				"south": {"uv": [0, 15.5, 1.5, 16], "texture": "#0"},
				"west": {"uv": [0, 15.5, 1.5, 16], "texture": "#0"},
				"up": {"uv": [14.5, 14.5, 16, 16], "texture": "#0"},
				"down": {"uv": [14.5, 14.5, 16, 16], "texture": "#0"}
			}
		},
		{
			"from": [8, 1, 8],
			"to": [9, 14, 9],
			"rotation": {"angle": 0, "axis": "y", "origin": [13, 9, 14]},
			"faces": {
				"north": {"uv": [14, 0, 16, 0.5], "texture": "#0"},
				"east": {"uv": [15.5, 0, 16, 0.5], "texture": "#0"},
				"south": {"uv": [15.5, 0, 16, 7.5], "texture": "#0"},
				"west": {"uv": [15.5, 0, 16, 0.5], "texture": "#0"},
				"up": {"uv": [14, 0, 16, 0.5], "texture": "#0"},
				"down": {"uv": [14, 0, 16, 0.5], "texture": "#0"}
			}
		},
		{
			"from": [3, 3, 8],
			"to": [4, 14, 9],
			"rotation": {"angle": 0, "axis": "y", "origin": [8, 9, 14]},
			"faces": {
				"north": {"uv": [14, 0, 16, 0.5], "texture": "#0"},
				"east": {"uv": [15.5, 0, 16, 0.5], "texture": "#0"},
				"south": {"uv": [15.5, 0, 16, 7.5], "texture": "#0"},
				"west": {"uv": [15.5, 0, 16, 0.5], "texture": "#0"},
				"up": {"uv": [14, 0, 16, 0.5], "texture": "#0"},
				"down": {"uv": [14, 0, 16, 0.5], "texture": "#0"}
			}
		},
		{
			"from": [4, 3, 8],
			"to": [8, 4, 9],
			"rotation": {"angle": 0, "axis": "y", "origin": [12, 8, 14]},
			"faces": {
				"north": {"uv": [14, 0, 16, 0.5], "texture": "#0"},
				"east": {"uv": [15.5, 0, 16, 0.5], "texture": "#0"},
				"south": {"uv": [15.5, 0, 16, 7.5], "texture": "#0"},
				"west": {"uv": [15.5, 0, 16, 0.5], "texture": "#0"},
				"up": {"uv": [14, 0, 16, 0.5], "texture": "#0"},
				"down": {"uv": [14, 0, 16, 0.5], "texture": "#0"}
			}
		},
		{
			"from": [4, 13, 8],
			"to": [8, 14, 9],
			"rotation": {"angle": 0, "axis": "z", "origin": [12, 15, 14]},
			"faces": {
				"north": {"uv": [14, 0, 16, 0.5], "texture": "#0"},
				"east": {"uv": [15.5, 0, 16, 0.5], "texture": "#0"},
				"south": {"uv": [15.5, 0, 16, 7.5], "texture": "#0"},
				"west": {"uv": [15.5, 0, 16, 0.5], "texture": "#0"},
				"up": {"uv": [14, 0, 16, 0.5], "texture": "#0"},
				"down": {"uv": [14, 0, 16, 0.5], "texture": "#0"}
			}
		}
	],
	"display": {
		"thirdperson_righthand": {
			"rotation": [0, -88, 0],
			"translation": [0.25, 2.75, 0.25]
		},
		"thirdperson_lefthand": {
			"rotation": [0, 83.5, 0],
			"translation": [0, 2.5, 0.75]
		},
		"firstperson_righthand": {
			"rotation": [0, -142, 0],
			"translation": [0.5, 4.5, 0]
		},
		"firstperson_lefthand": {
			"rotation": [0, 49, 0],
			"translation": [-1.25, 4.5, -0.5]
		},
		"ground": {
			"translation": [0, 6, 0]
		},
		"gui": {
			"rotation": [22, -158, 0],
			"translation": [0.25, 1.25, 0],
			"scale": [0.9, 0.9, 0.9]
		},
		"fixed": {
			"rotation": [-90, 0, 0],
			"translation": [-1.25, 0, -18.5],
			"scale": [2.3, 2.3, 2.3]
		}
	}
}