{
	"credit": "Made with Blockbench",
	"textures": {
		"0": "./red",
		"1": "./wood",
		"particle": "./red"
	},
	"elements": [
		{
			"from": [7, 0, 7],
			"to": [9, 4, 8],
			"rotation": {"angle": 0, "axis": "y", "origin": [15, 8, 15]},
			"faces": {
				"north": {"uv": [0, 0, 2, 4], "texture": "#1"},
				"east": {"uv": [0, 0, 1, 4], "texture": "#1"},
				"south": {"uv": [0, 0, 2, 4], "texture": "#1"},
				"west": {"uv": [0, 0, 1, 4], "texture": "#1"},
				"up": {"uv": [0, 0, 2, 1], "texture": "#1"},
				"down": {"uv": [0, 0, 2, 1], "texture": "#1"}
			}
		},
		{
			"from": [6, 3, 7.25],
			"to": [10, 4, 7.75],
			"rotation": {"angle": 0, "axis": "y", "origin": [15, 8, 15]},
			"faces": {
				"north": {"uv": [0, 0, 4, 1], "texture": "#1"},
				"east": {"uv": [0, 0, 0.5, 1], "texture": "#1"},
				"south": {"uv": [0, 0, 4, 1], "texture": "#1"},
				"west": {"uv": [0, 0, 0.5, 1], "texture": "#1"},
				"up": {"uv": [0, 0, 4, 0.5], "texture": "#1"},
				"down": {"uv": [0, 0, 4, 0.5], "texture": "#1"}
			}
		},
		{
			"from": [6, 4, 7.25],
			"to": [10, 9, 7.75],
			"rotation": {"angle": 0, "axis": "y", "origin": [15, 11, 15]},
			"faces": {
				"north": {"uv": [12, 0, 16, 6], "texture": "#0"},
				"east": {"uv": [14, 1, 15.25, 7], "texture": "#0"},
				"south": {"uv": [12, 0, 16, 6], "texture": "#0"},
				"west": {"uv": [14, 0, 15.25, 6], "texture": "#0"},
				"up": {"uv": [0, 0, 4, 1.25], "texture": "#0"},
				"down": {"uv": [0, 0, 4, 1.25], "texture": "#0"}
			}
		},
		{
			"from": [5, 4, 7.25],
			"to": [11, 8, 7.75],
			"rotation": {"angle": 0, "axis": "y", "origin": [15, 11, 15]},
			"faces": {
				"north": {"uv": [0, 0, 6, 4], "texture": "#0"},
				"east": {"uv": [0, 0, 0.5, 4], "texture": "#0"},
				"south": {"uv": [0, 0, 6, 4], "texture": "#0"},
				"west": {"uv": [0, 0, 0.5, 4], "texture": "#0"},
				"up": {"uv": [0, 0, 6, 0.5], "texture": "#0"},
				"down": {"uv": [0, 0, 6, 0.5], "texture": "#0"}
			}
		}
	],
	"display": {
		"thirdperson_righthand": {
			"rotation": [0, 90, 0],
			"translation": [0, 5.5, 1.5]
		},
		"thirdperson_lefthand": {
			"rotation": [0, 90, 0],
			"translation": [0, 5.5, 1.5]
		},
		"firstperson_righthand": {
			"rotation": [0, 90, 0],
			"translation": [1, 5.25, 0]
		},
		"firstperson_lefthand": {
			"rotation": [0, 90, 0],
			"translation": [1, 6.5, 0]
		},
		"ground": {
			"translation": [0, 4.5, 0]
		},
		"gui": {
			"rotation": [0, -32, 0],
			"translation": [-0.5, 2.75, 0]
		},
		"fixed": {
			"translation": [0.25, 3.25, 0],
			"scale": [1.4, 1.4, 1.4]
		}
	}
}