{
	"credit": "Made with Blockbench",
	"textures": {
		"0": "./clock",
		"1": "./black",
		"particle": "./clock"
	},
	"elements": [
		{
			"name": "shield",
			"from": [6.55, 16.77935, 8.35],
			"to": [11.85, 17.37065, 12.675],
			"rotation": {"angle": 0, "axis": "x", "origin": [7.95, 4.275, 9.825]},
			"faces": {
				"north": {"uv": [12, 0, 16, 4], "texture": "#1"},
				"east": {"uv": [12, 4, 16, 8], "texture": "#1"},
				"south": {"uv": [12, 0, 16, 4], "texture": "#1"},
				"west": {"uv": [12, 4, 16, 8], "texture": "#1"},
				"up": {"uv": [12, 0, 16, 4], "texture": "#1"},
				"down": {"uv": [12, 4, 16, 8], "texture": "#1"}
			}
		},
		{
			"name": "shield",
			"from": [6.55, 12.45435, 8.35],
			"to": [11.85, 13.04565, 12.675],
			"rotation": {"angle": 0, "axis": "x", "origin": [7.95, -0.05, 9.825]},
			"faces": {
				"north": {"uv": [12, 0, 16, 4], "texture": "#1"},
				"east": {"uv": [12, 4, 16, 8], "texture": "#1"},
				"south": {"uv": [12, 0, 16, 4], "texture": "#1"},
				"west": {"uv": [12, 4, 16, 8], "texture": "#1"},
				"up": {"uv": [15, 0, 16, 1], "texture": "#1"},
				"down": {"uv": [12, 0, 16, 4], "texture": "#1"}
			}
		},
		{
			"name": "shield",
			"from": [6.55, 12.45435, 12.225],
			"to": [11.85, 17.34565, 12.875],
			"rotation": {"angle": 0, "axis": "x", "origin": [7.95, 1.7, 10.825]},
			"faces": {
				"north": {"uv": [12, 4, 16, 8], "texture": "#1"},
				"east": {"uv": [12, 4, 16, 8], "texture": "#1"},
				"south": {"uv": [12, 0, 16, 4], "texture": "#1"},
				"west": {"uv": [12, 4, 16, 8], "texture": "#1"},
				"up": {"uv": [12, 0, 16, 4], "texture": "#1"},
				"down": {"uv": [12, 0, 16, 4], "texture": "#1"}
			}
		},
		{
			"name": "shield",
			"from": [6.55, 12.45435, 7.925],
			"to": [11.85, 17.34565, 8.325],
			"rotation": {"angle": 0, "axis": "x", "origin": [7.95, 1.7, 6.275]},
			"faces": {
				"north": {"uv": [12, 0, 16, 4], "texture": "#1"},
				"east": {"uv": [12, 4, 16, 8], "texture": "#1"},
				"south": {"uv": [12, 4, 16, 8], "texture": "#1"},
				"west": {"uv": [12, 4, 16, 8], "texture": "#1"},
				"up": {"uv": [12, 0, 16, 1], "texture": "#1"},
				"down": {"uv": [12, 0, 16, 4], "texture": "#1"}
			}
		},
		{
			"name": "shield",
			"from": [7.05, 12.95435, 7.425],
			"to": [11.05, 16.95435, 7.925],
			"rotation": {"angle": 0, "axis": "x", "origin": [8.2, 2.2, 5.525]},
			"faces": {
				"north": {"uv": [0, 5, 11, 16], "texture": "#0"},
				"east": {"uv": [15, 4, 16, 5], "texture": "#1"},
				"south": {"uv": [15, 4, 16, 5], "texture": "#1"},
				"west": {"uv": [15, 4, 16, 5], "texture": "#1"},
				"up": {"uv": [15, 4, 16, 5], "texture": "#1"},
				"down": {"uv": [15, 4, 16, 5], "texture": "#1"}
			}
		},
		{
			"name": "shield",
			"from": [10.3, 13.70435, 6.925],
			"to": [11.05, 16.45435, 7.425],
			"rotation": {"angle": 0, "axis": "x", "origin": [8.2, 1.7, 5.025]},
			"faces": {
				"north": {"uv": [14, 1, 15, 2], "texture": "#0"},
				"east": {"uv": [14, 1, 15, 2], "texture": "#1"},
				"south": {"uv": [14, 1, 15, 2], "texture": "#0"},
				"west": {"uv": [14, 1, 15, 2], "texture": "#0"},
				"up": {"uv": [14, 1, 15, 2], "texture": "#1"},
				"down": {"uv": [14, 1, 15, 2], "texture": "#1"}
			}
		},
		{
			"name": "shield",
			"from": [7.05, 13.70435, 6.925],
			"to": [7.8, 16.45435, 7.425],
			"rotation": {"angle": 0, "axis": "x", "origin": [4.95, 1.7, 5.025]},
			"faces": {
				"north": {"uv": [14, 1, 15, 2], "texture": "#0"},
				"east": {"uv": [14, 1, 15, 2], "texture": "#0"},
				"south": {"uv": [14, 1, 15, 2], "texture": "#0"},
				"west": {"uv": [14, 1, 15, 2], "texture": "#1"},
				"up": {"uv": [14, 1, 15, 2], "texture": "#1"},
				"down": {"uv": [14, 1, 15, 2], "texture": "#1"}
			}
		},
		{
			"name": "shield",
			"from": [7.05, 12.95435, 6.925],
			"to": [11.05, 13.70435, 7.425],
			"rotation": {"angle": 0, "axis": "x", "origin": [8.2, -1.05, 5.025]},
			"faces": {
				"north": {"uv": [14, 1, 15, 2], "texture": "#0"},
				"east": {"uv": [14, 1, 15, 2], "texture": "#1"},
				"south": {"uv": [14, 1, 15, 2], "texture": "#0"},
				"west": {"uv": [14, 1, 15, 2], "texture": "#1"},
				"up": {"uv": [14, 1, 15, 2], "texture": "#0"},
				"down": {"uv": [14, 1, 15, 2], "texture": "#1"}
			}
		},
		{
			"name": "shield",
			"from": [7.05, 16.20435, 6.925],
			"to": [11.05, 16.95435, 7.425],
			"rotation": {"angle": 0, "axis": "x", "origin": [8.2, 2.2, 5.025]},
			"faces": {
				"north": {"uv": [14, 1, 15, 2], "texture": "#0"},
				"east": {"uv": [14, 1, 15, 2], "texture": "#1"},
				"south": {"uv": [14, 1, 15, 2], "texture": "#0"},
				"west": {"uv": [14, 1, 15, 2], "texture": "#1"},
				"up": {"uv": [14, 1, 15, 2], "texture": "#1"},
				"down": {"uv": [14, 1, 15, 2], "texture": "#1"}
			}
		}
	],
	"display": {
		"thirdperson_righthand": {
			"rotation": [0, -90, 0],
			"translation": [2.25, -8.25, 1.75],
			"scale": [0.9, 0.9, 0.9]
		},
		"thirdperson_lefthand": {
			"rotation": [0, -90, 0],
			"translation": [2.25, -8.25, 4],
			"scale": [0.9, 0.9, 0.9]
		},
		"firstperson_righthand": {
			"rotation": [93.25, 26.5, 12.75],
			"translation": [-1, 3.25, -4.25],
			"scale": [0.83, 0.83, 0.83]
		},
		"firstperson_lefthand": {
			"rotation": [83.5, 13.75, 5],
			"translation": [-1.75, 3.5, -2.5],
			"scale": [0.83, 0.83, 0.83]
		},
		"ground": {
			"translation": [0, -7.25, -1.5]
		},
		"gui": {
			"rotation": [-11, 139, 38],
			"translation": [-3.25, -5.25, 0],
			"scale": [0.95, 0.95, 0.95]
		},
		"fixed": {
			"translation": [-1.75, -11.75, -1.5],
			"scale": [1.7, 1.7, 1.7]
		}
	},
	"groups": [
		{
			"name": "shield",
			"origin": [8, 8, 8],
			"children": [0, 1, 2, 3, 4, 5, 6, 7, 8]
		}
	]
}