{
	"credit": "Made with Blockbench",
	"textures": {
		"texture": "./m16"
	},
	"elements": [
		{
			"name": "Box1",
			"from": [7.25, 6, 9],
			"to": [8.75, 8, 16],
			"faces": {
				"north": {"uv": [0, 2, 2, 4], "texture": "#texture"},
				"east": {"uv": [0, 2, 2, 4], "texture": "#texture"},
				"south": {"uv": [0, 2, 2, 4], "texture": "#texture"},
				"west": {"uv": [0, 2, 2, 4], "texture": "#texture"},
				"up": {"uv": [0, 2, 2, 4], "texture": "#texture"},
				"down": {"uv": [0, 2, 2, 4], "texture": "#texture"}
			}
		},
		{
			"name": "Box1",
			"from": [7.25, 6, 9.875],
			"to": [8.75, 7, 15.875],
			"rotation": {"angle": 22.5, "axis": "x", "origin": [7.25, 6, 9.875]},
			"faces": {
				"north": {"uv": [0, 2, 2, 4], "texture": "#texture"},
				"east": {"uv": [0, 2, 2, 4], "texture": "#texture"},
				"south": {"uv": [0, 2, 2, 4], "texture": "#texture"},
				"west": {"uv": [0, 2, 2, 4], "texture": "#texture"},
				"up": {"uv": [0, 2, 2, 4], "texture": "#texture"},
				"down": {"uv": [0, 2, 2, 4], "texture": "#texture"}
			}
		},
		{
			"name": "Box3",
			"from": [7.25, 5.125, 12.5],
			"to": [8.75, 6.125, 16],
			"faces": {
				"north": {"uv": [0, 2, 2, 4], "texture": "#texture"},
				"east": {"uv": [0, 2, 2, 4], "texture": "#texture"},
				"south": {"uv": [0, 2, 2, 4], "texture": "#texture"},
				"west": {"uv": [0, 2, 2, 4], "texture": "#texture"},
				"up": {"uv": [0, 2, 2, 4], "texture": "#texture"},
				"down": {"uv": [0, 2, 2, 4], "texture": "#texture"}
			}
		},
		{
			"name": "Box3",
			"from": [7.25, 3.7125, 15.375],
			"to": [8.75, 5.2125, 16],
			"faces": {
				"north": {"uv": [0, 2, 2, 4], "texture": "#texture"},
				"east": {"uv": [0, 2, 2, 4], "texture": "#texture"},
				"south": {"uv": [0, 2, 2, 4], "texture": "#texture"},
				"west": {"uv": [0, 2, 2, 4], "texture": "#texture"},
				"up": {"uv": [0, 2, 2, 4], "texture": "#texture"},
				"down": {"uv": [0, 2, 2, 4], "texture": "#texture"}
			}
		},
		{
			"name": "Box5",
			"from": [7.25, 4.75, 14.375],
			"to": [8.75, 5.25, 15.375],
			"faces": {
				"north": {"uv": [0, 2, 2, 4], "texture": "#texture"},
				"east": {"uv": [0, 2, 2, 4], "texture": "#texture"},
				"south": {"uv": [0, 2, 2, 4], "texture": "#texture"},
				"west": {"uv": [0, 2, 2, 4], "texture": "#texture"},
				"up": {"uv": [0, 2, 2, 4], "texture": "#texture"},
				"down": {"uv": [0, 2, 2, 4], "texture": "#texture"}
			}
		},
		{
			"name": "Box6",
			"from": [7.5, 6.125, 4.875],
			"to": [8.5, 7.125, 9],
			"faces": {
				"north": {"uv": [2, 2, 4, 4], "texture": "#texture"},
				"east": {"uv": [2, 2, 4, 4], "texture": "#texture"},
				"south": {"uv": [2, 2, 4, 4], "texture": "#texture"},
				"west": {"uv": [2, 2, 4, 4], "texture": "#texture"},
				"up": {"uv": [2, 2, 4, 4], "texture": "#texture"},
				"down": {"uv": [2, 2, 4, 4], "texture": "#texture"}
			}
		},
		{
			"name": "Box7",
			"from": [7.5, 5.375, 4.875],
			"to": [8.5, 6.125, 8],
			"faces": {
				"north": {"uv": [2, 2, 4, 4], "texture": "#texture"},
				"east": {"uv": [2, 2, 4, 4], "texture": "#texture"},
				"south": {"uv": [2, 2, 4, 4], "texture": "#texture"},
				"west": {"uv": [2, 2, 4, 4], "texture": "#texture"},
				"up": {"uv": [2, 2, 4, 4], "texture": "#texture"},
				"down": {"uv": [2, 2, 4, 4], "texture": "#texture"}
			}
		},
		{
			"name": "Box8",
			"from": [7.5, 5.5, 7.5],
			"to": [8.5, 6, 8],
			"rotation": {"angle": 22.5, "axis": "x", "origin": [7.5, 5.5, 7.5]},
			"faces": {
				"north": {"uv": [2, 2, 4, 4], "texture": "#texture"},
				"east": {"uv": [2, 2, 4, 4], "texture": "#texture"},
				"south": {"uv": [2, 2, 4, 4], "texture": "#texture"},
				"west": {"uv": [2, 2, 4, 4], "texture": "#texture"},
				"up": {"uv": [2, 2, 4, 4], "texture": "#texture"},
				"down": {"uv": [2, 2, 4, 4], "texture": "#texture"}
			}
		},
		{
			"name": "Box8",
			"from": [7.5, 6, 7.75],
			"to": [8.5, 6.5, 8.25],
			"rotation": {"angle": 45, "axis": "x", "origin": [7.5, 6, 7.75]},
			"faces": {
				"north": {"uv": [4, 4, 2, 2], "texture": "#texture"},
				"east": {"uv": [2, 2, 4, 4], "rotation": 270, "texture": "#texture"},
				"south": {"uv": [2, 2, 4, 4], "texture": "#texture"},
				"west": {"uv": [2, 2, 4, 4], "rotation": 90, "texture": "#texture"},
				"up": {"uv": [4, 4, 2, 2], "texture": "#texture"},
				"down": {"uv": [2, 2, 4, 4], "texture": "#texture"}
			}
		},
		{
			"name": "Box8",
			"from": [7.5, 5.8976, 8.1343],
			"to": [8.5, 6.3976, 8.6343],
			"rotation": {"angle": -22.5, "axis": "x", "origin": [7.5, 6.375, 8.125]},
			"faces": {
				"north": {"uv": [4, 4, 2, 2], "texture": "#texture"},
				"east": {"uv": [2, 2, 4, 4], "rotation": 270, "texture": "#texture"},
				"south": {"uv": [2, 2, 4, 4], "texture": "#texture"},
				"west": {"uv": [2, 2, 4, 4], "rotation": 90, "texture": "#texture"},
				"up": {"uv": [4, 4, 2, 2], "texture": "#texture"},
				"down": {"uv": [2, 2, 4, 4], "texture": "#texture"}
			}
		},
		{
			"name": "Box11",
			"from": [7.5, 4.375, 6.625],
			"to": [8.5, 5.375, 7.975],
			"faces": {
				"north": {"uv": [2, 4, 4, 6], "texture": "#texture"},
				"east": {"uv": [2, 4, 4, 6], "texture": "#texture"},
				"south": {"uv": [2, 4, 4, 6], "texture": "#texture"},
				"west": {"uv": [2, 4, 4, 6], "texture": "#texture"},
				"up": {"uv": [2, 4, 4, 6], "texture": "#texture"},
				"down": {"uv": [2, 4, 4, 6], "texture": "#texture"}
			}
		},
		{
			"name": "Box11",
			"from": [7.5, 4.25, 7.125],
			"to": [8.5, 4.75, 8.125],
			"rotation": {"angle": -22.5, "axis": "x", "origin": [7.5, 4.25, 7.125]},
			"faces": {
				"north": {"uv": [4, 6, 2, 4], "texture": "#texture"},
				"east": {"uv": [2, 4, 4, 6], "rotation": 270, "texture": "#texture"},
				"south": {"uv": [2, 4, 4, 6], "texture": "#texture"},
				"west": {"uv": [2, 4, 4, 6], "rotation": 90, "texture": "#texture"},
				"up": {"uv": [4, 6, 2, 4], "texture": "#texture"},
				"down": {"uv": [2, 4, 4, 6], "texture": "#texture"}
			}
		},
		{
			"name": "Box14",
			"from": [7.5, 2.5832, 7.9303],
			"to": [8.5, 4.5832, 8.9303],
			"rotation": {"angle": -22.5, "axis": "x", "origin": [7.5, 2.375, 8.25]},
			"faces": {
				"north": {"uv": [2, 4, 4, 6], "texture": "#texture"},
				"east": {"uv": [2.5, 11.5, 0, 16], "texture": "#texture"},
				"south": {"uv": [1, 11.5, 2.5, 16], "texture": "#texture"},
				"west": {"uv": [0, 11.5, 2.5, 16], "texture": "#texture"},
				"up": {"uv": [0, 14.5, 3, 16], "rotation": 90, "texture": "#texture"},
				"down": {"uv": [0, 14.5, 3, 16], "rotation": 90, "texture": "#texture"}
			}
		},
		{
			"name": "Box15",
			"from": [7.5, 1.8925, 7.8384],
			"to": [8.5, 2.3925, 9.0884],
			"rotation": {"angle": -22.5, "axis": "x", "origin": [7.5, 1.875, 7.75]},
			"faces": {
				"north": {"uv": [2, 4, 4, 6], "texture": "#texture"},
				"east": {"uv": [2, 4, 4, 6], "texture": "#texture"},
				"south": {"uv": [2, 4, 4, 6], "texture": "#texture"},
				"west": {"uv": [2, 4, 4, 6], "texture": "#texture"},
				"up": {"uv": [2, 4, 4, 6], "texture": "#texture"},
				"down": {"uv": [2, 4, 4, 6], "texture": "#texture"}
			}
		},
		{
			"name": "Box16",
			"from": [7.5, 4.375, 6.375],
			"to": [8.5, 5.375, 6.625],
			"faces": {
				"north": {"uv": [2, 2, 4, 4], "texture": "#texture"},
				"east": {"uv": [2, 2, 4, 4], "texture": "#texture"},
				"south": {"uv": [2, 2, 4, 4], "texture": "#texture"},
				"west": {"uv": [2, 2, 4, 4], "texture": "#texture"},
				"up": {"uv": [2, 2, 4, 4], "texture": "#texture"},
				"down": {"uv": [2, 2, 4, 4], "texture": "#texture"}
			}
		},
		{
			"name": "Box17",
			"from": [7.5, 4.375, 6],
			"to": [8.5, 4.625, 6.475],
			"faces": {
				"north": {"uv": [2, 2, 4, 4], "texture": "#texture"},
				"east": {"uv": [2, 2, 4, 4], "texture": "#texture"},
				"south": {"uv": [2, 2, 4, 4], "texture": "#texture"},
				"west": {"uv": [2, 2, 4, 4], "texture": "#texture"},
				"up": {"uv": [2, 2, 4, 4], "texture": "#texture"},
				"down": {"uv": [2, 2, 4, 4], "texture": "#texture"}
			}
		},
		{
			"name": "Box17",
			"from": [7.5, 4.375, 6.125],
			"to": [8.5, 4.625, 6.6],
			"rotation": {"angle": -22.5, "axis": "x", "origin": [7.5, 4.375, 6.125]},
			"faces": {
				"north": {"uv": [2, 2, 4, 4], "texture": "#texture"},
				"east": {"uv": [2, 2, 4, 4], "texture": "#texture"},
				"south": {"uv": [2, 2, 4, 4], "texture": "#texture"},
				"west": {"uv": [2, 2, 4, 4], "texture": "#texture"},
				"up": {"uv": [2, 2, 4, 4], "texture": "#texture"},
				"down": {"uv": [2, 2, 4, 4], "texture": "#texture"}
			}
		},
		{
			"name": "Box20",
			"from": [7.5, 4.45, 5.25],
			"to": [8.5, 4.575, 6],
			"faces": {
				"north": {"uv": [2.5, 8, 4.5, 10], "texture": "#texture"},
				"east": {"uv": [2.5, 8, 4.5, 10], "texture": "#texture"},
				"south": {"uv": [2.5, 8, 4.5, 10], "texture": "#texture"},
				"west": {"uv": [2.5, 8, 4.5, 10], "texture": "#texture"},
				"up": {"uv": [2.5, 8, 4.5, 10], "texture": "#texture"},
				"down": {"uv": [2.5, 8, 4.5, 10], "texture": "#texture"}
			}
		},
		{
			"name": "Box17",
			"from": [7.5, 4.375, 4.875],
			"to": [8.5, 4.625, 5.35],
			"faces": {
				"north": {"uv": [2, 2, 4, 4], "texture": "#texture"},
				"east": {"uv": [2, 2, 4, 4], "texture": "#texture"},
				"south": {"uv": [2, 2, 4, 4], "texture": "#texture"},
				"west": {"uv": [2, 2, 4, 4], "texture": "#texture"},
				"up": {"uv": [2, 2, 4, 4], "texture": "#texture"},
				"down": {"uv": [2, 2, 4, 4], "texture": "#texture"}
			}
		},
		{
			"name": "Box16",
			"from": [7.5, 4.375, 4.625],
			"to": [8.5, 7.125, 4.875],
			"faces": {
				"north": {"uv": [2, 2, 4, 4], "texture": "#texture"},
				"east": {"uv": [2, 2, 4, 4], "texture": "#texture"},
				"south": {"uv": [2, 2, 4, 4], "texture": "#texture"},
				"west": {"uv": [2, 2, 4, 4], "texture": "#texture"},
				"up": {"uv": [2, 2, 4, 4], "texture": "#texture"},
				"down": {"uv": [2, 2, 4, 4], "texture": "#texture"}
			}
		},
		{
			"name": "Box17",
			"from": [7.5, 4.5788, 4.7691],
			"to": [8.5, 4.8288, 5.2441],
			"rotation": {"angle": 22.5, "axis": "x", "origin": [7.5, 4.625, 4.75]},
			"faces": {
				"north": {"uv": [2, 2, 4, 4], "texture": "#texture"},
				"east": {"uv": [2, 2, 4, 4], "texture": "#texture"},
				"south": {"uv": [2, 2, 4, 4], "texture": "#texture"},
				"west": {"uv": [2, 2, 4, 4], "texture": "#texture"},
				"up": {"uv": [2, 2, 4, 4], "texture": "#texture"},
				"down": {"uv": [2, 2, 4, 4], "texture": "#texture"}
			}
		},
		{
			"name": "Box17",
			"from": [7.5, 5.1712, 4.8941],
			"to": [8.5, 5.4212, 5.3691],
			"rotation": {"angle": -22.5, "axis": "x", "origin": [7.5, 5.125, 4.875]},
			"faces": {
				"north": {"uv": [2, 2, 4, 4], "texture": "#texture"},
				"east": {"uv": [2, 2, 4, 4], "texture": "#texture"},
				"south": {"uv": [2, 2, 4, 4], "texture": "#texture"},
				"west": {"uv": [2, 2, 4, 4], "texture": "#texture"},
				"up": {"uv": [2, 2, 4, 4], "texture": "#texture"},
				"down": {"uv": [2, 2, 4, 4], "texture": "#texture"}
			}
		},
		{
			"name": "Box17",
			"from": [7.5, 5.3788, 6.0191],
			"to": [8.5, 5.6288, 6.4941],
			"rotation": {"angle": 22.5, "axis": "x", "origin": [7.5, 5.425, 6]},
			"faces": {
				"north": {"uv": [2, 2, 4, 4], "texture": "#texture"},
				"east": {"uv": [2, 2, 4, 4], "texture": "#texture"},
				"south": {"uv": [2, 2, 4, 4], "texture": "#texture"},
				"west": {"uv": [2, 2, 4, 4], "texture": "#texture"},
				"up": {"uv": [2, 2, 4, 4], "texture": "#texture"},
				"down": {"uv": [2, 2, 4, 4], "texture": "#texture"}
			}
		},
		{
			"name": "Box26",
			"from": [7.625, 5, 5.875],
			"to": [8.375, 5.5, 6.125],
			"faces": {
				"north": {"uv": [2.5, 6, 4.5, 8], "texture": "#texture"},
				"east": {"uv": [2.5, 6, 4.5, 8], "texture": "#texture"},
				"south": {"uv": [2.5, 6, 4.5, 8], "texture": "#texture"},
				"west": {"uv": [2.5, 6, 4.5, 8], "texture": "#texture"},
				"up": {"uv": [2.5, 6, 4.5, 8], "texture": "#texture"},
				"down": {"uv": [2.5, 6, 4.5, 8], "texture": "#texture"}
			}
		},
		{
			"name": "Box26",
			"from": [7.625, 4.75, 5.75],
			"to": [8.375, 5.125, 6],
			"rotation": {"angle": 22.5, "axis": "x", "origin": [7.625, 4.75, 5.75]},
			"faces": {
				"north": {"uv": [2.5, 6, 4.5, 8], "texture": "#texture"},
				"east": {"uv": [2.5, 6, 4.5, 8], "texture": "#texture"},
				"south": {"uv": [2.5, 6, 4.5, 8], "texture": "#texture"},
				"west": {"uv": [2.5, 6, 4.5, 8], "texture": "#texture"},
				"up": {"uv": [2.5, 6, 4.5, 8], "texture": "#texture"},
				"down": {"uv": [2.5, 6, 4.5, 8], "texture": "#texture"}
			}
		},
		{
			"name": "Box28",
			"from": [7.5, 4.625, 2.65],
			"to": [8.5, 6.375, 4.65],
			"faces": {
				"north": {"uv": [4, 4, 6, 6], "texture": "#texture"},
				"east": {"uv": [4, 4, 6, 6], "texture": "#texture"},
				"south": {"uv": [4, 4, 6, 6], "texture": "#texture"},
				"west": {"uv": [4, 4, 6, 6], "texture": "#texture"},
				"up": {"uv": [4, 4, 6, 6], "texture": "#texture"},
				"down": {"uv": [4, 4, 6, 6], "texture": "#texture"}
			}
		},
		{
			"name": "Box29",
			"from": [7.625, 3.45, 3],
			"to": [8.375, 4.75, 4.25],
			"faces": {
				"north": {"uv": [11, 6, 11.5, 10], "texture": "#texture"},
				"east": {"uv": [7.5, 6, 11.5, 10], "texture": "#texture"},
				"south": {"uv": [7.5, 6, 8, 10], "texture": "#texture"},
				"west": {"uv": [11.5, 6, 7.5, 10], "texture": "#texture"},
				"up": {"uv": [7.5, 6, 11.5, 6.5], "texture": "#texture"},
				"down": {"uv": [7.5, 9.5, 11.5, 10], "texture": "#texture"}
			}
		},
		{
			"name": "Box29",
			"from": [7.625, 2.75, 2.95],
			"to": [8.375, 3.5, 4.2],
			"faces": {
				"north": {"uv": [11, 6, 11.5, 10], "texture": "#texture"},
				"east": {"uv": [7.5, 6, 11.5, 10], "texture": "#texture"},
				"south": {"uv": [7.5, 6, 8, 10], "texture": "#texture"},
				"west": {"uv": [11.5, 6, 7.5, 10], "texture": "#texture"},
				"up": {"uv": [7.5, 6, 11.5, 6.5], "texture": "#texture"},
				"down": {"uv": [7.5, 9.5, 11.5, 10], "texture": "#texture"}
			}
		},
		{
			"name": "Box30",
			"from": [7.5, 6.375, 2.625],
			"to": [8.5, 7.125, 4.625],
			"faces": {
				"north": {"uv": [2, 2, 4, 4], "texture": "#texture"},
				"east": {"uv": [2, 2, 4, 4], "texture": "#texture"},
				"south": {"uv": [2, 2, 4, 4], "texture": "#texture"},
				"west": {"uv": [2, 2, 4, 4], "texture": "#texture"},
				"up": {"uv": [2, 2, 4, 4], "texture": "#texture"},
				"down": {"uv": [2, 2, 4, 4], "texture": "#texture"}
			}
		},
		{
			"name": "Box31",
			"from": [7.5, 7.25, 2.625],
			"to": [8.5, 8, 9],
			"faces": {
				"north": {"uv": [2, 2, 4, 4], "texture": "#texture"},
				"east": {"uv": [2, 2, 4, 4], "texture": "#texture"},
				"south": {"uv": [2, 2, 4, 4], "texture": "#texture"},
				"west": {"uv": [2, 2, 4, 4], "texture": "#texture"},
				"up": {"uv": [2, 2, 4, 4], "texture": "#texture"},
				"down": {"uv": [2, 2, 4, 4], "texture": "#texture"}
			}
		},
		{
			"name": "Box31",
			"from": [7.625, 6.75, 2.75],
			"to": [8.375, 7.5, 9.125],
			"faces": {
				"north": {"uv": [2, 2, 4, 4], "texture": "#texture"},
				"east": {"uv": [2, 2, 4, 4], "texture": "#texture"},
				"south": {"uv": [2, 2, 4, 4], "texture": "#texture"},
				"west": {"uv": [2, 2, 4, 4], "texture": "#texture"},
				"up": {"uv": [2, 2, 4, 4], "texture": "#texture"},
				"down": {"uv": [2, 2, 4, 4], "texture": "#texture"}
			}
		},
		{
			"name": "Box33",
			"from": [7.5, 7.125, 2.625],
			"to": [8.5, 7.25, 2.75],
			"faces": {
				"north": {"uv": [2, 2, 4, 4], "texture": "#texture"},
				"east": {"uv": [2, 2, 4, 4], "texture": "#texture"},
				"south": {"uv": [2, 2, 4, 4], "texture": "#texture"},
				"west": {"uv": [2, 2, 4, 4], "texture": "#texture"},
				"up": {"uv": [2, 2, 4, 4], "texture": "#texture"},
				"down": {"uv": [2, 2, 4, 4], "texture": "#texture"}
			}
		},
		{
			"name": "Box34",
			"from": [7.625, 8.25, 7.625],
			"to": [8.375, 8.75, 8.625],
			"faces": {
				"north": {"uv": [0, 4, 2, 6], "texture": "#texture"},
				"east": {"uv": [0, 4, 2, 6], "texture": "#texture"},
				"south": {"uv": [0, 4, 2, 6], "texture": "#texture"},
				"west": {"uv": [0, 4, 2, 6], "texture": "#texture"},
				"up": {"uv": [0, 4, 2, 6], "texture": "#texture"},
				"down": {"uv": [0, 4, 2, 6], "texture": "#texture"}
			}
		},
		{
			"name": "Box35",
			"from": [7.5, 8, 7.625],
			"to": [8.5, 8.25, 8.875],
			"faces": {
				"north": {"uv": [2, 2, 4, 4], "texture": "#texture"},
				"east": {"uv": [2, 2, 4, 4], "texture": "#texture"},
				"south": {"uv": [2, 2, 4, 4], "texture": "#texture"},
				"west": {"uv": [2, 2, 4, 4], "texture": "#texture"},
				"up": {"uv": [2, 2, 4, 4], "texture": "#texture"},
				"down": {"uv": [2, 2, 4, 4], "texture": "#texture"}
			}
		},
		{
			"name": "Box35",
			"from": [7.5, 8.75, 7.625],
			"to": [8.5, 9.75, 8.45],
			"faces": {
				"north": {"uv": [2, 2, 4, 4], "texture": "#texture"},
				"east": {"uv": [2, 2, 4, 4], "texture": "#texture"},
				"south": {"uv": [2, 2, 4, 4], "texture": "#texture"},
				"west": {"uv": [2, 2, 4, 4], "texture": "#texture"},
				"up": {"uv": [2, 2, 4, 4], "texture": "#texture"},
				"down": {"uv": [2, 2, 4, 4], "texture": "#texture"}
			}
		},
		{
			"name": "Box38",
			"from": [7.5, 8, 2.625],
			"to": [8.5, 9.75, 2.875],
			"faces": {
				"north": {"uv": [2, 2, 4, 4], "texture": "#texture"},
				"east": {"uv": [2, 2, 4, 4], "texture": "#texture"},
				"south": {"uv": [2, 2, 4, 4], "texture": "#texture"},
				"west": {"uv": [2, 2, 4, 4], "texture": "#texture"},
				"up": {"uv": [2, 2, 4, 4], "texture": "#texture"},
				"down": {"uv": [2, 2, 4, 4], "texture": "#texture"}
			}
		},
		{
			"name": "Box41",
			"from": [7.5, 9.5, 2.875],
			"to": [8.5, 9.9, 7.875],
			"faces": {
				"north": {"uv": [2, 2, 4, 4], "texture": "#texture"},
				"east": {"uv": [2, 2, 4, 4], "texture": "#texture"},
				"south": {"uv": [2, 2, 4, 4], "texture": "#texture"},
				"west": {"uv": [2, 2, 4, 4], "texture": "#texture"},
				"up": {"uv": [2, 2, 4, 4], "texture": "#texture"},
				"down": {"uv": [2, 2, 4, 4], "texture": "#texture"}
			}
		},
		{
			"name": "Box42",
			"from": [7.625, 7, 1.5],
			"to": [8.375, 7.75, 2.625],
			"faces": {
				"north": {"uv": [4, 2, 6, 4], "texture": "#texture"},
				"east": {"uv": [4, 2, 6, 4], "texture": "#texture"},
				"south": {"uv": [4, 2, 6, 4], "texture": "#texture"},
				"west": {"uv": [4, 2, 6, 4], "texture": "#texture"},
				"up": {"uv": [4, 2, 6, 4], "texture": "#texture"},
				"down": {"uv": [4, 2, 6, 4], "texture": "#texture"}
			}
		},
		{
			"name": "Box43",
			"from": [7.5, 6.875, 1.625],
			"to": [8.5, 7.875, 2.425],
			"faces": {
				"north": {"uv": [6, 2, 8, 4], "texture": "#texture"},
				"east": {"uv": [6, 2, 8, 4], "texture": "#texture"},
				"south": {"uv": [6, 2, 8, 4], "texture": "#texture"},
				"west": {"uv": [6, 2, 8, 4], "texture": "#texture"},
				"up": {"uv": [6, 2, 8, 4], "texture": "#texture"},
				"down": {"uv": [6, 2, 8, 4], "texture": "#texture"}
			}
		},
		{
			"name": "Box44",
			"from": [7.25, 6, 0.5],
			"to": [8.75, 8, 1.5],
			"faces": {
				"north": {"uv": [8, 2, 10, 4], "texture": "#texture"},
				"east": {"uv": [8, 2, 10, 4], "texture": "#texture"},
				"south": {"uv": [8, 2, 10, 4], "texture": "#texture"},
				"west": {"uv": [8, 2, 10, 4], "texture": "#texture"},
				"up": {"uv": [8, 2, 10, 4], "texture": "#texture"},
				"down": {"uv": [8, 2, 10, 4], "texture": "#texture"}
			}
		},
		{
			"name": "Box44",
			"from": [7.25, 6.125, -0.5],
			"to": [8.75, 8, 0.5],
			"faces": {
				"north": {"uv": [8, 2, 10, 4], "texture": "#texture"},
				"east": {"uv": [8, 2, 10, 4], "texture": "#texture"},
				"south": {"uv": [8, 2, 10, 4], "texture": "#texture"},
				"west": {"uv": [8, 2, 10, 4], "texture": "#texture"},
				"up": {"uv": [8, 2, 10, 4], "texture": "#texture"},
				"down": {"uv": [8, 2, 10, 4], "texture": "#texture"}
			}
		},
		{
			"name": "Box44",
			"from": [7.25, 6.25, -1.5],
			"to": [8.75, 8, -0.5],
			"faces": {
				"north": {"uv": [8, 2, 10, 4], "texture": "#texture"},
				"east": {"uv": [8, 2, 10, 4], "texture": "#texture"},
				"south": {"uv": [8, 2, 10, 4], "texture": "#texture"},
				"west": {"uv": [8, 2, 10, 4], "texture": "#texture"},
				"up": {"uv": [8, 2, 10, 4], "texture": "#texture"},
				"down": {"uv": [8, 2, 10, 4], "texture": "#texture"}
			}
		},
		{
			"name": "Box44",
			"from": [7.25, 6.375, -2.5],
			"to": [8.75, 8, -1.5],
			"faces": {
				"north": {"uv": [8, 2, 10, 4], "texture": "#texture"},
				"east": {"uv": [8, 2, 10, 4], "texture": "#texture"},
				"south": {"uv": [8, 2, 10, 4], "texture": "#texture"},
				"west": {"uv": [8, 2, 10, 4], "texture": "#texture"},
				"up": {"uv": [8, 2, 10, 4], "texture": "#texture"},
				"down": {"uv": [8, 2, 10, 4], "texture": "#texture"}
			}
		},
		{
			"name": "Box44",
			"from": [7.25, 6.5, -3.5],
			"to": [8.75, 8, -2.5],
			"faces": {
				"north": {"uv": [8, 2, 10, 4], "texture": "#texture"},
				"east": {"uv": [8, 2, 10, 4], "texture": "#texture"},
				"south": {"uv": [8, 2, 10, 4], "texture": "#texture"},
				"west": {"uv": [8, 2, 10, 4], "texture": "#texture"},
				"up": {"uv": [8, 2, 10, 4], "texture": "#texture"},
				"down": {"uv": [8, 2, 10, 4], "texture": "#texture"}
			}
		},
		{
			"name": "Box49",
			"from": [7.5, 6.75, -6.75],
			"to": [8.5, 7.75, -3.5],
			"faces": {
				"north": {"uv": [10, 2, 12, 4], "texture": "#texture"},
				"east": {"uv": [10, 2, 12, 4], "texture": "#texture"},
				"south": {"uv": [10, 2, 12, 4], "texture": "#texture"},
				"west": {"uv": [10, 2, 12, 4], "texture": "#texture"},
				"up": {"uv": [10, 2, 12, 4], "texture": "#texture"},
				"down": {"uv": [10, 2, 12, 4], "texture": "#texture"}
			}
		},
		{
			"name": "Box50",
			"from": [7.375, 6.625, -7.25],
			"to": [8.625, 7.875, -6.75],
			"faces": {
				"north": {"uv": [12, 2, 14, 4], "texture": "#texture"},
				"east": {"uv": [12, 2, 14, 4], "texture": "#texture"},
				"south": {"uv": [12, 2, 14, 4], "texture": "#texture"},
				"west": {"uv": [12, 2, 14, 4], "texture": "#texture"},
				"up": {"uv": [12, 2, 14, 4], "texture": "#texture"},
				"down": {"uv": [12, 2, 14, 4], "texture": "#texture"}
			}
		},
		{
			"name": "Box51",
			"from": [7.375, 7.5, -8.625],
			"to": [7.75, 7.875, -7.25],
			"faces": {
				"north": {"uv": [12, 2, 14, 4], "texture": "#texture"},
				"east": {"uv": [12, 2, 14, 4], "texture": "#texture"},
				"south": {"uv": [12, 2, 14, 4], "texture": "#texture"},
				"west": {"uv": [12, 2, 14, 4], "texture": "#texture"},
				"up": {"uv": [12, 2, 14, 4], "texture": "#texture"},
				"down": {"uv": [12, 2, 14, 4], "texture": "#texture"}
			}
		},
		{
			"name": "Box51",
			"from": [8.25, 7.5, -8.625],
			"to": [8.625, 7.875, -7.25],
			"faces": {
				"north": {"uv": [12, 2, 14, 4], "texture": "#texture"},
				"east": {"uv": [12, 2, 14, 4], "texture": "#texture"},
				"south": {"uv": [12, 2, 14, 4], "texture": "#texture"},
				"west": {"uv": [12, 2, 14, 4], "texture": "#texture"},
				"up": {"uv": [12, 2, 14, 4], "texture": "#texture"},
				"down": {"uv": [12, 2, 14, 4], "texture": "#texture"}
			}
		},
		{
			"name": "Box51",
			"from": [8.25, 6.625, -8.625],
			"to": [8.625, 7, -7.25],
			"faces": {
				"north": {"uv": [12, 2, 14, 4], "texture": "#texture"},
				"east": {"uv": [12, 2, 14, 4], "texture": "#texture"},
				"south": {"uv": [12, 2, 14, 4], "texture": "#texture"},
				"west": {"uv": [12, 2, 14, 4], "texture": "#texture"},
				"up": {"uv": [12, 2, 14, 4], "texture": "#texture"},
				"down": {"uv": [12, 2, 14, 4], "texture": "#texture"}
			}
		},
		{
			"name": "Box51",
			"from": [7.375, 6.625, -8.625],
			"to": [7.75, 7, -7.25],
			"faces": {
				"north": {"uv": [12, 2, 14, 4], "texture": "#texture"},
				"east": {"uv": [12, 2, 14, 4], "texture": "#texture"},
				"south": {"uv": [12, 2, 14, 4], "texture": "#texture"},
				"west": {"uv": [12, 2, 14, 4], "texture": "#texture"},
				"up": {"uv": [12, 2, 14, 4], "texture": "#texture"},
				"down": {"uv": [12, 2, 14, 4], "texture": "#texture"}
			}
		},
		{
			"name": "Box55",
			"from": [7.375, 6.875, -8.625],
			"to": [7.75, 7.625, -8.5],
			"faces": {
				"north": {"uv": [12, 2, 14, 4], "texture": "#texture"},
				"east": {"uv": [12, 2, 14, 4], "texture": "#texture"},
				"south": {"uv": [12, 2, 14, 4], "texture": "#texture"},
				"west": {"uv": [12, 2, 14, 4], "texture": "#texture"},
				"up": {"uv": [12, 2, 14, 4], "texture": "#texture"},
				"down": {"uv": [12, 2, 14, 4], "texture": "#texture"}
			}
		},
		{
			"name": "Box55",
			"from": [8.25, 6.875, -8.625],
			"to": [8.625, 7.625, -8.5],
			"faces": {
				"north": {"uv": [12, 2, 14, 4], "texture": "#texture"},
				"east": {"uv": [12, 2, 14, 4], "texture": "#texture"},
				"south": {"uv": [12, 2, 14, 4], "texture": "#texture"},
				"west": {"uv": [12, 2, 14, 4], "texture": "#texture"},
				"up": {"uv": [12, 2, 14, 4], "texture": "#texture"},
				"down": {"uv": [12, 2, 14, 4], "texture": "#texture"}
			}
		},
		{
			"name": "Box57",
			"from": [7.625, 7.5, -8.625],
			"to": [8.375, 7.875, -8.5],
			"faces": {
				"north": {"uv": [12, 2, 14, 4], "texture": "#texture"},
				"east": {"uv": [12, 2, 14, 4], "texture": "#texture"},
				"south": {"uv": [12, 2, 14, 4], "texture": "#texture"},
				"west": {"uv": [12, 2, 14, 4], "texture": "#texture"},
				"up": {"uv": [12, 2, 14, 4], "texture": "#texture"},
				"down": {"uv": [12, 2, 14, 4], "texture": "#texture"}
			}
		},
		{
			"name": "Box57",
			"from": [7.625, 6.625, -8.625],
			"to": [8.375, 7, -8.5],
			"faces": {
				"north": {"uv": [12, 2, 14, 4], "texture": "#texture"},
				"east": {"uv": [12, 2, 14, 4], "texture": "#texture"},
				"south": {"uv": [12, 2, 14, 4], "texture": "#texture"},
				"west": {"uv": [12, 2, 14, 4], "texture": "#texture"},
				"up": {"uv": [12, 2, 14, 4], "texture": "#texture"},
				"down": {"uv": [12, 2, 14, 4], "texture": "#texture"}
			}
		},
		{
			"name": "Box55",
			"from": [7.375, 6.875, -8.25],
			"to": [7.75, 7.625, -8.075],
			"faces": {
				"north": {"uv": [12, 2, 14, 4], "texture": "#texture"},
				"east": {"uv": [12, 2, 14, 4], "texture": "#texture"},
				"south": {"uv": [12, 2, 14, 4], "texture": "#texture"},
				"west": {"uv": [12, 2, 14, 4], "texture": "#texture"},
				"up": {"uv": [12, 2, 14, 4], "texture": "#texture"},
				"down": {"uv": [12, 2, 14, 4], "texture": "#texture"}
			}
		},
		{
			"name": "Box55",
			"from": [8.25, 6.875, -8.25],
			"to": [8.625, 7.625, -8.075],
			"faces": {
				"north": {"uv": [12, 2, 14, 4], "texture": "#texture"},
				"east": {"uv": [12, 2, 14, 4], "texture": "#texture"},
				"south": {"uv": [12, 2, 14, 4], "texture": "#texture"},
				"west": {"uv": [12, 2, 14, 4], "texture": "#texture"},
				"up": {"uv": [12, 2, 14, 4], "texture": "#texture"},
				"down": {"uv": [12, 2, 14, 4], "texture": "#texture"}
			}
		},
		{
			"name": "Box57",
			"from": [7.625, 7.5, -8.25],
			"to": [8.375, 7.875, -8.075],
			"faces": {
				"north": {"uv": [12, 2, 14, 4], "texture": "#texture"},
				"east": {"uv": [12, 2, 14, 4], "texture": "#texture"},
				"south": {"uv": [12, 2, 14, 4], "texture": "#texture"},
				"west": {"uv": [12, 2, 14, 4], "texture": "#texture"},
				"up": {"uv": [12, 2, 14, 4], "texture": "#texture"},
				"down": {"uv": [12, 2, 14, 4], "texture": "#texture"}
			}
		},
		{
			"name": "Box57",
			"from": [7.625, 6.625, -8.25],
			"to": [8.375, 7, -8.075],
			"faces": {
				"north": {"uv": [12, 2, 14, 4], "texture": "#texture"},
				"east": {"uv": [12, 2, 14, 4], "texture": "#texture"},
				"south": {"uv": [12, 2, 14, 4], "texture": "#texture"},
				"west": {"uv": [12, 2, 14, 4], "texture": "#texture"},
				"up": {"uv": [12, 2, 14, 4], "texture": "#texture"},
				"down": {"uv": [12, 2, 14, 4], "texture": "#texture"}
			}
		},
		{
			"name": "Box63",
			"from": [7.375, 6.625, -3.875],
			"to": [8.625, 8, -3.625],
			"faces": {
				"north": {"uv": [10, 0, 12, 2], "texture": "#texture"},
				"east": {"uv": [10, 0, 12, 2], "texture": "#texture"},
				"south": {"uv": [10, 0, 12, 2], "texture": "#texture"},
				"west": {"uv": [10, 0, 12, 2], "texture": "#texture"},
				"up": {"uv": [10, 0, 12, 2], "texture": "#texture"},
				"down": {"uv": [10, 0, 12, 2], "texture": "#texture"}
			}
		},
		{
			"name": "Box63",
			"from": [7.375, 7.875, -3.875],
			"to": [8.625, 10.35, -3.625],
			"rotation": {"angle": -22.5, "axis": "x", "origin": [7.375, 7.875, -3.875]},
			"faces": {
				"north": {"uv": [10, 0, 12, 2], "texture": "#texture"},
				"east": {"uv": [10, 0, 12, 2], "texture": "#texture"},
				"south": {"uv": [10, 0, 12, 2], "texture": "#texture"},
				"west": {"uv": [10, 0, 12, 2], "texture": "#texture"},
				"up": {"uv": [10, 0, 12, 2], "texture": "#texture"},
				"down": {"uv": [10, 0, 12, 2], "texture": "#texture"}
			}
		},
		{
			"name": "Box63",
			"from": [7.375, 6.5, -4.875],
			"to": [8.625, 10.25, -4.625],
			"faces": {
				"north": {"uv": [10, 0, 12, 2], "texture": "#texture"},
				"east": {"uv": [10, 0, 12, 2], "texture": "#texture"},
				"south": {"uv": [10, 0, 12, 2], "texture": "#texture"},
				"west": {"uv": [10, 0, 12, 2], "texture": "#texture"},
				"up": {"uv": [10, 0, 12, 2], "texture": "#texture"},
				"down": {"uv": [10, 0, 12, 2], "texture": "#texture"}
			}
		},
		{
			"name": "Box63",
			"from": [7.375, 8, -4.75],
			"to": [8.625, 8.25, -3.75],
			"faces": {
				"north": {"uv": [12, 2, 10, 0], "texture": "#texture"},
				"east": {"uv": [10, 0, 12, 2], "rotation": 90, "texture": "#texture"},
				"south": {"uv": [10, 0, 12, 2], "texture": "#texture"},
				"west": {"uv": [10, 0, 12, 2], "rotation": 270, "texture": "#texture"},
				"up": {"uv": [10, 0, 12, 2], "texture": "#texture"},
				"down": {"uv": [12, 2, 10, 0], "texture": "#texture"}
			}
		},
		{
			"name": "Box67",
			"from": [7.75, 9.125, -4.625],
			"to": [8.25, 9.825, -4.5],
			"faces": {
				"north": {"uv": [10, 0, 12, 2], "texture": "#texture"},
				"east": {"uv": [10, 0, 12, 2], "texture": "#texture"},
				"south": {"uv": [10, 0, 12, 2], "texture": "#texture"},
				"west": {"uv": [10, 0, 12, 2], "texture": "#texture"},
				"up": {"uv": [10, 0, 12, 2], "texture": "#texture"},
				"down": {"uv": [10, 0, 12, 2], "texture": "#texture"}
			}
		},
		{
			"name": "Box68",
			"from": [7.5, 6.5, -5],
			"to": [8.5, 6.625, -4.625],
			"faces": {
				"north": {"uv": [10, 0, 12, 2], "texture": "#texture"},
				"east": {"uv": [10, 0, 12, 2], "texture": "#texture"},
				"south": {"uv": [10, 0, 12, 2], "texture": "#texture"},
				"west": {"uv": [10, 0, 12, 2], "texture": "#texture"},
				"up": {"uv": [10, 0, 12, 2], "texture": "#texture"},
				"down": {"uv": [10, 0, 12, 2], "texture": "#texture"}
			}
		}
	],
	"display": {
		"thirdperson_righthand": {
			"rotation": [0, -2, 0],
			"translation": [0, 2, 2],
			"scale": [0.8, 0.8, 0.8]
		},
		"thirdperson_lefthand": {
			"rotation": [0, -2, 0],
			"translation": [0, 2, 2],
			"scale": [0.8, 0.8, 0.8]
		},
		"firstperson_righthand": {
			"translation": [4.25, 3, 4]
		},
		"firstperson_lefthand": {
			"rotation": [0, -6.5, 0],
			"translation": [4.25, 3, 2.25]
		},
		"ground": {
			"rotation": [0, 0, 83],
			"scale": [0.8, 0.8, 0.8]
		},
		"gui": {
			"rotation": [52, 54, -37],
			"translation": [2.25, 0, 0],
			"scale": [0.625, 0.625, 0.625]
		},
		"head": {
			"rotation": [0, 90, 0],
			"translation": [24, 0, -3]
		},
		"fixed": {
			"rotation": [90, 45, -90],
			"translation": [5, -3, -1.5],
			"scale": [1.5, 1.5, 1.5]
		}
	}
}