{
	"credit": "Made with Blockbench",
	"texture_size": [64, 64],
	"textures": {
		"0": "./oak_handle",
		"1": "./oak_top",
		"particle": "./oak_handle"
	},
	"elements": [
		{
			"from": [7.48295, 1.0296, 7.48201],
			"to": [8.48295, 5.5296, 8.48201],
			"rotation": {"angle": 0, "axis": "y", "origin": [15.48295, 9.2796, 15.48201]},
			"faces": {
				"north": {"uv": [0, 0, 16, 16], "texture": "#0"},
				"east": {"uv": [0, 0, 16, 16], "texture": "#0"},
				"south": {"uv": [0, 0, 16, 16], "texture": "#0"},
				"west": {"uv": [0, 0, 16, 16], "texture": "#0"},
				"up": {"uv": [0, 0, 16, 16], "texture": "#0"},
				"down": {"uv": [0, 0, 16, 16], "texture": "#0"}
			}
		},
		{
			"from": [7.73295, 1.0296, 7.23201],
			"to": [8.23295, 1.2796, 7.48201],
			"rotation": {"angle": 0, "axis": "y", "origin": [15.48295, 8.2796, 14.48201]},
			"faces": {
				"north": {"uv": [0, 1, 9, 7.5], "texture": "#0"},
				"east": {"uv": [0, 1, 9, 7.5], "texture": "#0"},
				"south": {"uv": [0, 1, 9, 7.5], "texture": "#0"},
				"west": {"uv": [0, 1, 9, 7.5], "texture": "#0"},
				"up": {"uv": [0, 1, 9, 7.5], "texture": "#0"},
				"down": {"uv": [0, 1, 9, 7.5], "texture": "#0"}
			}
		},
		{
			"from": [7.73295, 5.7796, 7.48201],
			"to": [8.23295, 6.0296, 7.73201],
			"rotation": {"angle": 0, "axis": "y", "origin": [15.48295, 13.0296, 14.73201]},
			"faces": {
				"north": {"uv": [0, 0, 7, 16], "texture": "#0"},
				"east": {"uv": [0, 0, 7, 16], "texture": "#0"},
				"south": {"uv": [0, 0, 7, 16], "texture": "#0"},
				"west": {"uv": [0, 0, 7, 16], "texture": "#0"},
				"up": {"uv": [0, 0, 7, 16], "texture": "#0"},
				"down": {"uv": [0, 0, 7, 16], "texture": "#0"}
			}
		},
		{
			"from": [7.73295, 5.7796, 7.48201],
			"to": [8.23295, 5.7796, 7.73201],
			"rotation": {"angle": 0, "axis": "y", "origin": [15.48295, 13.0296, 14.73201]},
			"faces": {
				"north": {"uv": [0, 0, 16, 16], "texture": "#0"},
				"east": {"uv": [0, 0, 16, 16], "texture": "#0"},
				"south": {"uv": [0, 0, 16, 16], "texture": "#0"},
				"west": {"uv": [0, 0, 16, 16], "texture": "#0"},
				"up": {"uv": [0, 0, 16, 16], "texture": "#0"},
				"down": {"uv": [0, 0, 16, 16], "texture": "#0"}
			}
		},
		{
			"from": [7.73295, 5.2796, 7.23201],
			"to": [8.23295, 5.5296, 7.48201],
			"rotation": {"angle": 0, "axis": "y", "origin": [15.48295, 12.5296, 14.48201]},
			"faces": {
				"north": {"uv": [0, 0, 16, 16], "texture": "#0"},
				"east": {"uv": [0, 0, 16, 16], "texture": "#0"},
				"south": {"uv": [0, 0, 16, 16], "texture": "#0"},
				"west": {"uv": [0, 0, 16, 16], "texture": "#0"},
				"up": {"uv": [0, 0, 16, 16], "texture": "#0"},
				"down": {"uv": [0, 0, 16, 16], "texture": "#0"}
			}
		},
		{
			"from": [7.23295, 5.2796, 7.73201],
			"to": [7.48295, 5.5296, 8.23201],
			"rotation": {"angle": 0, "axis": "y", "origin": [14.48295, 12.5296, 15.48201]},
			"faces": {
				"north": {"uv": [0, 0, 7, 16], "texture": "#0"},
				"east": {"uv": [0, 0, 7, 16], "texture": "#0"},
				"south": {"uv": [0, 0, 7, 16], "texture": "#0"},
				"west": {"uv": [0, 0, 7, 16], "texture": "#0"},
				"up": {"uv": [0, 0, 7, 16], "texture": "#0"},
				"down": {"uv": [0, 0, 7, 16], "texture": "#0"}
			}
		},
		{
			"from": [7.23295, 1.0296, 7.73201],
			"to": [7.48295, 1.2796, 8.23201],
			"rotation": {"angle": 0, "axis": "y", "origin": [14.48295, 8.2796, 15.48201]},
			"faces": {
				"north": {"uv": [0, 1, 9, 7.5], "texture": "#0"},
				"east": {"uv": [0, 1, 9, 7.5], "texture": "#0"},
				"south": {"uv": [0, 1, 9, 7.5], "texture": "#0"},
				"west": {"uv": [0, 1, 9, 7.5], "texture": "#0"},
				"up": {"uv": [0, 1, 9, 7.5], "texture": "#0"},
				"down": {"uv": [0, 1, 9, 7.5], "texture": "#0"}
			}
		},
		{
			"from": [7.48295, 5.7796, 7.73201],
			"to": [7.73295, 6.0296, 8.23201],
			"rotation": {"angle": 0, "axis": "y", "origin": [14.73295, 13.0296, 15.48201]},
			"faces": {
				"north": {"uv": [0, 0, 7, 16], "texture": "#0"},
				"east": {"uv": [0, 0, 7, 16], "texture": "#0"},
				"south": {"uv": [0, 0, 7, 16], "texture": "#0"},
				"west": {"uv": [0, 0, 7, 16], "texture": "#0"},
				"up": {"uv": [0, 0, 7, 16], "texture": "#0"},
				"down": {"uv": [0, 0, 7, 16], "texture": "#0"}
			}
		},
		{
			"from": [7.48295, 5.7796, 7.73201],
			"to": [7.73295, 5.7796, 8.23201],
			"rotation": {"angle": 0, "axis": "y", "origin": [14.73295, 13.0296, 15.48201]},
			"faces": {
				"north": {"uv": [0, 0, 16, 16], "texture": "#0"},
				"east": {"uv": [0, 0, 16, 16], "texture": "#0"},
				"south": {"uv": [0, 0, 16, 16], "texture": "#0"},
				"west": {"uv": [0, 0, 16, 16], "texture": "#0"},
				"up": {"uv": [0, 0, 16, 16], "texture": "#0"},
				"down": {"uv": [0, 0, 16, 16], "texture": "#0"}
			}
		},
		{
			"from": [7.23295, 5.2796, 7.73201],
			"to": [7.48295, 5.5296, 8.23201],
			"rotation": {"angle": 0, "axis": "y", "origin": [14.48295, 12.5296, 15.48201]},
			"faces": {
				"north": {"uv": [0, 0, 16, 16], "texture": "#0"},
				"east": {"uv": [0, 0, 16, 16], "texture": "#0"},
				"south": {"uv": [0, 0, 16, 16], "texture": "#0"},
				"west": {"uv": [0, 0, 16, 16], "texture": "#0"},
				"up": {"uv": [0, 0, 16, 16], "texture": "#0"},
				"down": {"uv": [0, 0, 16, 16], "texture": "#0"}
			}
		},
		{
			"from": [7.73295, 5.2796, 8.48201],
			"to": [8.23295, 5.5296, 8.73201],
			"rotation": {"angle": 0, "axis": "y", "origin": [15.48295, 12.5296, 16.48201]},
			"faces": {
				"north": {"uv": [0, 0, 7, 16], "texture": "#0"},
				"east": {"uv": [0, 0, 7, 16], "texture": "#0"},
				"south": {"uv": [0, 0, 7, 16], "texture": "#0"},
				"west": {"uv": [0, 0, 7, 16], "texture": "#0"},
				"up": {"uv": [0, 0, 7, 16], "texture": "#0"},
				"down": {"uv": [0, 0, 7, 16], "texture": "#0"}
			}
		},
		{
			"from": [7.73295, 1.0296, 8.48201],
			"to": [8.23295, 1.2796, 8.73201],
			"rotation": {"angle": 0, "axis": "y", "origin": [15.48295, 8.2796, 16.48201]},
			"faces": {
				"north": {"uv": [0, 1, 9, 7.5], "texture": "#0"},
				"east": {"uv": [0, 1, 9, 7.5], "texture": "#0"},
				"south": {"uv": [0, 1, 9, 7.5], "texture": "#0"},
				"west": {"uv": [0, 1, 9, 7.5], "texture": "#0"},
				"up": {"uv": [0, 1, 9, 7.5], "texture": "#0"},
				"down": {"uv": [0, 1, 9, 7.5], "texture": "#0"}
			}
		},
		{
			"from": [7.73295, 5.7796, 8.23201],
			"to": [8.23295, 6.0296, 8.48201],
			"rotation": {"angle": 0, "axis": "y", "origin": [15.48295, 13.0296, 16.23201]},
			"faces": {
				"north": {"uv": [0, 0, 7, 16], "texture": "#0"},
				"east": {"uv": [0, 0, 7, 16], "texture": "#0"},
				"south": {"uv": [0, 0, 7, 16], "texture": "#0"},
				"west": {"uv": [0, 0, 7, 16], "texture": "#0"},
				"up": {"uv": [0, 0, 7, 16], "texture": "#0"},
				"down": {"uv": [0, 0, 7, 16], "texture": "#0"}
			}
		},
		{
			"from": [7.73295, 5.7796, 8.23201],
			"to": [8.23295, 5.7796, 8.48201],
			"rotation": {"angle": 0, "axis": "y", "origin": [15.48295, 13.0296, 16.23201]},
			"faces": {
				"north": {"uv": [0, 0, 16, 16], "texture": "#0"},
				"east": {"uv": [0, 0, 16, 16], "texture": "#0"},
				"south": {"uv": [0, 0, 16, 16], "texture": "#0"},
				"west": {"uv": [0, 0, 16, 16], "texture": "#0"},
				"up": {"uv": [0, 0, 16, 16], "texture": "#0"},
				"down": {"uv": [0, 0, 16, 16], "texture": "#0"}
			}
		},
		{
			"from": [7.73295, 5.2796, 8.48201],
			"to": [8.23295, 5.5296, 8.73201],
			"rotation": {"angle": 0, "axis": "y", "origin": [15.48295, 12.5296, 16.48201]},
			"faces": {
				"north": {"uv": [0, 0, 16, 16], "texture": "#0"},
				"east": {"uv": [0, 0, 16, 16], "texture": "#0"},
				"south": {"uv": [0, 0, 16, 16], "texture": "#0"},
				"west": {"uv": [0, 0, 16, 16], "texture": "#0"},
				"up": {"uv": [0, 0, 16, 16], "texture": "#0"},
				"down": {"uv": [0, 0, 16, 16], "texture": "#0"}
			}
		},
		{
			"from": [7.73295, 1.0296, 8.48201],
			"to": [8.23295, 1.2796, 8.73201],
			"rotation": {"angle": 0, "axis": "y", "origin": [15.48295, 8.2796, 16.48201]},
			"faces": {
				"north": {"uv": [0, 0, 16, 16], "texture": "#0"},
				"east": {"uv": [0, 0, 16, 16], "texture": "#0"},
				"south": {"uv": [0, 0, 16, 16], "texture": "#0"},
				"west": {"uv": [0, 0, 16, 16], "texture": "#0"},
				"up": {"uv": [0, 0, 16, 16], "texture": "#0"},
				"down": {"uv": [0, 0, 16, 16], "texture": "#0"}
			}
		},
		{
			"from": [8.48295, 5.2796, 7.73201],
			"to": [8.73295, 5.5296, 8.23201],
			"rotation": {"angle": 0, "axis": "y", "origin": [16.48295, 12.5296, 15.48201]},
			"faces": {
				"north": {"uv": [0, 0, 7, 16], "texture": "#0"},
				"east": {"uv": [0, 0, 7, 16], "texture": "#0"},
				"south": {"uv": [0, 0, 7, 16], "texture": "#0"},
				"west": {"uv": [0, 0, 7, 16], "texture": "#0"},
				"up": {"uv": [0, 0, 7, 16], "texture": "#0"},
				"down": {"uv": [0, 0, 7, 16], "texture": "#0"}
			}
		},
		{
			"from": [8.48295, 1.0296, 7.73201],
			"to": [8.73295, 1.2796, 8.23201],
			"rotation": {"angle": 0, "axis": "y", "origin": [16.48295, 8.2796, 15.48201]},
			"faces": {
				"north": {"uv": [0, 1, 9, 7.5], "texture": "#0"},
				"east": {"uv": [0, 1, 9, 7.5], "texture": "#0"},
				"south": {"uv": [0, 1, 9, 7.5], "texture": "#0"},
				"west": {"uv": [0, 1, 9, 7.5], "texture": "#0"},
				"up": {"uv": [0, 1, 9, 7.5], "texture": "#0"},
				"down": {"uv": [0, 1, 9, 7.5], "texture": "#0"}
			}
		},
		{
			"from": [8.48295, 5.2796, 7.73201],
			"to": [8.73295, 5.5296, 8.23201],
			"rotation": {"angle": 0, "axis": "y", "origin": [16.48295, 12.5296, 15.48201]},
			"faces": {
				"north": {"uv": [0, 0, 16, 16], "texture": "#0"},
				"east": {"uv": [0, 0, 16, 16], "texture": "#0"},
				"south": {"uv": [0, 0, 16, 16], "texture": "#0"},
				"west": {"uv": [0, 0, 16, 16], "texture": "#0"},
				"up": {"uv": [0, 0, 16, 16], "texture": "#0"},
				"down": {"uv": [0, 0, 16, 16], "texture": "#0"}
			}
		},
		{
			"from": [8.48295, 1.0296, 7.73201],
			"to": [8.73295, 1.2796, 8.23201],
			"rotation": {"angle": 0, "axis": "y", "origin": [16.48295, 8.2796, 15.48201]},
			"faces": {
				"north": {"uv": [0, 0, 16, 16], "texture": "#0"},
				"east": {"uv": [0, 0, 16, 16], "texture": "#0"},
				"south": {"uv": [0, 0, 16, 16], "texture": "#0"},
				"west": {"uv": [0, 0, 16, 16], "texture": "#0"},
				"up": {"uv": [0, 0, 16, 16], "texture": "#0"},
				"down": {"uv": [0, 0, 16, 16], "texture": "#0"}
			}
		},
		{
			"from": [8.23295, 5.7796, 7.73201],
			"to": [8.48295, 6.0296, 8.23201],
			"rotation": {"angle": 0, "axis": "y", "origin": [16.23295, 13.0296, 15.48201]},
			"faces": {
				"north": {"uv": [0, 0, 7, 16], "texture": "#0"},
				"east": {"uv": [0, 0, 7, 16], "texture": "#0"},
				"south": {"uv": [0, 0, 7, 16], "texture": "#0"},
				"west": {"uv": [0, 0, 7, 16], "texture": "#0"},
				"up": {"uv": [0, 0, 7, 16], "texture": "#0"},
				"down": {"uv": [0, 0, 7, 16], "texture": "#0"}
			}
		},
		{
			"from": [8.23295, 5.7796, 7.73201],
			"to": [8.48295, 5.7796, 8.23201],
			"rotation": {"angle": 0, "axis": "y", "origin": [16.23295, 13.0296, 15.48201]},
			"faces": {
				"north": {"uv": [0, 0, 16, 16], "texture": "#0"},
				"east": {"uv": [0, 0, 16, 16], "texture": "#0"},
				"south": {"uv": [0, 0, 16, 16], "texture": "#0"},
				"west": {"uv": [0, 0, 16, 16], "texture": "#0"},
				"up": {"uv": [0, 0, 16, 16], "texture": "#0"},
				"down": {"uv": [0, 0, 16, 16], "texture": "#0"}
			}
		},
		{
			"from": [7.73295, 5.5296, 8.23201],
			"to": [8.23295, 5.7796, 8.73201],
			"rotation": {"angle": 0, "axis": "y", "origin": [15.48295, 13.5296, 15.73201]},
			"faces": {
				"north": {"uv": [0, 0, 7, 16], "texture": "#0"},
				"east": {"uv": [0, 0, 7, 16], "texture": "#0"},
				"south": {"uv": [0, 0, 7, 16], "texture": "#0"},
				"west": {"uv": [0, 0, 7, 16], "texture": "#0"},
				"up": {"uv": [0, 0, 7, 16], "texture": "#0"},
				"down": {"uv": [0, 0, 7, 16], "texture": "#0"}
			}
		},
		{
			"from": [7.73295, 5.5296, 7.23201],
			"to": [8.23295, 5.7796, 7.73201],
			"rotation": {"angle": 0, "axis": "y", "origin": [15.48295, 13.5296, 14.48201]},
			"faces": {
				"north": {"uv": [0, 0, 7, 16], "texture": "#0"},
				"east": {"uv": [0, 0, 7, 16], "texture": "#0"},
				"south": {"uv": [0, 0, 7, 16], "texture": "#0"},
				"west": {"uv": [0, 0, 7, 16], "texture": "#0"},
				"up": {"uv": [0, 0, 7, 16], "texture": "#0"},
				"down": {"uv": [0, 0, 7, 16], "texture": "#0"}
			}
		},
		{
			"from": [7.73295, 5.5296, 7.73201],
			"to": [8.23295, 5.7796, 8.23201],
			"rotation": {"angle": 0, "axis": "y", "origin": [15.48295, 13.5296, 14.98201]},
			"faces": {
				"north": {"uv": [0, 0, 7, 16], "texture": "#0"},
				"east": {"uv": [0, 0, 7, 16], "texture": "#0"},
				"south": {"uv": [0, 0, 7, 16], "texture": "#0"},
				"west": {"uv": [0, 0, 7, 16], "texture": "#0"},
				"up": {"uv": [0, 0, 7, 16], "texture": "#0"},
				"down": {"uv": [0, 0, 7, 16], "texture": "#0"}
			}
		},
		{
			"from": [8.23295, 5.5296, 7.73201],
			"to": [8.73295, 5.7796, 8.23201],
			"rotation": {"angle": 0, "axis": "y", "origin": [8.98295, 5.6546, 7.98201]},
			"faces": {
				"north": {"uv": [0, 0, 7, 16], "rotation": 270, "texture": "#0"},
				"east": {"uv": [0, 0, 7, 16], "rotation": 270, "texture": "#0"},
				"south": {"uv": [0, 0, 7, 16], "rotation": 270, "texture": "#0"},
				"west": {"uv": [0, 0, 7, 16], "rotation": 270, "texture": "#0"},
				"up": {"uv": [0, 0, 7, 16], "rotation": 270, "texture": "#0"},
				"down": {"uv": [0, 0, 7, 16], "rotation": 270, "texture": "#0"}
			}
		},
		{
			"from": [7.23295, 5.5296, 7.73201],
			"to": [7.73295, 5.7796, 8.23201],
			"rotation": {"angle": 0, "axis": "y", "origin": [7.98295, 5.6546, 7.98201]},
			"faces": {
				"north": {"uv": [0, 0, 7, 16], "rotation": 270, "texture": "#0"},
				"east": {"uv": [0, 0, 7, 16], "rotation": 270, "texture": "#0"},
				"south": {"uv": [0, 0, 7, 16], "rotation": 270, "texture": "#0"},
				"west": {"uv": [0, 0, 7, 16], "rotation": 270, "texture": "#0"},
				"up": {"uv": [0, 0, 7, 16], "rotation": 270, "texture": "#0"},
				"down": {"uv": [0, 0, 7, 16], "rotation": 270, "texture": "#0"}
			}
		},
		{
			"from": [7.48295, 5.5296, 8.23201],
			"to": [7.73295, 5.7796, 8.73201],
			"rotation": {"angle": 0, "axis": "y", "origin": [14.73295, 13.5296, 16.23201]},
			"faces": {
				"north": {"uv": [0, 0, 7, 16], "texture": "#0"},
				"east": {"uv": [0, 0, 7, 16], "texture": "#0"},
				"south": {"uv": [0, 0, 7, 16], "texture": "#0"},
				"west": {"uv": [0, 0, 7, 16], "texture": "#0"},
				"up": {"uv": [0, 0, 7, 16], "texture": "#0"},
				"down": {"uv": [0, 0, 7, 16], "texture": "#0"}
			}
		},
		{
			"from": [7.48295, 0.5296, 8.23201],
			"to": [7.73295, 1.0296, 8.73201],
			"rotation": {"angle": 0, "axis": "y", "origin": [14.73295, 8.7796, 16.23201]},
			"faces": {
				"north": {"uv": [0, 1, 9, 7.5], "texture": "#0"},
				"east": {"uv": [0, 1, 9, 7.5], "texture": "#0"},
				"south": {"uv": [0, 1, 9, 7.5], "texture": "#0"},
				"west": {"uv": [0, 1, 9, 7.5], "texture": "#0"},
				"up": {"uv": [0, 1, 9, 7.5], "texture": "#0"},
				"down": {"uv": [0, 1, 9, 7.5], "texture": "#0"}
			}
		},
		{
			"from": [8.23295, 5.5296, 8.23201],
			"to": [8.48295, 5.7796, 8.73201],
			"rotation": {"angle": 0, "axis": "y", "origin": [15.48295, 13.5296, 16.23201]},
			"faces": {
				"north": {"uv": [0, 0, 7, 16], "texture": "#0"},
				"east": {"uv": [0, 0, 7, 16], "texture": "#0"},
				"south": {"uv": [0, 0, 7, 16], "texture": "#0"},
				"west": {"uv": [0, 0, 7, 16], "texture": "#0"},
				"up": {"uv": [0, 0, 7, 16], "texture": "#0"},
				"down": {"uv": [0, 0, 7, 16], "texture": "#0"}
			}
		},
		{
			"from": [8.23295, 0.5296, 8.23201],
			"to": [8.48295, 1.0296, 8.73201],
			"rotation": {"angle": 0, "axis": "y", "origin": [15.48295, 8.7796, 16.23201]},
			"faces": {
				"north": {"uv": [0, 1, 9, 7.5], "texture": "#0"},
				"east": {"uv": [0, 1, 9, 7.5], "texture": "#0"},
				"south": {"uv": [0, 1, 9, 7.5], "texture": "#0"},
				"west": {"uv": [0, 1, 9, 7.5], "texture": "#0"},
				"up": {"uv": [0, 1, 9, 7.5], "texture": "#0"},
				"down": {"uv": [0, 1, 9, 7.5], "texture": "#0"}
			}
		},
		{
			"from": [8.48295, 5.5296, 8.23201],
			"to": [8.73295, 5.7796, 8.48201],
			"rotation": {"angle": 0, "axis": "y", "origin": [15.73295, 13.5296, 16.23201]},
			"faces": {
				"north": {"uv": [0, 0, 7, 16], "texture": "#0"},
				"east": {"uv": [0, 0, 7, 16], "texture": "#0"},
				"south": {"uv": [0, 0, 7, 16], "texture": "#0"},
				"west": {"uv": [0, 0, 7, 16], "texture": "#0"},
				"up": {"uv": [0, 0, 7, 16], "texture": "#0"},
				"down": {"uv": [0, 0, 7, 16], "texture": "#0"}
			}
		},
		{
			"from": [8.48295, 0.5296, 8.23201],
			"to": [8.73295, 1.0296, 8.48201],
			"rotation": {"angle": 0, "axis": "y", "origin": [15.73295, 8.7796, 16.23201]},
			"faces": {
				"north": {"uv": [0, 1, 9, 7.5], "texture": "#0"},
				"east": {"uv": [0, 1, 9, 7.5], "texture": "#0"},
				"south": {"uv": [0, 1, 9, 7.5], "texture": "#0"},
				"west": {"uv": [0, 1, 9, 7.5], "texture": "#0"},
				"up": {"uv": [0, 1, 9, 7.5], "texture": "#0"},
				"down": {"uv": [0, 1, 9, 7.5], "texture": "#0"}
			}
		},
		{
			"from": [8.23295, 0.5296, 7.73201],
			"to": [8.73295, 1.0296, 8.23201],
			"rotation": {"angle": 0, "axis": "y", "origin": [15.73295, 8.7796, 15.98201]},
			"faces": {
				"north": {"uv": [0.5, 1, 11.5, 13], "texture": "#0"},
				"east": {"uv": [0.5, 1, 11.5, 13], "texture": "#0"},
				"south": {"uv": [0.5, 1, 11.5, 13], "texture": "#0"},
				"west": {"uv": [0.5, 1, 11.5, 13], "texture": "#0"},
				"up": {"uv": [0.5, 1, 11.5, 13], "texture": "#0"},
				"down": {"uv": [0.5, 1, 11.5, 13], "texture": "#0"}
			}
		},
		{
			"from": [8.23295, 5.5296, 7.48201],
			"to": [8.73295, 5.7796, 7.73201],
			"rotation": {"angle": 0, "axis": "y", "origin": [15.73295, 13.5296, 15.48201]},
			"faces": {
				"north": {"uv": [0, 0, 7, 16], "texture": "#0"},
				"east": {"uv": [0, 0, 7, 16], "texture": "#0"},
				"south": {"uv": [0, 0, 7, 16], "texture": "#0"},
				"west": {"uv": [0, 0, 7, 16], "texture": "#0"},
				"up": {"uv": [0, 0, 7, 16], "texture": "#0"},
				"down": {"uv": [0, 0, 7, 16], "texture": "#0"}
			}
		},
		{
			"from": [8.23295, 0.5296, 7.48201],
			"to": [8.73295, 1.0296, 7.73201],
			"rotation": {"angle": 0, "axis": "y", "origin": [15.73295, 8.7796, 15.48201]},
			"faces": {
				"north": {"uv": [0, 1, 9, 7.5], "texture": "#0"},
				"east": {"uv": [0, 1, 9, 7.5], "texture": "#0"},
				"south": {"uv": [0, 1, 9, 7.5], "texture": "#0"},
				"west": {"uv": [0, 1, 9, 7.5], "texture": "#0"},
				"up": {"uv": [0, 1, 9, 7.5], "texture": "#0"},
				"down": {"uv": [0, 1, 9, 7.5], "texture": "#0"}
			}
		},
		{
			"from": [8.23295, 5.5296, 7.23201],
			"to": [8.48295, 5.7796, 7.48201],
			"rotation": {"angle": 0, "axis": "y", "origin": [15.73295, 13.5296, 15.23201]},
			"faces": {
				"north": {"uv": [0, 0, 7, 16], "texture": "#0"},
				"east": {"uv": [0, 0, 7, 16], "texture": "#0"},
				"south": {"uv": [0, 0, 7, 16], "texture": "#0"},
				"west": {"uv": [0, 0, 7, 16], "texture": "#0"},
				"up": {"uv": [0, 0, 7, 16], "texture": "#0"},
				"down": {"uv": [0, 0, 7, 16], "texture": "#0"}
			}
		},
		{
			"from": [8.23295, 0.5296, 7.23201],
			"to": [8.48295, 1.0296, 7.48201],
			"rotation": {"angle": 0, "axis": "y", "origin": [15.73295, 8.7796, 15.23201]},
			"faces": {
				"north": {"uv": [0, 1, 9, 7.5], "texture": "#0"},
				"east": {"uv": [0, 1, 9, 7.5], "texture": "#0"},
				"south": {"uv": [0, 1, 9, 7.5], "texture": "#0"},
				"west": {"uv": [0, 1, 9, 7.5], "texture": "#0"},
				"up": {"uv": [0, 1, 9, 7.5], "texture": "#0"},
				"down": {"uv": [0, 1, 9, 7.5], "texture": "#0"}
			}
		},
		{
			"from": [7.23295, 5.5296, 8.23201],
			"to": [7.48295, 5.7796, 8.48201],
			"rotation": {"angle": 0, "axis": "y", "origin": [14.48295, 13.5296, 16.23201]},
			"faces": {
				"north": {"uv": [0, 0, 7, 16], "texture": "#0"},
				"east": {"uv": [0, 0, 7, 16], "texture": "#0"},
				"south": {"uv": [0, 0, 7, 16], "texture": "#0"},
				"west": {"uv": [0, 0, 7, 16], "texture": "#0"},
				"up": {"uv": [0, 0, 7, 16], "texture": "#0"},
				"down": {"uv": [0, 0, 7, 16], "texture": "#0"}
			}
		},
		{
			"from": [7.23295, 0.5296, 8.23201],
			"to": [7.48295, 1.0296, 8.48201],
			"rotation": {"angle": 0, "axis": "y", "origin": [14.48295, 8.7796, 16.23201]},
			"faces": {
				"north": {"uv": [0, 1, 9, 7.5], "texture": "#0"},
				"east": {"uv": [0, 1, 9, 7.5], "texture": "#0"},
				"south": {"uv": [0, 1, 9, 7.5], "texture": "#0"},
				"west": {"uv": [0, 1, 9, 7.5], "texture": "#0"},
				"up": {"uv": [0, 1, 9, 7.5], "texture": "#0"},
				"down": {"uv": [0, 1, 9, 7.5], "texture": "#0"}
			}
		},
		{
			"from": [7.48295, 5.5296, 7.23201],
			"to": [7.73295, 5.7796, 7.73201],
			"rotation": {"angle": 0, "axis": "y", "origin": [14.73295, 13.5296, 15.23201]},
			"faces": {
				"north": {"uv": [0, 0, 7, 16], "texture": "#0"},
				"east": {"uv": [0, 0, 7, 16], "texture": "#0"},
				"south": {"uv": [0, 0, 7, 16], "texture": "#0"},
				"west": {"uv": [0, 0, 7, 16], "texture": "#0"},
				"up": {"uv": [0, 0, 7, 16], "texture": "#0"},
				"down": {"uv": [0, 0, 7, 16], "texture": "#0"}
			}
		},
		{
			"from": [7.48295, 0.5296, 7.23201],
			"to": [7.73295, 1.0296, 7.73201],
			"rotation": {"angle": 0, "axis": "y", "origin": [14.73295, 8.7796, 15.23201]},
			"faces": {
				"north": {"uv": [0, 1, 9, 7.5], "texture": "#0"},
				"east": {"uv": [0, 1, 9, 7.5], "texture": "#0"},
				"south": {"uv": [0, 1, 9, 7.5], "texture": "#0"},
				"west": {"uv": [0, 1, 9, 7.5], "texture": "#0"},
				"up": {"uv": [0, 1, 9, 7.5], "texture": "#0"},
				"down": {"uv": [0, 1, 9, 7.5], "texture": "#0"}
			}
		},
		{
			"from": [7.23295, 5.5296, 7.48201],
			"to": [7.48295, 5.7796, 7.73201],
			"rotation": {"angle": 0, "axis": "y", "origin": [14.48295, 13.5296, 15.23201]},
			"faces": {
				"north": {"uv": [0, 0, 7, 16], "texture": "#0"},
				"east": {"uv": [0, 0, 7, 16], "texture": "#0"},
				"south": {"uv": [0, 0, 7, 16], "texture": "#0"},
				"west": {"uv": [0, 0, 7, 16], "texture": "#0"},
				"up": {"uv": [0, 0, 7, 16], "texture": "#0"},
				"down": {"uv": [0, 0, 7, 16], "texture": "#0"}
			}
		},
		{
			"from": [7.23295, 0.5296, 7.48201],
			"to": [7.48295, 1.0296, 7.73201],
			"rotation": {"angle": 0, "axis": "y", "origin": [14.48295, 8.7796, 15.23201]},
			"faces": {
				"north": {"uv": [0, 1, 9, 7.5], "texture": "#0"},
				"east": {"uv": [0, 1, 9, 7.5], "texture": "#0"},
				"south": {"uv": [0, 1, 9, 7.5], "texture": "#0"},
				"west": {"uv": [0, 1, 9, 7.5], "texture": "#0"},
				"up": {"uv": [0, 1, 9, 7.5], "texture": "#0"},
				"down": {"uv": [0, 1, 9, 7.5], "texture": "#0"}
			}
		},
		{
			"from": [7.23295, 0.5296, 7.73201],
			"to": [7.73295, 1.0296, 8.23201],
			"rotation": {"angle": 0, "axis": "y", "origin": [14.48295, 8.7796, 15.48201]},
			"faces": {
				"north": {"uv": [0, 1, 9, 7.5], "texture": "#0"},
				"east": {"uv": [0, 1, 9, 7.5], "texture": "#0"},
				"south": {"uv": [0, 1, 9, 7.5], "texture": "#0"},
				"west": {"uv": [0, 1, 9, 7.5], "texture": "#0"},
				"up": {"uv": [0, 1, 9, 7.5], "texture": "#0"},
				"down": {"uv": [0, 1, 9, 7.5], "texture": "#0"}
			}
		},
		{
			"from": [7.73295, 0.5296, 7.23201],
			"to": [8.23295, 1.0296, 7.73201],
			"rotation": {"angle": 0, "axis": "y", "origin": [7.98295, 0.9046, 7.98201]},
			"faces": {
				"north": {"uv": [0, 1, 9, 7.5], "texture": "#0"},
				"east": {"uv": [0, 1, 9, 7.5], "texture": "#0"},
				"south": {"uv": [0, 1, 9, 7.5], "texture": "#0"},
				"west": {"uv": [0, 1, 9, 7.5], "texture": "#0"},
				"up": {"uv": [0, 1, 9, 7.5], "texture": "#0"},
				"down": {"uv": [0, 1, 9, 7.5], "texture": "#0"}
			}
		},
		{
			"from": [7.73295, 0.5296, 8.23201],
			"to": [8.23295, 1.0296, 8.73201],
			"rotation": {"angle": 0, "axis": "y", "origin": [7.98295, 0.9046, 8.98201]},
			"faces": {
				"north": {"uv": [0, 1, 9, 7.5], "texture": "#0"},
				"east": {"uv": [0, 1, 9, 7.5], "texture": "#0"},
				"south": {"uv": [0, 1, 9, 7.5], "texture": "#0"},
				"west": {"uv": [0, 1, 9, 7.5], "texture": "#0"},
				"up": {"uv": [0, 1, 9, 7.5], "texture": "#0"},
				"down": {"uv": [0, 1, 9, 7.5], "texture": "#0"}
			}
		},
		{
			"from": [7.73295, 0.5296, 7.73201],
			"to": [8.23295, 1.0296, 8.23201],
			"rotation": {"angle": 0, "axis": "y", "origin": [7.98295, 0.9046, 8.48201]},
			"faces": {
				"north": {"uv": [0, 1, 9, 7.5], "texture": "#0"},
				"east": {"uv": [0, 1, 9, 7.5], "texture": "#0"},
				"south": {"uv": [0, 1, 9, 7.5], "texture": "#0"},
				"west": {"uv": [0, 1, 9, 7.5], "texture": "#0"},
				"up": {"uv": [0, 1, 9, 7.5], "texture": "#0"},
				"down": {"uv": [0, 1, 9, 7.5], "texture": "#0"}
			}
		},
		{
			"from": [7.85, 1.28, 8.48649],
			"to": [8.1, 5.28, 8.58649],
			"rotation": {"angle": 0, "axis": "y", "origin": [15.49772, 9.46419, 16.48649]},
			"faces": {
				"north": {"uv": [0, 0, 16, 16], "texture": "#0"},
				"east": {"uv": [0, 0, 16, 16], "texture": "#0"},
				"south": {"uv": [0, 0, 16, 16], "texture": "#0"},
				"west": {"uv": [8.5, 0, 16, 16], "texture": "#0"},
				"up": {"uv": [0, 0, 16, 16], "texture": "#0"},
				"down": {"uv": [0, 0, 16, 16], "texture": "#0"}
			}
		},
		{
			"from": [7.86, 1.28, 7.38],
			"to": [8.11, 5.28, 7.48],
			"rotation": {"angle": 0, "axis": "y", "origin": [15.49772, 9.46419, 15.23649]},
			"faces": {
				"north": {"uv": [0, 0, 16, 16], "texture": "#0"},
				"east": {"uv": [0, 0, 16, 16], "texture": "#0"},
				"south": {"uv": [0, 0, 16, 16], "texture": "#0"},
				"west": {"uv": [8.5, 0, 16, 16], "texture": "#0"},
				"up": {"uv": [0, 0, 16, 16], "texture": "#0"},
				"down": {"uv": [0, 0, 16, 16], "texture": "#0"}
			}
		},
		{
			"from": [8.48, 1.28, 7.85],
			"to": [8.58, 5.28, 8.1],
			"rotation": {"angle": 0, "axis": "y", "origin": [8.735, 3.28, 7.93]},
			"faces": {
				"north": {"uv": [0, 0, 16, 16], "texture": "#0"},
				"east": {"uv": [0, 0, 16, 16], "texture": "#0"},
				"south": {"uv": [0, 0, 16, 16], "texture": "#0"},
				"west": {"uv": [8.5, 0, 16, 16], "texture": "#0"},
				"up": {"uv": [0, 0, 16, 16], "texture": "#0"},
				"down": {"uv": [0, 0, 16, 16], "texture": "#0"}
			}
		},
		{
			"from": [7.38, 1.28, 7.85],
			"to": [7.48, 5.28, 8.1],
			"rotation": {"angle": 0, "axis": "y", "origin": [7.485, 3.28, 7.93]},
			"faces": {
				"north": {"uv": [0, 0, 16, 16], "texture": "#0"},
				"east": {"uv": [0, 0, 16, 16], "texture": "#0"},
				"south": {"uv": [0, 0, 16, 16], "texture": "#0"},
				"west": {"uv": [8.5, 0, 16, 16], "texture": "#0"},
				"up": {"uv": [0, 0, 16, 16], "texture": "#0"},
				"down": {"uv": [0, 0, 16, 16], "texture": "#0"}
			}
		},
		{
			"from": [7.73295, 5.2796, 7.23201],
			"to": [8.23295, 5.5296, 7.48201],
			"rotation": {"angle": 0, "axis": "y", "origin": [15.48295, 12.5296, 14.48201]},
			"faces": {
				"north": {"uv": [0, 0, 7, 16], "texture": "#0"},
				"east": {"uv": [0, 0, 7, 16], "texture": "#0"},
				"south": {"uv": [0, 0, 7, 16], "texture": "#0"},
				"west": {"uv": [0, 0, 7, 16], "texture": "#0"},
				"up": {"uv": [0, 0, 7, 16], "texture": "#0"},
				"down": {"uv": [0, 0, 7, 16], "texture": "#0"}
			}
		},
		{
			"from": [7.73295, 5.7796, 7.73201],
			"to": [8.23295, 13.7796, 8.23201],
			"rotation": {"angle": 0, "axis": "y", "origin": [15.48295, 12.5296, 15.48201]},
			"faces": {
				"north": {"uv": [0, 0, 16, 16], "texture": "#1"},
				"east": {"uv": [0, 0, 16, 16], "texture": "#1"},
				"south": {"uv": [0, 0, 16, 16], "texture": "#1"},
				"west": {"uv": [0, 0, 16, 16], "texture": "#1"},
				"up": {"uv": [0, 0, 16, 16], "texture": "#1"},
				"down": {"uv": [0, 0, 16, 16], "texture": "#1"}
			}
		}
	],
	"display": {
		"thirdperson_righthand": {
			"rotation": [0, 44.75, 0],
			"translation": [0, 2.75, 0]
		},
		"thirdperson_lefthand": {
			"rotation": [0, 313.75, 0],
			"translation": [0, 2.75, 0]
		},
		"firstperson_righthand": {
			"translation": [0, 2.75, 0]
		},
		"firstperson_lefthand": {
			"translation": [0, 2.75, 0]
		},
		"ground": {
			"translation": [0, 3.75, 0],
			"scale": [0.5, 0.5, 0.5]
		},
		"gui": {
			"rotation": [0, 0, -40]
		},
		"head": {
			"translation": [0, 13.75, 0]
		},
		"fixed": {
			"translation": [0, 1, 0],
			"scale": [1.5, 1.5, 1.5]
		}
	},
	"groups": [
		{
			"name": "Handle",
			"origin": [15.48295, 9.2796, 15.48201],
			"children": [0, 1, 2, 3, 4, 5, 6, 7, 8, 9, 10, 11, 12, 13, 14, 15, 16, 17, 18, 19, 20, 21, 22, 23, 24, 25, 26, 27, 28, 29, 30, 31, 32, 33, 34, 35, 36, 37, 38, 39, 40, 41, 42, 43, 44, 45, 46, 47, 48, 49, 50, 51, 52]
		},
		{
			"name": "Top",
			"origin": [8, 8, 8],
			"children": [53]
		}
	]
}