{
	"credit": "Made with Blockbench",
	"textures": {
		"0": "./miska",
		"1": "./cream",
		"particle": "./miska"
	},
	"elements": [
		{
			"from": [5, 0, 5],
			"to": [11, 1, 11],
			"rotation": {"angle": 0, "axis": "y", "origin": [13, 8, 13]},
			"faces": {
				"north": {"uv": [0, 0, 6, 1], "texture": "#0"},
				"east": {"uv": [0, 0, 6, 1], "texture": "#0"},
				"south": {"uv": [0, 0, 6, 1], "texture": "#0"},
				"west": {"uv": [0, 0, 6, 1], "texture": "#0"},
				"up": {"uv": [0, 0, 6, 6], "texture": "#0"},
				"down": {"uv": [5, 6, 11, 12], "texture": "#0"}
			}
		},
		{
			"from": [5, 2, 5],
			"to": [11, 3.25, 11],
			"rotation": {"angle": 0, "axis": "y", "origin": [13, 10, 13]},
			"faces": {
				"north": {"uv": [0, 0, 6, 1.25], "texture": "#1"},
				"east": {"uv": [0, 0, 6, 1.25], "texture": "#1"},
				"south": {"uv": [0, 0, 6, 1.25], "texture": "#1"},
				"west": {"uv": [0, 0, 6, 1.25], "texture": "#1"},
				"up": {"uv": [0, 0, 6, 6], "texture": "#1"},
				"down": {"uv": [0, 0, 6, 6], "texture": "#1"}
			}
		},
		{
			"from": [5, 1, 11],
			"to": [11, 4, 12],
			"rotation": {"angle": 0, "axis": "y", "origin": [13, 9, 19]},
			"faces": {
				"north": {"uv": [0, 0, 6, 3], "texture": "#0"},
				"east": {"uv": [0, 0, 1, 3], "texture": "#0"},
				"south": {"uv": [0, 0, 6, 3], "texture": "#0"},
				"west": {"uv": [0, 0, 1, 3], "texture": "#0"},
				"up": {"uv": [0, 15, 6, 16], "texture": "#0"},
				"down": {"uv": [10, 15, 16, 16], "texture": "#0"}
			}
		},
		{
			"from": [5, 1, 4],
			"to": [11, 4, 5],
			"rotation": {"angle": 0, "axis": "y", "origin": [13, 9, 12]},
			"faces": {
				"north": {"uv": [0, 0, 6, 3], "texture": "#0"},
				"east": {"uv": [0, 0, 1, 3], "texture": "#0"},
				"south": {"uv": [0, 0, 6, 3], "texture": "#0"},
				"west": {"uv": [0, 0, 1, 3], "texture": "#0"},
				"up": {"uv": [0, 15, 6, 16], "texture": "#0"},
				"down": {"uv": [10, 15, 16, 16], "texture": "#0"}
			}
		},
		{
			"from": [11, 1, 5],
			"to": [12, 4, 11],
			"rotation": {"angle": 0, "axis": "y", "origin": [14, 9, 13]},
			"faces": {
				"north": {"uv": [0, 0, 1, 3], "texture": "#0"},
				"east": {"uv": [0, 0, 6, 3], "texture": "#0"},
				"south": {"uv": [0, 0, 1, 3], "texture": "#0"},
				"west": {"uv": [0, 0, 6, 3], "texture": "#0"},
				"up": {"uv": [1, 10, 2, 16], "texture": "#0"},
				"down": {"uv": [15, 0, 16, 6], "texture": "#0"}
			}
		},
		{
			"from": [4, 1, 5],
			"to": [5, 4, 11],
			"rotation": {"angle": 0, "axis": "y", "origin": [7, 9, 13]},
			"faces": {
				"north": {"uv": [0, 0, 1, 3], "texture": "#0"},
				"east": {"uv": [0, 0, 6, 3], "texture": "#0"},
				"south": {"uv": [0, 0, 1, 3], "texture": "#0"},
				"west": {"uv": [0, 0, 6, 3], "texture": "#0"},
				"up": {"uv": [4, 10, 5, 16], "texture": "#0"},
				"down": {"uv": [15, 0, 16, 6], "texture": "#0"}
			}
		},
		{
			"from": [2, 4, 7],
			"to": [3, 8, 8],
			"rotation": {"angle": 22.5, "axis": "z", "origin": [10, 12, 15]},
			"faces": {
				"north": {"uv": [15, 0, 16, 4], "texture": "#1"},
				"east": {"uv": [15, 0, 16, 4], "texture": "#1"},
				"south": {"uv": [15, 0, 16, 4], "texture": "#1"},
				"west": {"uv": [15, 0, 16, 4], "texture": "#1"},
				"up": {"uv": [15, 0, 16, 1], "texture": "#1"},
				"down": {"uv": [15, 0, 16, 1], "texture": "#1"}
			}
		}
	],
	"display": {
		"thirdperson_righthand": {
			"rotation": [0, 50, 0],
			"translation": [0, 6.5, 0],
			"scale": [0.85, 0.85, 0.85]
		},
		"thirdperson_lefthand": {
			"rotation": [0, 50, 0],
			"translation": [0, 6.5, 0],
			"scale": [0.85, 0.85, 0.85]
		},
		"firstperson_righthand": {
			"translation": [-0.25, 6.5, 0]
		},
		"firstperson_lefthand": {
			"translation": [-0.75, 6.75, 0]
		},
		"ground": {
			"translation": [0, 4.75, 0]
		},
		"gui": {
			"rotation": [26, -26, 0],
			"translation": [0, 4.75, 0],
			"scale": [1.1, 1.1, 1.1]
		},
		"fixed": {
			"rotation": [-90, 0, 0],
			"translation": [0, 0, -13.25],
			"scale": [1.7, 1.7, 1.7]
		}
	}
}