{
	"credit": "Made with Blockbench",
	"textures": {
		"texture": "./river_song_revolver"
	},
	"elements": [
		{
			"name": "block",
			"from": [7, 0, 13],
			"to": [9, 1.75, 16],
			"faces": {
				"north": {"uv": [0, 0, 1, 1], "texture": "#texture"},
				"east": {"uv": [0, 0, 1, 1], "texture": "#texture"},
				"south": {"uv": [0, 0, 1, 1], "texture": "#texture"},
				"west": {"uv": [0, 0, 1, 1], "texture": "#texture"},
				"up": {"uv": [0, 0, 1, 1], "texture": "#texture"},
				"down": {"uv": [0, 0, 1, 1], "texture": "#texture"}
			}
		},
		{
			"name": "block",
			"from": [7, 1.75, 13.05],
			"to": [9, 3.75, 15.875],
			"faces": {
				"north": {"uv": [0, 0, 1, 1], "texture": "#texture"},
				"east": {"uv": [0, 0, 1, 1], "texture": "#texture"},
				"south": {"uv": [0, 0, 1, 1], "texture": "#texture"},
				"west": {"uv": [0, 0, 1, 1], "texture": "#texture"},
				"up": {"uv": [0, 0, 1, 1], "texture": "#texture"},
				"down": {"uv": [0, 0, 1, 1], "texture": "#texture"}
			}
		},
		{
			"name": "block",
			"from": [7, 3.625, 12.625],
			"to": [9, 5.125, 15.75],
			"faces": {
				"north": {"uv": [0, 0, 1, 1], "texture": "#texture"},
				"east": {"uv": [0, 0, 1, 1], "texture": "#texture"},
				"south": {"uv": [0, 0, 1, 1], "texture": "#texture"},
				"west": {"uv": [0, 0, 1, 1], "texture": "#texture"},
				"up": {"uv": [0, 0, 1, 1], "texture": "#texture"},
				"down": {"uv": [0, 0, 1, 1], "texture": "#texture"}
			}
		},
		{
			"name": "block",
			"from": [7, 3.125, 12.875],
			"to": [9, 3.625, 13.075],
			"faces": {
				"north": {"uv": [0, 0, 1, 1], "texture": "#texture"},
				"east": {"uv": [0, 0, 1, 1], "texture": "#texture"},
				"south": {"uv": [0, 0, 1, 1], "texture": "#texture"},
				"west": {"uv": [0, 0, 1, 1], "texture": "#texture"},
				"up": {"uv": [0, 0, 1, 1], "texture": "#texture"},
				"down": {"uv": [0, 0, 1, 1], "texture": "#texture"}
			}
		},
		{
			"name": "block",
			"from": [7.625, 0, 12.875],
			"to": [8.375, 1.75, 13],
			"faces": {
				"north": {"uv": [3, 0, 4, 1], "texture": "#texture"},
				"east": {"uv": [3, 0, 4, 1], "texture": "#texture"},
				"south": {"uv": [3, 0, 4, 1], "texture": "#texture"},
				"west": {"uv": [3, 0, 4, 1], "texture": "#texture"},
				"up": {"uv": [3, 0, 4, 1], "texture": "#texture"},
				"down": {"uv": [3, 0, 4, 1], "texture": "#texture"}
			}
		},
		{
			"name": "block",
			"from": [7.625, 0, 16],
			"to": [8.375, 1.75, 16.125],
			"faces": {
				"north": {"uv": [3, 0, 4, 1], "texture": "#texture"},
				"east": {"uv": [3, 0, 4, 1], "texture": "#texture"},
				"south": {"uv": [3, 0, 4, 1], "texture": "#texture"},
				"west": {"uv": [3, 0, 4, 1], "texture": "#texture"},
				"up": {"uv": [3, 0, 4, 1], "texture": "#texture"},
				"down": {"uv": [3, 0, 4, 1], "texture": "#texture"}
			}
		},
		{
			"name": "block",
			"from": [7.625, 1.75, 15.875],
			"to": [8.375, 3.75, 16],
			"faces": {
				"north": {"uv": [3, 0, 4, 1], "texture": "#texture"},
				"east": {"uv": [3, 0, 4, 1], "texture": "#texture"},
				"south": {"uv": [3, 0, 4, 1], "texture": "#texture"},
				"west": {"uv": [3, 0, 4, 1], "texture": "#texture"},
				"up": {"uv": [3, 0, 4, 1], "texture": "#texture"},
				"down": {"uv": [3, 0, 4, 1], "texture": "#texture"}
			}
		},
		{
			"name": "block",
			"from": [7.625, 3.125, 12.75],
			"to": [8.375, 3.625, 12.875],
			"faces": {
				"north": {"uv": [3, 0, 4, 1], "texture": "#texture"},
				"east": {"uv": [3, 0, 4, 1], "texture": "#texture"},
				"south": {"uv": [3, 0, 4, 1], "texture": "#texture"},
				"west": {"uv": [3, 0, 4, 1], "texture": "#texture"},
				"up": {"uv": [3, 0, 4, 1], "texture": "#texture"},
				"down": {"uv": [3, 0, 4, 1], "texture": "#texture"}
			}
		},
		{
			"name": "block",
			"from": [7.625, 3.5, 12.625],
			"to": [8.375, 3.625, 12.75],
			"faces": {
				"north": {"uv": [3, 0, 4, 1], "texture": "#texture"},
				"east": {"uv": [3, 0, 4, 1], "texture": "#texture"},
				"south": {"uv": [3, 0, 4, 1], "texture": "#texture"},
				"west": {"uv": [3, 0, 4, 1], "texture": "#texture"},
				"up": {"uv": [3, 0, 4, 1], "texture": "#texture"},
				"down": {"uv": [3, 0, 4, 1], "texture": "#texture"}
			}
		},
		{
			"name": "block",
			"from": [7.625, 3.625, 12.5],
			"to": [8.375, 5, 12.625],
			"faces": {
				"north": {"uv": [3, 0, 4, 1], "texture": "#texture"},
				"east": {"uv": [3, 0, 4, 1], "texture": "#texture"},
				"south": {"uv": [3, 0, 4, 1], "texture": "#texture"},
				"west": {"uv": [3, 0, 4, 1], "texture": "#texture"},
				"up": {"uv": [3, 0, 4, 1], "texture": "#texture"},
				"down": {"uv": [3, 0, 4, 1], "texture": "#texture"}
			}
		},
		{
			"name": "block",
			"from": [7.625, 3.75, 15.75],
			"to": [8.375, 5.125, 15.875],
			"faces": {
				"north": {"uv": [3, 0, 4, 1], "texture": "#texture"},
				"east": {"uv": [3, 0, 4, 1], "texture": "#texture"},
				"south": {"uv": [3, 0, 4, 1], "texture": "#texture"},
				"west": {"uv": [3, 0, 4, 1], "texture": "#texture"},
				"up": {"uv": [3, 0, 4, 1], "texture": "#texture"},
				"down": {"uv": [3, 0, 4, 1], "texture": "#texture"}
			}
		},
		{
			"name": "block",
			"from": [7.625, 5.125, 12.625],
			"to": [8.375, 5.25, 15.75],
			"faces": {
				"north": {"uv": [3, 0, 4, 1], "texture": "#texture"},
				"east": {"uv": [3, 0, 4, 1], "texture": "#texture"},
				"south": {"uv": [3, 0, 4, 1], "texture": "#texture"},
				"west": {"uv": [3, 0, 4, 1], "texture": "#texture"},
				"up": {"uv": [3, 0, 4, 1], "texture": "#texture"},
				"down": {"uv": [3, 0, 4, 1], "texture": "#texture"}
			}
		},
		{
			"name": "block",
			"from": [7.625, 1.75, 12.925],
			"to": [8.375, 3.125, 13.05],
			"faces": {
				"north": {"uv": [3, 0, 4, 1], "texture": "#texture"},
				"east": {"uv": [3, 0, 4, 1], "texture": "#texture"},
				"south": {"uv": [3, 0, 4, 1], "texture": "#texture"},
				"west": {"uv": [3, 0, 4, 1], "texture": "#texture"},
				"up": {"uv": [3, 0, 4, 1], "texture": "#texture"},
				"down": {"uv": [3, 0, 4, 1], "texture": "#texture"}
			}
		},
		{
			"name": "block",
			"from": [7.625, 3, 12.875],
			"to": [8.375, 3.125, 12.95],
			"faces": {
				"north": {"uv": [3, 0, 4, 1], "texture": "#texture"},
				"east": {"uv": [3, 0, 4, 1], "texture": "#texture"},
				"south": {"uv": [3, 0, 4, 1], "texture": "#texture"},
				"west": {"uv": [3, 0, 4, 1], "texture": "#texture"},
				"up": {"uv": [3, 0, 4, 1], "texture": "#texture"},
				"down": {"uv": [3, 0, 4, 1], "texture": "#texture"}
			}
		},
		{
			"name": "block",
			"from": [7.625, -0.0075, 13],
			"to": [8.375, 0.1175, 16],
			"faces": {
				"north": {"uv": [3, 0, 4, 1], "texture": "#texture"},
				"east": {"uv": [3, 0, 4, 1], "texture": "#texture"},
				"south": {"uv": [3, 0, 4, 1], "texture": "#texture"},
				"west": {"uv": [3, 0, 4, 1], "texture": "#texture"},
				"up": {"uv": [3, 0, 4, 1], "texture": "#texture"},
				"down": {"uv": [3, 0, 4, 1], "texture": "#texture"}
			}
		},
		{
			"name": "block",
			"from": [7, 3.625, 11.75],
			"to": [9, 5.75, 12.5],
			"faces": {
				"north": {"uv": [3, 0, 4, 1], "texture": "#texture"},
				"east": {"uv": [3, 0, 4, 1], "texture": "#texture"},
				"south": {"uv": [3, 0, 4, 1], "texture": "#texture"},
				"west": {"uv": [3, 0, 4, 1], "texture": "#texture"},
				"up": {"uv": [3, 0, 4, 1], "texture": "#texture"},
				"down": {"uv": [3, 0, 4, 1], "texture": "#texture"}
			}
		},
		{
			"name": "block",
			"from": [7, 3.625, 12.5],
			"to": [7.625, 5.625, 12.625],
			"faces": {
				"north": {"uv": [3, 0, 4, 1], "texture": "#texture"},
				"east": {"uv": [3, 0, 4, 1], "texture": "#texture"},
				"south": {"uv": [3, 0, 4, 1], "texture": "#texture"},
				"west": {"uv": [3, 0, 4, 1], "texture": "#texture"},
				"up": {"uv": [3, 0, 4, 1], "texture": "#texture"},
				"down": {"uv": [3, 0, 4, 1], "texture": "#texture"}
			}
		},
		{
			"name": "block",
			"from": [7, 3.75, 10.875],
			"to": [9, 5.75, 11.75],
			"faces": {
				"north": {"uv": [3, 0, 4, 1], "texture": "#texture"},
				"east": {"uv": [3, 0, 4, 1], "texture": "#texture"},
				"south": {"uv": [3, 0, 4, 1], "texture": "#texture"},
				"west": {"uv": [3, 0, 4, 1], "texture": "#texture"},
				"up": {"uv": [3, 0, 4, 1], "texture": "#texture"},
				"down": {"uv": [3, 0, 4, 1], "texture": "#texture"}
			}
		},
		{
			"name": "block",
			"from": [7, 3.875, 9.875],
			"to": [9, 5.75, 10.875],
			"faces": {
				"north": {"uv": [3, 0, 4, 1], "texture": "#texture"},
				"east": {"uv": [3, 0, 4, 1], "texture": "#texture"},
				"south": {"uv": [3, 0, 4, 1], "texture": "#texture"},
				"west": {"uv": [3, 0, 4, 1], "texture": "#texture"},
				"up": {"uv": [3, 0, 4, 1], "texture": "#texture"},
				"down": {"uv": [3, 0, 4, 1], "texture": "#texture"}
			}
		},
		{
			"name": "block",
			"from": [7, 4, 9],
			"to": [9, 5.75, 9.875],
			"faces": {
				"north": {"uv": [3, 0, 4, 1], "texture": "#texture"},
				"east": {"uv": [3, 0, 4, 1], "texture": "#texture"},
				"south": {"uv": [3, 0, 4, 1], "texture": "#texture"},
				"west": {"uv": [3, 0, 4, 1], "texture": "#texture"},
				"up": {"uv": [3, 0, 4, 1], "texture": "#texture"},
				"down": {"uv": [3, 0, 4, 1], "texture": "#texture"}
			}
		},
		{
			"name": "block",
			"from": [7.625, 3.75, 12.5],
			"to": [9, 5.625, 12.625],
			"faces": {
				"north": {"uv": [3, 0, 4, 1], "texture": "#texture"},
				"east": {"uv": [3, 0, 4, 1], "texture": "#texture"},
				"south": {"uv": [3, 0, 4, 1], "texture": "#texture"},
				"west": {"uv": [3, 0, 4, 1], "texture": "#texture"},
				"up": {"uv": [3, 0, 4, 1], "texture": "#texture"},
				"down": {"uv": [3, 0, 4, 1], "texture": "#texture"}
			}
		},
		{
			"name": "block",
			"from": [8.375, 3.625, 12.5],
			"to": [9, 3.75, 12.625],
			"faces": {
				"north": {"uv": [3, 0, 4, 1], "texture": "#texture"},
				"east": {"uv": [3, 0, 4, 1], "texture": "#texture"},
				"south": {"uv": [3, 0, 4, 1], "texture": "#texture"},
				"west": {"uv": [3, 0, 4, 1], "texture": "#texture"},
				"up": {"uv": [3, 0, 4, 1], "texture": "#texture"},
				"down": {"uv": [3, 0, 4, 1], "texture": "#texture"}
			}
		},
		{
			"name": "block",
			"from": [7.75, 2.375, 10],
			"to": [8.25, 3.875, 10.125],
			"faces": {
				"north": {"uv": [1, 0, 2, 1], "texture": "#texture"},
				"east": {"uv": [1, 0, 2, 1], "texture": "#texture"},
				"south": {"uv": [1, 0, 2, 1], "texture": "#texture"},
				"west": {"uv": [1, 0, 2, 1], "texture": "#texture"},
				"up": {"uv": [1, 0, 2, 1], "texture": "#texture"},
				"down": {"uv": [1, 0, 2, 1], "texture": "#texture"}
			}
		},
		{
			"name": "block",
			"from": [7.75, 2.375, 10.125],
			"to": [8.25, 2.875, 10.25],
			"faces": {
				"north": {"uv": [1, 0, 2, 1], "texture": "#texture"},
				"east": {"uv": [1, 0, 2, 1], "texture": "#texture"},
				"south": {"uv": [1, 0, 2, 1], "texture": "#texture"},
				"west": {"uv": [1, 0, 2, 1], "texture": "#texture"},
				"up": {"uv": [1, 0, 2, 1], "texture": "#texture"},
				"down": {"uv": [1, 0, 2, 1], "texture": "#texture"}
			}
		},
		{
			"name": "block",
			"from": [7.75, 2.25, 10.25],
			"to": [8.25, 2.625, 11.875],
			"faces": {
				"north": {"uv": [1, 0, 2, 1], "texture": "#texture"},
				"east": {"uv": [1, 0, 2, 1], "texture": "#texture"},
				"south": {"uv": [1, 0, 2, 1], "texture": "#texture"},
				"west": {"uv": [1, 0, 2, 1], "texture": "#texture"},
				"up": {"uv": [1, 0, 2, 1], "texture": "#texture"},
				"down": {"uv": [1, 0, 2, 1], "texture": "#texture"}
			}
		},
		{
			"name": "block",
			"from": [7.75, 2.5, 9.875],
			"to": [8.25, 3.625, 10],
			"faces": {
				"north": {"uv": [1, 0, 2, 1], "texture": "#texture"},
				"east": {"uv": [1, 0, 2, 1], "texture": "#texture"},
				"south": {"uv": [1, 0, 2, 1], "texture": "#texture"},
				"west": {"uv": [1, 0, 2, 1], "texture": "#texture"},
				"up": {"uv": [1, 0, 2, 1], "texture": "#texture"},
				"down": {"uv": [1, 0, 2, 1], "texture": "#texture"}
			}
		},
		{
			"name": "block",
			"from": [7.75, 2.375, 11.875],
			"to": [8.25, 3.375, 12],
			"faces": {
				"north": {"uv": [1, 0, 2, 1], "texture": "#texture"},
				"east": {"uv": [1, 0, 2, 1], "texture": "#texture"},
				"south": {"uv": [1, 0, 2, 1], "texture": "#texture"},
				"west": {"uv": [1, 0, 2, 1], "texture": "#texture"},
				"up": {"uv": [1, 0, 2, 1], "texture": "#texture"},
				"down": {"uv": [1, 0, 2, 1], "texture": "#texture"}
			}
		},
		{
			"name": "block",
			"from": [7.75, 2.625, 9.75],
			"to": [8.25, 4, 9.875],
			"faces": {
				"north": {"uv": [1, 0, 2, 1], "texture": "#texture"},
				"east": {"uv": [1, 0, 2, 1], "texture": "#texture"},
				"south": {"uv": [1, 0, 2, 1], "texture": "#texture"},
				"west": {"uv": [1, 0, 2, 1], "texture": "#texture"},
				"up": {"uv": [1, 0, 2, 1], "texture": "#texture"},
				"down": {"uv": [1, 0, 2, 1], "texture": "#texture"}
			}
		},
		{
			"name": "block",
			"from": [7.75, 2.625, 11.75],
			"to": [8.25, 3.625, 11.875],
			"faces": {
				"north": {"uv": [1, 0, 2, 1], "texture": "#texture"},
				"east": {"uv": [1, 0, 2, 1], "texture": "#texture"},
				"south": {"uv": [1, 0, 2, 1], "texture": "#texture"},
				"west": {"uv": [1, 0, 2, 1], "texture": "#texture"},
				"up": {"uv": [1, 0, 2, 1], "texture": "#texture"},
				"down": {"uv": [1, 0, 2, 1], "texture": "#texture"}
			}
		},
		{
			"name": "block",
			"from": [7.75, 2.875, 12],
			"to": [8.25, 3.625, 12.125],
			"faces": {
				"north": {"uv": [1, 0, 2, 1], "texture": "#texture"},
				"east": {"uv": [1, 0, 2, 1], "texture": "#texture"},
				"south": {"uv": [1, 0, 2, 1], "texture": "#texture"},
				"west": {"uv": [1, 0, 2, 1], "texture": "#texture"},
				"up": {"uv": [1, 0, 2, 1], "texture": "#texture"},
				"down": {"uv": [1, 0, 2, 1], "texture": "#texture"}
			}
		},
		{
			"name": "block",
			"from": [7.75, 3.375, 11.625],
			"to": [8.25, 3.75, 11.75],
			"faces": {
				"north": {"uv": [1, 0, 2, 1], "texture": "#texture"},
				"east": {"uv": [1, 0, 2, 1], "texture": "#texture"},
				"south": {"uv": [1, 0, 2, 1], "texture": "#texture"},
				"west": {"uv": [1, 0, 2, 1], "texture": "#texture"},
				"up": {"uv": [1, 0, 2, 1], "texture": "#texture"},
				"down": {"uv": [1, 0, 2, 1], "texture": "#texture"}
			}
		},
		{
			"name": "block",
			"from": [7.75, 3.375, 12.125],
			"to": [8.25, 3.625, 12.25],
			"faces": {
				"north": {"uv": [1, 0, 2, 1], "texture": "#texture"},
				"east": {"uv": [1, 0, 2, 1], "texture": "#texture"},
				"south": {"uv": [1, 0, 2, 1], "texture": "#texture"},
				"west": {"uv": [1, 0, 2, 1], "texture": "#texture"},
				"up": {"uv": [1, 0, 2, 1], "texture": "#texture"},
				"down": {"uv": [1, 0, 2, 1], "texture": "#texture"}
			}
		},
		{
			"name": "block",
			"from": [7.75, 3.5, 11.875],
			"to": [8.25, 3.625, 12],
			"faces": {
				"north": {"uv": [1, 0, 2, 1], "texture": "#texture"},
				"east": {"uv": [1, 0, 2, 1], "texture": "#texture"},
				"south": {"uv": [1, 0, 2, 1], "texture": "#texture"},
				"west": {"uv": [1, 0, 2, 1], "texture": "#texture"},
				"up": {"uv": [1, 0, 2, 1], "texture": "#texture"},
				"down": {"uv": [1, 0, 2, 1], "texture": "#texture"}
			}
		},
		{
			"name": "block",
			"from": [7.75, 3.625, 9.625],
			"to": [8.25, 4, 9.75],
			"faces": {
				"north": {"uv": [1, 0, 2, 1], "texture": "#texture"},
				"east": {"uv": [1, 0, 2, 1], "texture": "#texture"},
				"south": {"uv": [1, 0, 2, 1], "texture": "#texture"},
				"west": {"uv": [1, 0, 2, 1], "texture": "#texture"},
				"up": {"uv": [1, 0, 2, 1], "texture": "#texture"},
				"down": {"uv": [1, 0, 2, 1], "texture": "#texture"}
			}
		},
		{
			"name": "block",
			"from": [7.75, 3.625, 10.125],
			"to": [8.25, 3.875, 10.25],
			"faces": {
				"north": {"uv": [1, 0, 2, 1], "texture": "#texture"},
				"east": {"uv": [1, 0, 2, 1], "texture": "#texture"},
				"south": {"uv": [1, 0, 2, 1], "texture": "#texture"},
				"west": {"uv": [1, 0, 2, 1], "texture": "#texture"},
				"up": {"uv": [1, 0, 2, 1], "texture": "#texture"},
				"down": {"uv": [1, 0, 2, 1], "texture": "#texture"}
			}
		},
		{
			"name": "block",
			"from": [7.75, 3.75, 9.875],
			"to": [8.25, 3.875, 10],
			"faces": {
				"north": {"uv": [1, 0, 2, 1], "texture": "#texture"},
				"east": {"uv": [1, 0, 2, 1], "texture": "#texture"},
				"south": {"uv": [1, 0, 2, 1], "texture": "#texture"},
				"west": {"uv": [1, 0, 2, 1], "texture": "#texture"},
				"up": {"uv": [1, 0, 2, 1], "texture": "#texture"},
				"down": {"uv": [1, 0, 2, 1], "texture": "#texture"}
			}
		},
		{
			"name": "block",
			"from": [7.875, 3.375, 11.875],
			"to": [8.125, 3.5, 12],
			"faces": {
				"north": {"uv": [3, 1, 4, 2], "texture": "#texture"},
				"east": {"uv": [3, 1, 4, 2], "texture": "#texture"},
				"south": {"uv": [3, 1, 4, 2], "texture": "#texture"},
				"west": {"uv": [3, 1, 4, 2], "texture": "#texture"},
				"up": {"uv": [3, 1, 4, 2], "texture": "#texture"},
				"down": {"uv": [3, 1, 4, 2], "texture": "#texture"}
			}
		},
		{
			"name": "block",
			"from": [7.875, 3.625, 9.875],
			"to": [8.125, 3.75, 10],
			"faces": {
				"north": {"uv": [3, 1, 4, 2], "texture": "#texture"},
				"east": {"uv": [3, 1, 4, 2], "texture": "#texture"},
				"south": {"uv": [3, 1, 4, 2], "texture": "#texture"},
				"west": {"uv": [3, 1, 4, 2], "texture": "#texture"},
				"up": {"uv": [3, 1, 4, 2], "texture": "#texture"},
				"down": {"uv": [3, 1, 4, 2], "texture": "#texture"}
			}
		},
		{
			"name": "block",
			"from": [7, 3.625, 11.625],
			"to": [7.75, 3.75, 11.75],
			"faces": {
				"north": {"uv": [1, 0, 2, 1], "texture": "#texture"},
				"east": {"uv": [1, 0, 2, 1], "texture": "#texture"},
				"south": {"uv": [1, 0, 2, 1], "texture": "#texture"},
				"west": {"uv": [1, 0, 2, 1], "texture": "#texture"},
				"up": {"uv": [1, 0, 2, 1], "texture": "#texture"},
				"down": {"uv": [1, 0, 2, 1], "texture": "#texture"}
			}
		},
		{
			"name": "block",
			"from": [7, 4.25, 8.125],
			"to": [9, 5.75, 9],
			"faces": {
				"north": {"uv": [3, 0, 4, 1], "texture": "#texture"},
				"east": {"uv": [3, 0, 4, 1], "texture": "#texture"},
				"south": {"uv": [3, 0, 4, 1], "texture": "#texture"},
				"west": {"uv": [3, 0, 4, 1], "texture": "#texture"},
				"up": {"uv": [3, 0, 4, 1], "texture": "#texture"},
				"down": {"uv": [3, 0, 4, 1], "texture": "#texture"}
			}
		},
		{
			"name": "block",
			"from": [7, 4.375, 6.875],
			"to": [9, 5.75, 8.125],
			"faces": {
				"north": {"uv": [3, 0, 4, 1], "texture": "#texture"},
				"east": {"uv": [3, 0, 4, 1], "texture": "#texture"},
				"south": {"uv": [3, 0, 4, 1], "texture": "#texture"},
				"west": {"uv": [3, 0, 4, 1], "texture": "#texture"},
				"up": {"uv": [3, 0, 4, 1], "texture": "#texture"},
				"down": {"uv": [3, 0, 4, 1], "texture": "#texture"}
			}
		},
		{
			"name": "block",
			"from": [8.25, 3.625, 11.625],
			"to": [9, 3.75, 11.75],
			"faces": {
				"north": {"uv": [1, 0, 2, 1], "texture": "#texture"},
				"east": {"uv": [1, 0, 2, 1], "texture": "#texture"},
				"south": {"uv": [1, 0, 2, 1], "texture": "#texture"},
				"west": {"uv": [1, 0, 2, 1], "texture": "#texture"},
				"up": {"uv": [1, 0, 2, 1], "texture": "#texture"},
				"down": {"uv": [1, 0, 2, 1], "texture": "#texture"}
			}
		},
		{
			"name": "block",
			"from": [7.75, 2.9021, 11.0597],
			"to": [8.25, 3.0271, 11.3097],
			"rotation": {"angle": 22.5, "axis": "x", "origin": [7.75, 2.875, 11.125]},
			"faces": {
				"north": {"uv": [1, 1, 2, 2], "texture": "#texture"},
				"east": {"uv": [1, 1, 2, 2], "texture": "#texture"},
				"south": {"uv": [1, 1, 2, 2], "texture": "#texture"},
				"west": {"uv": [1, 1, 2, 2], "texture": "#texture"},
				"up": {"uv": [1, 1, 2, 2], "texture": "#texture"},
				"down": {"uv": [1, 1, 2, 2], "texture": "#texture"}
			}
		},
		{
			"name": "block",
			"from": [7.75, 3.0096, 11.1481],
			"to": [8.25, 3.2596, 11.3981],
			"rotation": {"angle": 22.5, "axis": "x", "origin": [7.75, 3, 11.125]},
			"faces": {
				"north": {"uv": [1, 1, 2, 2], "texture": "#texture"},
				"east": {"uv": [1, 1, 2, 2], "texture": "#texture"},
				"south": {"uv": [1, 1, 2, 2], "texture": "#texture"},
				"west": {"uv": [1, 1, 2, 2], "texture": "#texture"},
				"up": {"uv": [1, 1, 2, 2], "texture": "#texture"},
				"down": {"uv": [1, 1, 2, 2], "texture": "#texture"}
			}
		},
		{
			"name": "block",
			"from": [7.75, 3.125, 11.25],
			"to": [8.25, 3.75, 11.5],
			"faces": {
				"north": {"uv": [1, 1, 2, 2], "texture": "#texture"},
				"east": {"uv": [1, 1, 2, 2], "texture": "#texture"},
				"south": {"uv": [1, 1, 2, 2], "texture": "#texture"},
				"west": {"uv": [1, 1, 2, 2], "texture": "#texture"},
				"up": {"uv": [1, 1, 2, 2], "texture": "#texture"},
				"down": {"uv": [1, 1, 2, 2], "texture": "#texture"}
			}
		},
		{
			"name": "block",
			"from": [7.625, 5, 12.625],
			"to": [8.375, 5.625, 12.75],
			"faces": {
				"north": {"uv": [3, 0, 4, 1], "texture": "#texture"},
				"east": {"uv": [3, 0, 4, 1], "texture": "#texture"},
				"south": {"uv": [3, 0, 4, 1], "texture": "#texture"},
				"west": {"uv": [3, 0, 4, 1], "texture": "#texture"},
				"up": {"uv": [3, 0, 4, 1], "texture": "#texture"},
				"down": {"uv": [3, 0, 4, 1], "texture": "#texture"}
			}
		},
		{
			"name": "block",
			"from": [7.625, 5, 12.75],
			"to": [8.375, 5.325, 12.875],
			"faces": {
				"north": {"uv": [3, 0, 4, 1], "texture": "#texture"},
				"east": {"uv": [3, 0, 4, 1], "texture": "#texture"},
				"south": {"uv": [3, 0, 4, 1], "texture": "#texture"},
				"west": {"uv": [3, 0, 4, 1], "texture": "#texture"},
				"up": {"uv": [3, 0, 4, 1], "texture": "#texture"},
				"down": {"uv": [3, 0, 4, 1], "texture": "#texture"}
			}
		},
		{
			"name": "block",
			"from": [7.75, 5, 12.875],
			"to": [8.25, 5.5, 13],
			"faces": {
				"north": {"uv": [3, 0, 4, 1], "texture": "#texture"},
				"east": {"uv": [3, 0, 4, 1], "texture": "#texture"},
				"south": {"uv": [3, 0, 4, 1], "texture": "#texture"},
				"west": {"uv": [3, 0, 4, 1], "texture": "#texture"},
				"up": {"uv": [3, 0, 4, 1], "texture": "#texture"},
				"down": {"uv": [3, 0, 4, 1], "texture": "#texture"}
			}
		},
		{
			"name": "block",
			"from": [7.75, 5.125, 13],
			"to": [8.25, 5.375, 14.5],
			"faces": {
				"north": {"uv": [3, 0, 4, 1], "texture": "#texture"},
				"east": {"uv": [3, 0, 4, 1], "texture": "#texture"},
				"south": {"uv": [3, 0, 4, 1], "texture": "#texture"},
				"west": {"uv": [3, 0, 4, 1], "texture": "#texture"},
				"up": {"uv": [3, 0, 4, 1], "texture": "#texture"},
				"down": {"uv": [3, 0, 4, 1], "texture": "#texture"}
			}
		},
		{
			"name": "block",
			"from": [7.75, 5.125, 12.75],
			"to": [8.25, 5.625, 12.875],
			"faces": {
				"north": {"uv": [3, 0, 4, 1], "texture": "#texture"},
				"east": {"uv": [3, 0, 4, 1], "texture": "#texture"},
				"south": {"uv": [3, 0, 4, 1], "texture": "#texture"},
				"west": {"uv": [3, 0, 4, 1], "texture": "#texture"},
				"up": {"uv": [3, 0, 4, 1], "texture": "#texture"},
				"down": {"uv": [3, 0, 4, 1], "texture": "#texture"}
			}
		},
		{
			"name": "block",
			"from": [7.75, 5.625, 12.5],
			"to": [8.25, 5.75, 12.75],
			"faces": {
				"north": {"uv": [3, 0, 4, 1], "texture": "#texture"},
				"east": {"uv": [3, 0, 4, 1], "texture": "#texture"},
				"south": {"uv": [3, 0, 4, 1], "texture": "#texture"},
				"west": {"uv": [3, 0, 4, 1], "texture": "#texture"},
				"up": {"uv": [3, 0, 4, 1], "texture": "#texture"},
				"down": {"uv": [3, 0, 4, 1], "texture": "#texture"}
			}
		},
		{
			"name": "block",
			"from": [7.875, 5.125, 14.5],
			"to": [8.125, 5.375, 15],
			"faces": {
				"north": {"uv": [3, 0, 4, 1], "texture": "#texture"},
				"east": {"uv": [3, 0, 4, 1], "texture": "#texture"},
				"south": {"uv": [3, 0, 4, 1], "texture": "#texture"},
				"west": {"uv": [3, 0, 4, 1], "texture": "#texture"},
				"up": {"uv": [3, 0, 4, 1], "texture": "#texture"},
				"down": {"uv": [3, 0, 4, 1], "texture": "#texture"}
			}
		},
		{
			"name": "block",
			"from": [7.875, 5.125, 13],
			"to": [8.125, 5.5, 13.125],
			"faces": {
				"north": {"uv": [3, 0, 4, 1], "texture": "#texture"},
				"east": {"uv": [3, 0, 4, 1], "texture": "#texture"},
				"south": {"uv": [3, 0, 4, 1], "texture": "#texture"},
				"west": {"uv": [3, 0, 4, 1], "texture": "#texture"},
				"up": {"uv": [3, 0, 4, 1], "texture": "#texture"},
				"down": {"uv": [3, 0, 4, 1], "texture": "#texture"}
			}
		},
		{
			"name": "block",
			"from": [7.875, 5.125, 13.125],
			"to": [8.125, 5.5, 13.375],
			"faces": {
				"north": {"uv": [3, 0, 4, 1], "texture": "#texture"},
				"east": {"uv": [3, 0, 4, 1], "texture": "#texture"},
				"south": {"uv": [3, 0, 4, 1], "texture": "#texture"},
				"west": {"uv": [3, 0, 4, 1], "texture": "#texture"},
				"up": {"uv": [3, 0, 4, 1], "texture": "#texture"},
				"down": {"uv": [3, 0, 4, 1], "texture": "#texture"}
			}
		},
		{
			"name": "block",
			"from": [7.875, 5.25, 12.875],
			"to": [8.125, 5.575, 13],
			"faces": {
				"north": {"uv": [3, 0, 4, 1], "texture": "#texture"},
				"east": {"uv": [3, 0, 4, 1], "texture": "#texture"},
				"south": {"uv": [3, 0, 4, 1], "texture": "#texture"},
				"west": {"uv": [3, 0, 4, 1], "texture": "#texture"},
				"up": {"uv": [3, 0, 4, 1], "texture": "#texture"},
				"down": {"uv": [3, 0, 4, 1], "texture": "#texture"}
			}
		},
		{
			"name": "block",
			"from": [7.75, 2.625, 10.25],
			"to": [8.25, 2.75, 10.375],
			"faces": {
				"north": {"uv": [1, 0, 2, 1], "texture": "#texture"},
				"east": {"uv": [1, 0, 2, 1], "texture": "#texture"},
				"south": {"uv": [1, 0, 2, 1], "texture": "#texture"},
				"west": {"uv": [1, 0, 2, 1], "texture": "#texture"},
				"up": {"uv": [1, 0, 2, 1], "texture": "#texture"},
				"down": {"uv": [1, 0, 2, 1], "texture": "#texture"}
			}
		},
		{
			"name": "block",
			"from": [7, 5, 6.75],
			"to": [9, 9.75, 6.875],
			"faces": {
				"north": {"uv": [3, 0, 4, 1], "texture": "#texture"},
				"east": {"uv": [3, 0, 4, 1], "texture": "#texture"},
				"south": {"uv": [3, 0, 4, 1], "texture": "#texture"},
				"west": {"uv": [3, 0, 4, 1], "texture": "#texture"},
				"up": {"uv": [3, 0, 4, 1], "texture": "#texture"},
				"down": {"uv": [3, 0, 4, 1], "texture": "#texture"}
			}
		},
		{
			"name": "block",
			"from": [7, 5.75, 6.625],
			"to": [9, 9.75, 6.75],
			"faces": {
				"north": {"uv": [3, 0, 4, 1], "texture": "#texture"},
				"east": {"uv": [3, 0, 4, 1], "texture": "#texture"},
				"south": {"uv": [3, 0, 4, 1], "texture": "#texture"},
				"west": {"uv": [3, 0, 4, 1], "texture": "#texture"},
				"up": {"uv": [3, 0, 4, 1], "texture": "#texture"},
				"down": {"uv": [3, 0, 4, 1], "texture": "#texture"}
			}
		},
		{
			"name": "block",
			"from": [7, 5.75, 6.875],
			"to": [9, 9.75, 7.125],
			"faces": {
				"north": {"uv": [3, 0, 4, 1], "texture": "#texture"},
				"east": {"uv": [3, 0, 4, 1], "texture": "#texture"},
				"south": {"uv": [3, 0, 4, 1], "texture": "#texture"},
				"west": {"uv": [3, 0, 4, 1], "texture": "#texture"},
				"up": {"uv": [3, 0, 4, 1], "texture": "#texture"},
				"down": {"uv": [3, 0, 4, 1], "texture": "#texture"}
			}
		},
		{
			"name": "block",
			"from": [7, 5.75, 7.125],
			"to": [9, 7.25, 7.25],
			"faces": {
				"north": {"uv": [3, 0, 4, 1], "texture": "#texture"},
				"east": {"uv": [3, 0, 4, 1], "texture": "#texture"},
				"south": {"uv": [3, 0, 4, 1], "texture": "#texture"},
				"west": {"uv": [3, 0, 4, 1], "texture": "#texture"},
				"up": {"uv": [3, 0, 4, 1], "texture": "#texture"},
				"down": {"uv": [3, 0, 4, 1], "texture": "#texture"}
			}
		},
		{
			"name": "block",
			"from": [7, 5.75, 7.25],
			"to": [9, 6.5, 7.375],
			"faces": {
				"north": {"uv": [3, 0, 4, 1], "texture": "#texture"},
				"east": {"uv": [3, 0, 4, 1], "texture": "#texture"},
				"south": {"uv": [3, 0, 4, 1], "texture": "#texture"},
				"west": {"uv": [3, 0, 4, 1], "texture": "#texture"},
				"up": {"uv": [3, 0, 4, 1], "texture": "#texture"},
				"down": {"uv": [3, 0, 4, 1], "texture": "#texture"}
			}
		},
		{
			"name": "block",
			"from": [7, 6.5, 6.5],
			"to": [9, 9.75, 6.625],
			"faces": {
				"north": {"uv": [3, 0, 4, 1], "texture": "#texture"},
				"east": {"uv": [3, 0, 4, 1], "texture": "#texture"},
				"south": {"uv": [3, 0, 4, 1], "texture": "#texture"},
				"west": {"uv": [3, 0, 4, 1], "texture": "#texture"},
				"up": {"uv": [3, 0, 4, 1], "texture": "#texture"},
				"down": {"uv": [3, 0, 4, 1], "texture": "#texture"}
			}
		},
		{
			"name": "block",
			"from": [7, 7.25, 6.375],
			"to": [9, 9.75, 6.5],
			"faces": {
				"north": {"uv": [3, 0, 4, 1], "texture": "#texture"},
				"east": {"uv": [3, 0, 4, 1], "texture": "#texture"},
				"south": {"uv": [3, 0, 4, 1], "texture": "#texture"},
				"west": {"uv": [3, 0, 4, 1], "texture": "#texture"},
				"up": {"uv": [3, 0, 4, 1], "texture": "#texture"},
				"down": {"uv": [3, 0, 4, 1], "texture": "#texture"}
			}
		},
		{
			"name": "block",
			"from": [7.25, 9.625, 7.125],
			"to": [8.75, 10, 12.25],
			"faces": {
				"north": {"uv": [1, 0, 2, 1], "texture": "#texture"},
				"east": {"uv": [1, 0, 2, 1], "texture": "#texture"},
				"south": {"uv": [1, 0, 2, 1], "texture": "#texture"},
				"west": {"uv": [1, 0, 2, 1], "texture": "#texture"},
				"up": {"uv": [1, 0, 2, 1], "texture": "#texture"},
				"down": {"uv": [1, 0, 2, 1], "texture": "#texture"}
			}
		},
		{
			"name": "block",
			"from": [7.25, 9.75, 6.75],
			"to": [8.75, 9.875, 7.125],
			"faces": {
				"north": {"uv": [1, 0, 2, 1], "texture": "#texture"},
				"east": {"uv": [1, 0, 2, 1], "texture": "#texture"},
				"south": {"uv": [1, 0, 2, 1], "texture": "#texture"},
				"west": {"uv": [1, 0, 2, 1], "texture": "#texture"},
				"up": {"uv": [1, 0, 2, 1], "texture": "#texture"},
				"down": {"uv": [1, 0, 2, 1], "texture": "#texture"}
			}
		},
		{
			"name": "block",
			"from": [7.25, 9.875, 7],
			"to": [8.75, 10, 7.125],
			"faces": {
				"north": {"uv": [1, 0, 2, 1], "texture": "#texture"},
				"east": {"uv": [1, 0, 2, 1], "texture": "#texture"},
				"south": {"uv": [1, 0, 2, 1], "texture": "#texture"},
				"west": {"uv": [1, 0, 2, 1], "texture": "#texture"},
				"up": {"uv": [1, 0, 2, 1], "texture": "#texture"},
				"down": {"uv": [1, 0, 2, 1], "texture": "#texture"}
			}
		},
		{
			"name": "block",
			"from": [7.375, 9.75, 6.625],
			"to": [8.625, 9.875, 6.75],
			"faces": {
				"north": {"uv": [1, 0, 2, 1], "texture": "#texture"},
				"east": {"uv": [1, 0, 2, 1], "texture": "#texture"},
				"south": {"uv": [1, 0, 2, 1], "texture": "#texture"},
				"west": {"uv": [1, 0, 2, 1], "texture": "#texture"},
				"up": {"uv": [1, 0, 2, 1], "texture": "#texture"},
				"down": {"uv": [1, 0, 2, 1], "texture": "#texture"}
			}
		},
		{
			"name": "block",
			"from": [7.375, 9.875, 6.875],
			"to": [8.625, 10, 7],
			"faces": {
				"north": {"uv": [1, 0, 2, 1], "texture": "#texture"},
				"east": {"uv": [1, 0, 2, 1], "texture": "#texture"},
				"south": {"uv": [1, 0, 2, 1], "texture": "#texture"},
				"west": {"uv": [1, 0, 2, 1], "texture": "#texture"},
				"up": {"uv": [1, 0, 2, 1], "texture": "#texture"},
				"down": {"uv": [1, 0, 2, 1], "texture": "#texture"}
			}
		},
		{
			"name": "block",
			"from": [7.625, 9.875, 6.75],
			"to": [8.375, 10, 6.875],
			"faces": {
				"north": {"uv": [1, 0, 2, 1], "texture": "#texture"},
				"east": {"uv": [1, 0, 2, 1], "texture": "#texture"},
				"south": {"uv": [1, 0, 2, 1], "texture": "#texture"},
				"west": {"uv": [1, 0, 2, 1], "texture": "#texture"},
				"up": {"uv": [1, 0, 2, 1], "texture": "#texture"},
				"down": {"uv": [1, 0, 2, 1], "texture": "#texture"}
			}
		},
		{
			"name": "block",
			"from": [7.75, 9.75, 6.5],
			"to": [8.25, 9.875, 6.625],
			"faces": {
				"north": {"uv": [1, 0, 2, 1], "texture": "#texture"},
				"east": {"uv": [1, 0, 2, 1], "texture": "#texture"},
				"south": {"uv": [1, 0, 2, 1], "texture": "#texture"},
				"west": {"uv": [1, 0, 2, 1], "texture": "#texture"},
				"up": {"uv": [1, 0, 2, 1], "texture": "#texture"},
				"down": {"uv": [1, 0, 2, 1], "texture": "#texture"}
			}
		},
		{
			"name": "block",
			"from": [6.625, 7.375, 9.125],
			"to": [6.875, 8.875, 11.64063],
			"faces": {
				"north": {"uv": [5, 1, 6, 2], "texture": "#texture"},
				"east": {"uv": [5, 1, 6, 2], "texture": "#texture"},
				"south": {"uv": [5, 1, 6, 2], "texture": "#texture"},
				"west": {"uv": [5, 1, 6, 2], "texture": "#texture"},
				"up": {"uv": [5, 1, 6, 2], "texture": "#texture"},
				"down": {"uv": [5, 1, 6, 2], "texture": "#texture"}
			}
		},
		{
			"name": "block",
			"from": [6.625, 7.625, 8.7969],
			"to": [6.875, 8.625, 9.12503],
			"faces": {
				"north": {"uv": [5, 1, 6, 2], "texture": "#texture"},
				"east": {"uv": [5, 1, 6, 2], "texture": "#texture"},
				"south": {"uv": [5, 1, 6, 2], "texture": "#texture"},
				"west": {"uv": [5, 1, 6, 2], "texture": "#texture"},
				"up": {"uv": [5, 1, 6, 2], "texture": "#texture"},
				"down": {"uv": [5, 1, 6, 2], "texture": "#texture"}
			}
		},
		{
			"name": "block",
			"from": [6.625, 7.75, 7.375],
			"to": [6.875, 8.5, 8.79688],
			"faces": {
				"north": {"uv": [5, 1, 6, 2], "texture": "#texture"},
				"east": {"uv": [5, 1, 6, 2], "texture": "#texture"},
				"south": {"uv": [5, 1, 6, 2], "texture": "#texture"},
				"west": {"uv": [5, 1, 6, 2], "texture": "#texture"},
				"up": {"uv": [5, 1, 6, 2], "texture": "#texture"},
				"down": {"uv": [5, 1, 6, 2], "texture": "#texture"}
			}
		},
		{
			"name": "block",
			"from": [6.75, 7, 7.375],
			"to": [7.25, 7.125, 11.64063],
			"faces": {
				"north": {"uv": [5, 1, 6, 2], "texture": "#texture"},
				"east": {"uv": [5, 1, 6, 2], "texture": "#texture"},
				"south": {"uv": [5, 1, 6, 2], "texture": "#texture"},
				"west": {"uv": [5, 1, 6, 2], "texture": "#texture"},
				"up": {"uv": [5, 1, 6, 2], "texture": "#texture"},
				"down": {"uv": [5, 1, 6, 2], "texture": "#texture"}
			}
		},
		{
			"name": "block",
			"from": [6.75, 7.125, 8.7969],
			"to": [7, 7.25, 11.64065],
			"faces": {
				"north": {"uv": [5, 1, 6, 2], "texture": "#texture"},
				"east": {"uv": [5, 1, 6, 2], "texture": "#texture"},
				"south": {"uv": [5, 1, 6, 2], "texture": "#texture"},
				"west": {"uv": [5, 1, 6, 2], "texture": "#texture"},
				"up": {"uv": [5, 1, 6, 2], "texture": "#texture"},
				"down": {"uv": [5, 1, 6, 2], "texture": "#texture"}
			}
		},
		{
			"name": "block",
			"from": [6.75, 7.25, 9.125],
			"to": [7, 7.375, 11.64063],
			"faces": {
				"north": {"uv": [5, 1, 6, 2], "texture": "#texture"},
				"east": {"uv": [5, 1, 6, 2], "texture": "#texture"},
				"south": {"uv": [5, 1, 6, 2], "texture": "#texture"},
				"west": {"uv": [5, 1, 6, 2], "texture": "#texture"},
				"up": {"uv": [5, 1, 6, 2], "texture": "#texture"},
				"down": {"uv": [5, 1, 6, 2], "texture": "#texture"}
			}
		},
		{
			"name": "block",
			"from": [6.75, 7.375, 7.375],
			"to": [6.875, 7.75, 8.79688],
			"faces": {
				"north": {"uv": [5, 1, 6, 2], "texture": "#texture"},
				"east": {"uv": [5, 1, 6, 2], "texture": "#texture"},
				"south": {"uv": [5, 1, 6, 2], "texture": "#texture"},
				"west": {"uv": [5, 1, 6, 2], "texture": "#texture"},
				"up": {"uv": [5, 1, 6, 2], "texture": "#texture"},
				"down": {"uv": [5, 1, 6, 2], "texture": "#texture"}
			}
		},
		{
			"name": "block",
			"from": [6.75, 7.375, 8.7969],
			"to": [6.875, 7.625, 9.12503],
			"faces": {
				"north": {"uv": [5, 1, 6, 2], "texture": "#texture"},
				"east": {"uv": [5, 1, 6, 2], "texture": "#texture"},
				"south": {"uv": [5, 1, 6, 2], "texture": "#texture"},
				"west": {"uv": [5, 1, 6, 2], "texture": "#texture"},
				"up": {"uv": [5, 1, 6, 2], "texture": "#texture"},
				"down": {"uv": [5, 1, 6, 2], "texture": "#texture"}
			}
		},
		{
			"name": "block",
			"from": [6.75, 8.5, 7.375],
			"to": [6.875, 8.875, 8.79688],
			"faces": {
				"north": {"uv": [5, 1, 6, 2], "texture": "#texture"},
				"east": {"uv": [5, 1, 6, 2], "texture": "#texture"},
				"south": {"uv": [5, 1, 6, 2], "texture": "#texture"},
				"west": {"uv": [5, 1, 6, 2], "texture": "#texture"},
				"up": {"uv": [5, 1, 6, 2], "texture": "#texture"},
				"down": {"uv": [5, 1, 6, 2], "texture": "#texture"}
			}
		},
		{
			"name": "block",
			"from": [6.75, 8.625, 8.7969],
			"to": [6.875, 8.875, 9.12503],
			"faces": {
				"north": {"uv": [5, 1, 6, 2], "texture": "#texture"},
				"east": {"uv": [5, 1, 6, 2], "texture": "#texture"},
				"south": {"uv": [5, 1, 6, 2], "texture": "#texture"},
				"west": {"uv": [5, 1, 6, 2], "texture": "#texture"},
				"up": {"uv": [5, 1, 6, 2], "texture": "#texture"},
				"down": {"uv": [5, 1, 6, 2], "texture": "#texture"}
			}
		},
		{
			"name": "block",
			"from": [6.75, 8.875, 9.125],
			"to": [7, 9.25, 11.64063],
			"faces": {
				"north": {"uv": [5, 1, 6, 2], "texture": "#texture"},
				"east": {"uv": [5, 1, 6, 2], "texture": "#texture"},
				"south": {"uv": [5, 1, 6, 2], "texture": "#texture"},
				"west": {"uv": [5, 1, 6, 2], "texture": "#texture"},
				"up": {"uv": [5, 1, 6, 2], "texture": "#texture"},
				"down": {"uv": [5, 1, 6, 2], "texture": "#texture"}
			}
		},
		{
			"name": "block",
			"from": [6.75, 9, 8.7969],
			"to": [7, 9.25, 9.12503],
			"faces": {
				"north": {"uv": [5, 1, 6, 2], "texture": "#texture"},
				"east": {"uv": [5, 1, 6, 2], "texture": "#texture"},
				"south": {"uv": [5, 1, 6, 2], "texture": "#texture"},
				"west": {"uv": [5, 1, 6, 2], "texture": "#texture"},
				"up": {"uv": [5, 1, 6, 2], "texture": "#texture"},
				"down": {"uv": [5, 1, 6, 2], "texture": "#texture"}
			}
		},
		{
			"name": "block",
			"from": [6.75, 9.125, 7.375],
			"to": [7.25, 9.25, 8.79688],
			"faces": {
				"north": {"uv": [5, 1, 6, 2], "texture": "#texture"},
				"east": {"uv": [5, 1, 6, 2], "texture": "#texture"},
				"south": {"uv": [5, 1, 6, 2], "texture": "#texture"},
				"west": {"uv": [5, 1, 6, 2], "texture": "#texture"},
				"up": {"uv": [5, 1, 6, 2], "texture": "#texture"},
				"down": {"uv": [5, 1, 6, 2], "texture": "#texture"}
			}
		},
		{
			"name": "block",
			"from": [6.875, 6.875, 7.375],
			"to": [9.125, 7, 11.64063],
			"faces": {
				"north": {"uv": [5, 1, 6, 2], "texture": "#texture"},
				"east": {"uv": [5, 1, 6, 2], "texture": "#texture"},
				"south": {"uv": [5, 1, 6, 2], "texture": "#texture"},
				"west": {"uv": [5, 1, 6, 2], "texture": "#texture"},
				"up": {"uv": [5, 1, 6, 2], "texture": "#texture"},
				"down": {"uv": [5, 1, 6, 2], "texture": "#texture"}
			}
		},
		{
			"name": "block",
			"from": [6.875, 7.125, 7.375],
			"to": [7, 7.375, 8.79688],
			"faces": {
				"north": {"uv": [5, 1, 6, 2], "texture": "#texture"},
				"east": {"uv": [5, 1, 6, 2], "texture": "#texture"},
				"south": {"uv": [5, 1, 6, 2], "texture": "#texture"},
				"west": {"uv": [5, 1, 6, 2], "texture": "#texture"},
				"up": {"uv": [5, 1, 6, 2], "texture": "#texture"},
				"down": {"uv": [5, 1, 6, 2], "texture": "#texture"}
			}
		},
		{
			"name": "block",
			"from": [6.875, 7.25, 8.7969],
			"to": [7, 7.375, 9.12503],
			"faces": {
				"north": {"uv": [5, 1, 6, 2], "texture": "#texture"},
				"east": {"uv": [5, 1, 6, 2], "texture": "#texture"},
				"south": {"uv": [5, 1, 6, 2], "texture": "#texture"},
				"west": {"uv": [5, 1, 6, 2], "texture": "#texture"},
				"up": {"uv": [5, 1, 6, 2], "texture": "#texture"},
				"down": {"uv": [5, 1, 6, 2], "texture": "#texture"}
			}
		},
		{
			"name": "block",
			"from": [6.875, 8.875, 7.375],
			"to": [7, 9.125, 8.79688],
			"faces": {
				"north": {"uv": [5, 1, 6, 2], "texture": "#texture"},
				"east": {"uv": [5, 1, 6, 2], "texture": "#texture"},
				"south": {"uv": [5, 1, 6, 2], "texture": "#texture"},
				"west": {"uv": [5, 1, 6, 2], "texture": "#texture"},
				"up": {"uv": [5, 1, 6, 2], "texture": "#texture"},
				"down": {"uv": [5, 1, 6, 2], "texture": "#texture"}
			}
		},
		{
			"name": "block",
			"from": [6.875, 8.875, 8.7969],
			"to": [7, 9, 9.12503],
			"faces": {
				"north": {"uv": [5, 1, 6, 2], "texture": "#texture"},
				"east": {"uv": [5, 1, 6, 2], "texture": "#texture"},
				"south": {"uv": [5, 1, 6, 2], "texture": "#texture"},
				"west": {"uv": [5, 1, 6, 2], "texture": "#texture"},
				"up": {"uv": [5, 1, 6, 2], "texture": "#texture"},
				"down": {"uv": [5, 1, 6, 2], "texture": "#texture"}
			}
		},
		{
			"name": "block",
			"from": [6.875, 9.25, 7.375],
			"to": [9.125, 9.375, 11.64063],
			"faces": {
				"north": {"uv": [5, 1, 6, 2], "texture": "#texture"},
				"east": {"uv": [5, 1, 6, 2], "texture": "#texture"},
				"south": {"uv": [5, 1, 6, 2], "texture": "#texture"},
				"west": {"uv": [5, 1, 6, 2], "texture": "#texture"},
				"up": {"uv": [5, 1, 6, 2], "texture": "#texture"},
				"down": {"uv": [5, 1, 6, 2], "texture": "#texture"}
			}
		},
		{
			"name": "block",
			"from": [7, 9.125, 8.7969],
			"to": [7.25, 9.25, 11.64065],
			"faces": {
				"north": {"uv": [5, 1, 6, 2], "texture": "#texture"},
				"east": {"uv": [5, 1, 6, 2], "texture": "#texture"},
				"south": {"uv": [5, 1, 6, 2], "texture": "#texture"},
				"west": {"uv": [5, 1, 6, 2], "texture": "#texture"},
				"up": {"uv": [5, 1, 6, 2], "texture": "#texture"},
				"down": {"uv": [5, 1, 6, 2], "texture": "#texture"}
			}
		},
		{
			"name": "block",
			"from": [7.25, 6.75, 7.375],
			"to": [7.625, 6.875, 11.64063],
			"faces": {
				"north": {"uv": [5, 1, 6, 2], "texture": "#texture"},
				"east": {"uv": [5, 1, 6, 2], "texture": "#texture"},
				"south": {"uv": [5, 1, 6, 2], "texture": "#texture"},
				"west": {"uv": [5, 1, 6, 2], "texture": "#texture"},
				"up": {"uv": [5, 1, 6, 2], "texture": "#texture"},
				"down": {"uv": [5, 1, 6, 2], "texture": "#texture"}
			}
		},
		{
			"name": "block",
			"from": [7.25, 9.375, 7.375],
			"to": [7.625, 9.5, 11.64063],
			"faces": {
				"north": {"uv": [5, 1, 6, 2], "texture": "#texture"},
				"east": {"uv": [5, 1, 6, 2], "texture": "#texture"},
				"south": {"uv": [5, 1, 6, 2], "texture": "#texture"},
				"west": {"uv": [5, 1, 6, 2], "texture": "#texture"},
				"up": {"uv": [5, 1, 6, 2], "texture": "#texture"},
				"down": {"uv": [5, 1, 6, 2], "texture": "#texture"}
			}
		},
		{
			"name": "block",
			"from": [7.625, 6.75, 8.7969],
			"to": [7.75, 6.875, 11.64065],
			"faces": {
				"north": {"uv": [5, 1, 6, 2], "texture": "#texture"},
				"east": {"uv": [5, 1, 6, 2], "texture": "#texture"},
				"south": {"uv": [5, 1, 6, 2], "texture": "#texture"},
				"west": {"uv": [5, 1, 6, 2], "texture": "#texture"},
				"up": {"uv": [5, 1, 6, 2], "texture": "#texture"},
				"down": {"uv": [5, 1, 6, 2], "texture": "#texture"}
			}
		},
		{
			"name": "block",
			"from": [7.625, 9.375, 8.7969],
			"to": [7.75, 9.5, 11.64065],
			"faces": {
				"north": {"uv": [5, 1, 6, 2], "texture": "#texture"},
				"east": {"uv": [5, 1, 6, 2], "texture": "#texture"},
				"south": {"uv": [5, 1, 6, 2], "texture": "#texture"},
				"west": {"uv": [5, 1, 6, 2], "texture": "#texture"},
				"up": {"uv": [5, 1, 6, 2], "texture": "#texture"},
				"down": {"uv": [5, 1, 6, 2], "texture": "#texture"}
			}
		},
		{
			"name": "block",
			"from": [7.75, 6.75, 9.125],
			"to": [8.75, 6.875, 11.64063],
			"faces": {
				"north": {"uv": [5, 1, 6, 2], "texture": "#texture"},
				"east": {"uv": [5, 1, 6, 2], "texture": "#texture"},
				"south": {"uv": [5, 1, 6, 2], "texture": "#texture"},
				"west": {"uv": [5, 1, 6, 2], "texture": "#texture"},
				"up": {"uv": [5, 1, 6, 2], "texture": "#texture"},
				"down": {"uv": [5, 1, 6, 2], "texture": "#texture"}
			}
		},
		{
			"name": "block",
			"from": [7.75, 9.375, 9.125],
			"to": [8.75, 9.5, 11.64063],
			"faces": {
				"north": {"uv": [5, 1, 6, 2], "texture": "#texture"},
				"east": {"uv": [5, 1, 6, 2], "texture": "#texture"},
				"south": {"uv": [5, 1, 6, 2], "texture": "#texture"},
				"west": {"uv": [5, 1, 6, 2], "texture": "#texture"},
				"up": {"uv": [5, 1, 6, 2], "texture": "#texture"},
				"down": {"uv": [5, 1, 6, 2], "texture": "#texture"}
			}
		},
		{
			"name": "block",
			"from": [8.25, 6.75, 8.7969],
			"to": [8.75, 6.875, 9.12503],
			"faces": {
				"north": {"uv": [5, 1, 6, 2], "texture": "#texture"},
				"east": {"uv": [5, 1, 6, 2], "texture": "#texture"},
				"south": {"uv": [5, 1, 6, 2], "texture": "#texture"},
				"west": {"uv": [5, 1, 6, 2], "texture": "#texture"},
				"up": {"uv": [5, 1, 6, 2], "texture": "#texture"},
				"down": {"uv": [5, 1, 6, 2], "texture": "#texture"}
			}
		},
		{
			"name": "block",
			"from": [8.25, 9.375, 8.7969],
			"to": [8.75, 9.5, 9.12503],
			"faces": {
				"north": {"uv": [5, 1, 6, 2], "texture": "#texture"},
				"east": {"uv": [5, 1, 6, 2], "texture": "#texture"},
				"south": {"uv": [5, 1, 6, 2], "texture": "#texture"},
				"west": {"uv": [5, 1, 6, 2], "texture": "#texture"},
				"up": {"uv": [5, 1, 6, 2], "texture": "#texture"},
				"down": {"uv": [5, 1, 6, 2], "texture": "#texture"}
			}
		},
		{
			"name": "block",
			"from": [8.375, 6.75, 7.375],
			"to": [8.75, 6.875, 8.79688],
			"faces": {
				"north": {"uv": [5, 1, 6, 2], "texture": "#texture"},
				"east": {"uv": [5, 1, 6, 2], "texture": "#texture"},
				"south": {"uv": [5, 1, 6, 2], "texture": "#texture"},
				"west": {"uv": [5, 1, 6, 2], "texture": "#texture"},
				"up": {"uv": [5, 1, 6, 2], "texture": "#texture"},
				"down": {"uv": [5, 1, 6, 2], "texture": "#texture"}
			}
		},
		{
			"name": "block",
			"from": [8.375, 9.375, 7.375],
			"to": [8.75, 9.5, 8.79688],
			"faces": {
				"north": {"uv": [5, 1, 6, 2], "texture": "#texture"},
				"east": {"uv": [5, 1, 6, 2], "texture": "#texture"},
				"south": {"uv": [5, 1, 6, 2], "texture": "#texture"},
				"west": {"uv": [5, 1, 6, 2], "texture": "#texture"},
				"up": {"uv": [5, 1, 6, 2], "texture": "#texture"},
				"down": {"uv": [5, 1, 6, 2], "texture": "#texture"}
			}
		},
		{
			"name": "block",
			"from": [8.75, 7, 7.375],
			"to": [9.25, 7.125, 11.64063],
			"faces": {
				"north": {"uv": [5, 1, 6, 2], "texture": "#texture"},
				"east": {"uv": [5, 1, 6, 2], "texture": "#texture"},
				"south": {"uv": [5, 1, 6, 2], "texture": "#texture"},
				"west": {"uv": [5, 1, 6, 2], "texture": "#texture"},
				"up": {"uv": [5, 1, 6, 2], "texture": "#texture"},
				"down": {"uv": [5, 1, 6, 2], "texture": "#texture"}
			}
		},
		{
			"name": "block",
			"from": [8.75, 9.125, 7.375],
			"to": [9.25, 9.25, 11.64063],
			"faces": {
				"north": {"uv": [5, 1, 6, 2], "texture": "#texture"},
				"east": {"uv": [5, 1, 6, 2], "texture": "#texture"},
				"south": {"uv": [5, 1, 6, 2], "texture": "#texture"},
				"west": {"uv": [5, 1, 6, 2], "texture": "#texture"},
				"up": {"uv": [5, 1, 6, 2], "texture": "#texture"},
				"down": {"uv": [5, 1, 6, 2], "texture": "#texture"}
			}
		},
		{
			"name": "block",
			"from": [9, 7.125, 7.375],
			"to": [9.125, 7.375, 11.64063],
			"faces": {
				"north": {"uv": [5, 1, 6, 2], "texture": "#texture"},
				"east": {"uv": [5, 1, 6, 2], "texture": "#texture"},
				"south": {"uv": [5, 1, 6, 2], "texture": "#texture"},
				"west": {"uv": [5, 1, 6, 2], "texture": "#texture"},
				"up": {"uv": [5, 1, 6, 2], "texture": "#texture"},
				"down": {"uv": [5, 1, 6, 2], "texture": "#texture"}
			}
		},
		{
			"name": "block",
			"from": [9, 8.875, 7.375],
			"to": [9.125, 9.125, 11.64063],
			"faces": {
				"north": {"uv": [5, 1, 6, 2], "texture": "#texture"},
				"east": {"uv": [5, 1, 6, 2], "texture": "#texture"},
				"south": {"uv": [5, 1, 6, 2], "texture": "#texture"},
				"west": {"uv": [5, 1, 6, 2], "texture": "#texture"},
				"up": {"uv": [5, 1, 6, 2], "texture": "#texture"},
				"down": {"uv": [5, 1, 6, 2], "texture": "#texture"}
			}
		},
		{
			"name": "block",
			"from": [9.125, 7.125, 8.9062],
			"to": [9.25, 7.25, 11.64057],
			"faces": {
				"north": {"uv": [5, 1, 6, 2], "texture": "#texture"},
				"east": {"uv": [5, 1, 6, 2], "texture": "#texture"},
				"south": {"uv": [5, 1, 6, 2], "texture": "#texture"},
				"west": {"uv": [5, 1, 6, 2], "texture": "#texture"},
				"up": {"uv": [5, 1, 6, 2], "texture": "#texture"},
				"down": {"uv": [5, 1, 6, 2], "texture": "#texture"}
			}
		},
		{
			"name": "block",
			"from": [9.125, 7.25, 9.2344],
			"to": [9.25, 9.125, 11.64065],
			"faces": {
				"north": {"uv": [5, 1, 6, 2], "texture": "#texture"},
				"east": {"uv": [5, 1, 6, 2], "texture": "#texture"},
				"south": {"uv": [5, 1, 6, 2], "texture": "#texture"},
				"west": {"uv": [5, 1, 6, 2], "texture": "#texture"},
				"up": {"uv": [5, 1, 6, 2], "texture": "#texture"},
				"down": {"uv": [5, 1, 6, 2], "texture": "#texture"}
			}
		},
		{
			"name": "block",
			"from": [9.125, 7.375, 7.375],
			"to": [9.25, 8.875, 9.23438],
			"faces": {
				"north": {"uv": [5, 1, 6, 2], "texture": "#texture"},
				"east": {"uv": [5, 1, 6, 2], "texture": "#texture"},
				"south": {"uv": [5, 1, 6, 2], "texture": "#texture"},
				"west": {"uv": [5, 1, 6, 2], "texture": "#texture"},
				"up": {"uv": [5, 1, 6, 2], "texture": "#texture"},
				"down": {"uv": [5, 1, 6, 2], "texture": "#texture"}
			}
		},
		{
			"name": "block",
			"from": [9.125, 8.875, 9.125],
			"to": [9.25, 9.125, 9.23438],
			"faces": {
				"north": {"uv": [5, 1, 6, 2], "texture": "#texture"},
				"east": {"uv": [5, 1, 6, 2], "texture": "#texture"},
				"south": {"uv": [5, 1, 6, 2], "texture": "#texture"},
				"west": {"uv": [5, 1, 6, 2], "texture": "#texture"},
				"up": {"uv": [5, 1, 6, 2], "texture": "#texture"},
				"down": {"uv": [5, 1, 6, 2], "texture": "#texture"}
			}
		},
		{
			"name": "block",
			"from": [9.125, 9, 8.7969],
			"to": [9.25, 9.125, 9.12503],
			"faces": {
				"north": {"uv": [5, 1, 6, 2], "texture": "#texture"},
				"east": {"uv": [5, 1, 6, 2], "texture": "#texture"},
				"south": {"uv": [5, 1, 6, 2], "texture": "#texture"},
				"west": {"uv": [5, 1, 6, 2], "texture": "#texture"},
				"up": {"uv": [5, 1, 6, 2], "texture": "#texture"},
				"down": {"uv": [5, 1, 6, 2], "texture": "#texture"}
			}
		},
		{
			"name": "block",
			"from": [9.25, 7.375, 9.2344],
			"to": [9.375, 8.875, 11.64065],
			"faces": {
				"north": {"uv": [5, 1, 6, 2], "texture": "#texture"},
				"east": {"uv": [5, 1, 6, 2], "texture": "#texture"},
				"south": {"uv": [5, 1, 6, 2], "texture": "#texture"},
				"west": {"uv": [5, 1, 6, 2], "texture": "#texture"},
				"up": {"uv": [5, 1, 6, 2], "texture": "#texture"},
				"down": {"uv": [5, 1, 6, 2], "texture": "#texture"}
			}
		},
		{
			"name": "block",
			"from": [9.25, 7.625, 8.9062],
			"to": [9.375, 8.625, 9.23432],
			"faces": {
				"north": {"uv": [5, 1, 6, 2], "texture": "#texture"},
				"east": {"uv": [5, 1, 6, 2], "texture": "#texture"},
				"south": {"uv": [5, 1, 6, 2], "texture": "#texture"},
				"west": {"uv": [5, 1, 6, 2], "texture": "#texture"},
				"up": {"uv": [5, 1, 6, 2], "texture": "#texture"},
				"down": {"uv": [5, 1, 6, 2], "texture": "#texture"}
			}
		},
		{
			"name": "block",
			"from": [9.25, 7.75, 7.375],
			"to": [9.375, 8.5, 8.90625],
			"faces": {
				"north": {"uv": [5, 1, 6, 2], "texture": "#texture"},
				"east": {"uv": [5, 1, 6, 2], "texture": "#texture"},
				"south": {"uv": [5, 1, 6, 2], "texture": "#texture"},
				"west": {"uv": [5, 1, 6, 2], "texture": "#texture"},
				"up": {"uv": [5, 1, 6, 2], "texture": "#texture"},
				"down": {"uv": [5, 1, 6, 2], "texture": "#texture"}
			}
		},
		{
			"name": "block",
			"from": [9.25, 8.5, 8.7969],
			"to": [9.375, 8.625, 8.90628],
			"faces": {
				"north": {"uv": [5, 1, 6, 2], "texture": "#texture"},
				"east": {"uv": [5, 1, 6, 2], "texture": "#texture"},
				"south": {"uv": [5, 1, 6, 2], "texture": "#texture"},
				"west": {"uv": [5, 1, 6, 2], "texture": "#texture"},
				"up": {"uv": [5, 1, 6, 2], "texture": "#texture"},
				"down": {"uv": [5, 1, 6, 2], "texture": "#texture"}
			}
		},
		{
			"name": "block",
			"from": [9.25, 8.625, 9.125],
			"to": [9.375, 8.875, 9.23438],
			"faces": {
				"north": {"uv": [5, 1, 6, 2], "texture": "#texture"},
				"east": {"uv": [5, 1, 6, 2], "texture": "#texture"},
				"south": {"uv": [5, 1, 6, 2], "texture": "#texture"},
				"west": {"uv": [5, 1, 6, 2], "texture": "#texture"},
				"up": {"uv": [5, 1, 6, 2], "texture": "#texture"},
				"down": {"uv": [5, 1, 6, 2], "texture": "#texture"}
			}
		},
		{
			"name": "block",
			"from": [6.75, 7.375, 11.875],
			"to": [7, 8.875, 12.125],
			"faces": {
				"north": {"uv": [5, 1, 6, 2], "texture": "#texture"},
				"east": {"uv": [5, 1, 6, 2], "texture": "#texture"},
				"south": {"uv": [5, 1, 6, 2], "texture": "#texture"},
				"west": {"uv": [5, 1, 6, 2], "texture": "#texture"},
				"up": {"uv": [5, 1, 6, 2], "texture": "#texture"},
				"down": {"uv": [5, 1, 6, 2], "texture": "#texture"}
			}
		},
		{
			"name": "block",
			"from": [6.875, 7.125, 11.875],
			"to": [7.25, 7.25, 12.125],
			"faces": {
				"north": {"uv": [5, 1, 6, 2], "texture": "#texture"},
				"east": {"uv": [5, 1, 6, 2], "texture": "#texture"},
				"south": {"uv": [5, 1, 6, 2], "texture": "#texture"},
				"west": {"uv": [5, 1, 6, 2], "texture": "#texture"},
				"up": {"uv": [5, 1, 6, 2], "texture": "#texture"},
				"down": {"uv": [5, 1, 6, 2], "texture": "#texture"}
			}
		},
		{
			"name": "block",
			"from": [6.875, 7.25, 11.875],
			"to": [7.125, 7.375, 12.125],
			"faces": {
				"north": {"uv": [5, 1, 6, 2], "texture": "#texture"},
				"east": {"uv": [5, 1, 6, 2], "texture": "#texture"},
				"south": {"uv": [5, 1, 6, 2], "texture": "#texture"},
				"west": {"uv": [5, 1, 6, 2], "texture": "#texture"},
				"up": {"uv": [5, 1, 6, 2], "texture": "#texture"},
				"down": {"uv": [5, 1, 6, 2], "texture": "#texture"}
			}
		},
		{
			"name": "block",
			"from": [6.875, 7.375, 11.625],
			"to": [7.125, 8.875, 11.875],
			"faces": {
				"north": {"uv": [5, 1, 6, 2], "texture": "#texture"},
				"east": {"uv": [5, 1, 6, 2], "texture": "#texture"},
				"south": {"uv": [5, 1, 6, 2], "texture": "#texture"},
				"west": {"uv": [5, 1, 6, 2], "texture": "#texture"},
				"up": {"uv": [5, 1, 6, 2], "texture": "#texture"},
				"down": {"uv": [5, 1, 6, 2], "texture": "#texture"}
			}
		},
		{
			"name": "block",
			"from": [6.875, 7.375, 12.125],
			"to": [7, 8.875, 12.25],
			"faces": {
				"north": {"uv": [5, 1, 6, 2], "texture": "#texture"},
				"east": {"uv": [5, 1, 6, 2], "texture": "#texture"},
				"south": {"uv": [5, 1, 6, 2], "texture": "#texture"},
				"west": {"uv": [5, 1, 6, 2], "texture": "#texture"},
				"up": {"uv": [5, 1, 6, 2], "texture": "#texture"},
				"down": {"uv": [5, 1, 6, 2], "texture": "#texture"}
			}
		},
		{
			"name": "block",
			"from": [6.875, 8.875, 11.875],
			"to": [7.125, 9.125, 12.125],
			"faces": {
				"north": {"uv": [5, 1, 6, 2], "texture": "#texture"},
				"east": {"uv": [5, 1, 6, 2], "texture": "#texture"},
				"south": {"uv": [5, 1, 6, 2], "texture": "#texture"},
				"west": {"uv": [5, 1, 6, 2], "texture": "#texture"},
				"up": {"uv": [5, 1, 6, 2], "texture": "#texture"},
				"down": {"uv": [5, 1, 6, 2], "texture": "#texture"}
			}
		},
		{
			"name": "block",
			"from": [7, 7, 11.875],
			"to": [9, 7.125, 12.125],
			"faces": {
				"north": {"uv": [5, 1, 6, 2], "texture": "#texture"},
				"east": {"uv": [5, 1, 6, 2], "texture": "#texture"},
				"south": {"uv": [5, 1, 6, 2], "texture": "#texture"},
				"west": {"uv": [5, 1, 6, 2], "texture": "#texture"},
				"up": {"uv": [5, 1, 6, 2], "texture": "#texture"},
				"down": {"uv": [5, 1, 6, 2], "texture": "#texture"}
			}
		},
		{
			"name": "block",
			"from": [7, 7.125, 11.625],
			"to": [9, 7.25, 11.875],
			"faces": {
				"north": {"uv": [5, 1, 6, 2], "texture": "#texture"},
				"east": {"uv": [5, 1, 6, 2], "texture": "#texture"},
				"south": {"uv": [5, 1, 6, 2], "texture": "#texture"},
				"west": {"uv": [5, 1, 6, 2], "texture": "#texture"},
				"up": {"uv": [5, 1, 6, 2], "texture": "#texture"},
				"down": {"uv": [5, 1, 6, 2], "texture": "#texture"}
			}
		},
		{
			"name": "block",
			"from": [7, 7.125, 12.125],
			"to": [7.25, 7.25, 12.25],
			"faces": {
				"north": {"uv": [5, 1, 6, 2], "texture": "#texture"},
				"east": {"uv": [5, 1, 6, 2], "texture": "#texture"},
				"south": {"uv": [5, 1, 6, 2], "texture": "#texture"},
				"west": {"uv": [5, 1, 6, 2], "texture": "#texture"},
				"up": {"uv": [5, 1, 6, 2], "texture": "#texture"},
				"down": {"uv": [5, 1, 6, 2], "texture": "#texture"}
			}
		},
		{
			"name": "block",
			"from": [7, 7.25, 11.625],
			"to": [7.25, 7.375, 11.875],
			"faces": {
				"north": {"uv": [5, 1, 6, 2], "texture": "#texture"},
				"east": {"uv": [5, 1, 6, 2], "texture": "#texture"},
				"south": {"uv": [5, 1, 6, 2], "texture": "#texture"},
				"west": {"uv": [5, 1, 6, 2], "texture": "#texture"},
				"up": {"uv": [5, 1, 6, 2], "texture": "#texture"},
				"down": {"uv": [5, 1, 6, 2], "texture": "#texture"}
			}
		},
		{
			"name": "block",
			"from": [7, 7.25, 12.125],
			"to": [7.125, 7.375, 12.25],
			"faces": {
				"north": {"uv": [5, 1, 6, 2], "texture": "#texture"},
				"east": {"uv": [5, 1, 6, 2], "texture": "#texture"},
				"south": {"uv": [5, 1, 6, 2], "texture": "#texture"},
				"west": {"uv": [5, 1, 6, 2], "texture": "#texture"},
				"up": {"uv": [5, 1, 6, 2], "texture": "#texture"},
				"down": {"uv": [5, 1, 6, 2], "texture": "#texture"}
			}
		},
		{
			"name": "block",
			"from": [7, 7.375, 12.25],
			"to": [7.375, 7.5, 12.375],
			"faces": {
				"north": {"uv": [5, 1, 6, 2], "texture": "#texture"},
				"east": {"uv": [5, 1, 6, 2], "texture": "#texture"},
				"south": {"uv": [5, 1, 6, 2], "texture": "#texture"},
				"west": {"uv": [5, 1, 6, 2], "texture": "#texture"},
				"up": {"uv": [5, 1, 6, 2], "texture": "#texture"},
				"down": {"uv": [5, 1, 6, 2], "texture": "#texture"}
			}
		},
		{
			"name": "block",
			"from": [7, 7.5, 12.25],
			"to": [7.25, 8.875, 12.375],
			"faces": {
				"north": {"uv": [5, 1, 6, 2], "texture": "#texture"},
				"east": {"uv": [5, 1, 6, 2], "texture": "#texture"},
				"south": {"uv": [5, 1, 6, 2], "texture": "#texture"},
				"west": {"uv": [5, 1, 6, 2], "texture": "#texture"},
				"up": {"uv": [5, 1, 6, 2], "texture": "#texture"},
				"down": {"uv": [5, 1, 6, 2], "texture": "#texture"}
			}
		},
		{
			"name": "block",
			"from": [7, 8.875, 11.625],
			"to": [7.25, 9.125, 11.875],
			"faces": {
				"north": {"uv": [5, 1, 6, 2], "texture": "#texture"},
				"east": {"uv": [5, 1, 6, 2], "texture": "#texture"},
				"south": {"uv": [5, 1, 6, 2], "texture": "#texture"},
				"west": {"uv": [5, 1, 6, 2], "texture": "#texture"},
				"up": {"uv": [5, 1, 6, 2], "texture": "#texture"},
				"down": {"uv": [5, 1, 6, 2], "texture": "#texture"}
			}
		},
		{
			"name": "block",
			"from": [7, 8.875, 12.125],
			"to": [7.125, 9.125, 12.25],
			"faces": {
				"north": {"uv": [5, 1, 6, 2], "texture": "#texture"},
				"east": {"uv": [5, 1, 6, 2], "texture": "#texture"},
				"south": {"uv": [5, 1, 6, 2], "texture": "#texture"},
				"west": {"uv": [5, 1, 6, 2], "texture": "#texture"},
				"up": {"uv": [5, 1, 6, 2], "texture": "#texture"},
				"down": {"uv": [5, 1, 6, 2], "texture": "#texture"}
			}
		},
		{
			"name": "block",
			"from": [7, 9.125, 11.875],
			"to": [9, 9.25, 12.125],
			"faces": {
				"north": {"uv": [5, 1, 6, 2], "texture": "#texture"},
				"east": {"uv": [5, 1, 6, 2], "texture": "#texture"},
				"south": {"uv": [5, 1, 6, 2], "texture": "#texture"},
				"west": {"uv": [5, 1, 6, 2], "texture": "#texture"},
				"up": {"uv": [5, 1, 6, 2], "texture": "#texture"},
				"down": {"uv": [5, 1, 6, 2], "texture": "#texture"}
			}
		},
		{
			"name": "block",
			"from": [7.125, 7.25, 12.25],
			"to": [8.875, 7.375, 12.375],
			"faces": {
				"north": {"uv": [5, 1, 6, 2], "texture": "#texture"},
				"east": {"uv": [5, 1, 6, 2], "texture": "#texture"},
				"south": {"uv": [5, 1, 6, 2], "texture": "#texture"},
				"west": {"uv": [5, 1, 6, 2], "texture": "#texture"},
				"up": {"uv": [5, 1, 6, 2], "texture": "#texture"},
				"down": {"uv": [5, 1, 6, 2], "texture": "#texture"}
			}
		},
		{
			"name": "block",
			"from": [7.125, 8.875, 12.25],
			"to": [8.875, 9, 12.375],
			"faces": {
				"north": {"uv": [5, 1, 6, 2], "texture": "#texture"},
				"east": {"uv": [5, 1, 6, 2], "texture": "#texture"},
				"south": {"uv": [5, 1, 6, 2], "texture": "#texture"},
				"west": {"uv": [5, 1, 6, 2], "texture": "#texture"},
				"up": {"uv": [5, 1, 6, 2], "texture": "#texture"},
				"down": {"uv": [5, 1, 6, 2], "texture": "#texture"}
			}
		},
		{
			"name": "block",
			"from": [7.125, 9, 11.875],
			"to": [7.25, 9.125, 12.25],
			"faces": {
				"north": {"uv": [5, 1, 6, 2], "texture": "#texture"},
				"east": {"uv": [5, 1, 6, 2], "texture": "#texture"},
				"south": {"uv": [5, 1, 6, 2], "texture": "#texture"},
				"west": {"uv": [5, 1, 6, 2], "texture": "#texture"},
				"up": {"uv": [5, 1, 6, 2], "texture": "#texture"},
				"down": {"uv": [5, 1, 6, 2], "texture": "#texture"}
			}
		},
		{
			"name": "block",
			"from": [7.25, 6.875, 11.875],
			"to": [8.75, 7, 12.125],
			"faces": {
				"north": {"uv": [5, 1, 6, 2], "texture": "#texture"},
				"east": {"uv": [5, 1, 6, 2], "texture": "#texture"},
				"south": {"uv": [5, 1, 6, 2], "texture": "#texture"},
				"west": {"uv": [5, 1, 6, 2], "texture": "#texture"},
				"up": {"uv": [5, 1, 6, 2], "texture": "#texture"},
				"down": {"uv": [5, 1, 6, 2], "texture": "#texture"}
			}
		},
		{
			"name": "block",
			"from": [7.25, 7, 11.625],
			"to": [8.75, 7.125, 11.875],
			"faces": {
				"north": {"uv": [5, 1, 6, 2], "texture": "#texture"},
				"east": {"uv": [5, 1, 6, 2], "texture": "#texture"},
				"south": {"uv": [5, 1, 6, 2], "texture": "#texture"},
				"west": {"uv": [5, 1, 6, 2], "texture": "#texture"},
				"up": {"uv": [5, 1, 6, 2], "texture": "#texture"},
				"down": {"uv": [5, 1, 6, 2], "texture": "#texture"}
			}
		},
		{
			"name": "block",
			"from": [7.25, 7, 12.125],
			"to": [8.75, 7.125, 12.25],
			"faces": {
				"north": {"uv": [5, 1, 6, 2], "texture": "#texture"},
				"east": {"uv": [5, 1, 6, 2], "texture": "#texture"},
				"south": {"uv": [5, 1, 6, 2], "texture": "#texture"},
				"west": {"uv": [5, 1, 6, 2], "texture": "#texture"},
				"up": {"uv": [5, 1, 6, 2], "texture": "#texture"},
				"down": {"uv": [5, 1, 6, 2], "texture": "#texture"}
			}
		},
		{
			"name": "block",
			"from": [7.25, 7.125, 12.25],
			"to": [8.75, 7.25, 12.375],
			"faces": {
				"north": {"uv": [5, 1, 6, 2], "texture": "#texture"},
				"east": {"uv": [5, 1, 6, 2], "texture": "#texture"},
				"south": {"uv": [5, 1, 6, 2], "texture": "#texture"},
				"west": {"uv": [5, 1, 6, 2], "texture": "#texture"},
				"up": {"uv": [5, 1, 6, 2], "texture": "#texture"},
				"down": {"uv": [5, 1, 6, 2], "texture": "#texture"}
			}
		},
		{
			"name": "block",
			"from": [7.25, 7.5, 12.375],
			"to": [8.75, 8.75, 12.5],
			"faces": {
				"north": {"uv": [5, 1, 6, 2], "texture": "#texture"},
				"east": {"uv": [5, 1, 6, 2], "texture": "#texture"},
				"south": {"uv": [5, 1, 6, 2], "texture": "#texture"},
				"west": {"uv": [5, 1, 6, 2], "texture": "#texture"},
				"up": {"uv": [5, 1, 6, 2], "texture": "#texture"},
				"down": {"uv": [5, 1, 6, 2], "texture": "#texture"}
			}
		},
		{
			"name": "block",
			"from": [7.25, 8.75, 12.25],
			"to": [7.375, 8.875, 12.375],
			"faces": {
				"north": {"uv": [5, 1, 6, 2], "texture": "#texture"},
				"east": {"uv": [5, 1, 6, 2], "texture": "#texture"},
				"south": {"uv": [5, 1, 6, 2], "texture": "#texture"},
				"west": {"uv": [5, 1, 6, 2], "texture": "#texture"},
				"up": {"uv": [5, 1, 6, 2], "texture": "#texture"},
				"down": {"uv": [5, 1, 6, 2], "texture": "#texture"}
			}
		},
		{
			"name": "block",
			"from": [7.25, 9, 11.625],
			"to": [9, 9.125, 11.875],
			"faces": {
				"north": {"uv": [5, 1, 6, 2], "texture": "#texture"},
				"east": {"uv": [5, 1, 6, 2], "texture": "#texture"},
				"south": {"uv": [5, 1, 6, 2], "texture": "#texture"},
				"west": {"uv": [5, 1, 6, 2], "texture": "#texture"},
				"up": {"uv": [5, 1, 6, 2], "texture": "#texture"},
				"down": {"uv": [5, 1, 6, 2], "texture": "#texture"}
			}
		},
		{
			"name": "block",
			"from": [7.25, 9, 12.25],
			"to": [8.75, 9.125, 12.375],
			"faces": {
				"north": {"uv": [5, 1, 6, 2], "texture": "#texture"},
				"east": {"uv": [5, 1, 6, 2], "texture": "#texture"},
				"south": {"uv": [5, 1, 6, 2], "texture": "#texture"},
				"west": {"uv": [5, 1, 6, 2], "texture": "#texture"},
				"up": {"uv": [5, 1, 6, 2], "texture": "#texture"},
				"down": {"uv": [5, 1, 6, 2], "texture": "#texture"}
			}
		},
		{
			"name": "block",
			"from": [7.25, 9.125, 11.625],
			"to": [8.75, 9.25, 11.875],
			"faces": {
				"north": {"uv": [5, 1, 6, 2], "texture": "#texture"},
				"east": {"uv": [5, 1, 6, 2], "texture": "#texture"},
				"south": {"uv": [5, 1, 6, 2], "texture": "#texture"},
				"west": {"uv": [5, 1, 6, 2], "texture": "#texture"},
				"up": {"uv": [5, 1, 6, 2], "texture": "#texture"},
				"down": {"uv": [5, 1, 6, 2], "texture": "#texture"}
			}
		},
		{
			"name": "block",
			"from": [7.25, 9.125, 12.125],
			"to": [8.75, 9.25, 12.25],
			"faces": {
				"north": {"uv": [5, 1, 6, 2], "texture": "#texture"},
				"east": {"uv": [5, 1, 6, 2], "texture": "#texture"},
				"south": {"uv": [5, 1, 6, 2], "texture": "#texture"},
				"west": {"uv": [5, 1, 6, 2], "texture": "#texture"},
				"up": {"uv": [5, 1, 6, 2], "texture": "#texture"},
				"down": {"uv": [5, 1, 6, 2], "texture": "#texture"}
			}
		},
		{
			"name": "block",
			"from": [7.25, 9.25, 11.875],
			"to": [8.75, 9.375, 12.125],
			"faces": {
				"north": {"uv": [5, 1, 6, 2], "texture": "#texture"},
				"east": {"uv": [5, 1, 6, 2], "texture": "#texture"},
				"south": {"uv": [5, 1, 6, 2], "texture": "#texture"},
				"west": {"uv": [5, 1, 6, 2], "texture": "#texture"},
				"up": {"uv": [5, 1, 6, 2], "texture": "#texture"},
				"down": {"uv": [5, 1, 6, 2], "texture": "#texture"}
			}
		},
		{
			"name": "block",
			"from": [7.375, 7.375, 12.375],
			"to": [8.625, 7.5, 12.5],
			"faces": {
				"north": {"uv": [5, 1, 6, 2], "texture": "#texture"},
				"east": {"uv": [5, 1, 6, 2], "texture": "#texture"},
				"south": {"uv": [5, 1, 6, 2], "texture": "#texture"},
				"west": {"uv": [5, 1, 6, 2], "texture": "#texture"},
				"up": {"uv": [5, 1, 6, 2], "texture": "#texture"},
				"down": {"uv": [5, 1, 6, 2], "texture": "#texture"}
			}
		},
		{
			"name": "block",
			"from": [7.375, 8.75, 12.375],
			"to": [8.625, 8.875, 12.5],
			"faces": {
				"north": {"uv": [5, 1, 6, 2], "texture": "#texture"},
				"east": {"uv": [5, 1, 6, 2], "texture": "#texture"},
				"south": {"uv": [5, 1, 6, 2], "texture": "#texture"},
				"west": {"uv": [5, 1, 6, 2], "texture": "#texture"},
				"up": {"uv": [5, 1, 6, 2], "texture": "#texture"},
				"down": {"uv": [5, 1, 6, 2], "texture": "#texture"}
			}
		},
		{
			"name": "block",
			"from": [7.625, 5.75, 12],
			"to": [8.375, 6.125, 12.5],
			"faces": {
				"north": {"uv": [1, 1, 2, 2], "texture": "#texture"},
				"east": {"uv": [1, 1, 2, 2], "texture": "#texture"},
				"south": {"uv": [1, 1, 2, 2], "texture": "#texture"},
				"west": {"uv": [1, 1, 2, 2], "texture": "#texture"},
				"up": {"uv": [1, 1, 2, 2], "texture": "#texture"},
				"down": {"uv": [1, 1, 2, 2], "texture": "#texture"}
			}
		},
		{
			"name": "block",
			"from": [7.625, 6.125, 12.125],
			"to": [8.375, 7, 12.625],
			"faces": {
				"north": {"uv": [1, 1, 2, 2], "texture": "#texture"},
				"east": {"uv": [1, 1, 2, 2], "texture": "#texture"},
				"south": {"uv": [1, 1, 2, 2], "texture": "#texture"},
				"west": {"uv": [1, 1, 2, 2], "texture": "#texture"},
				"up": {"uv": [1, 1, 2, 2], "texture": "#texture"},
				"down": {"uv": [1, 1, 2, 2], "texture": "#texture"}
			}
		},
		{
			"name": "block",
			"from": [7.625, 7, 12.25],
			"to": [8.375, 7.125, 12.75],
			"faces": {
				"north": {"uv": [1, 1, 2, 2], "texture": "#texture"},
				"east": {"uv": [1, 1, 2, 2], "texture": "#texture"},
				"south": {"uv": [1, 1, 2, 2], "texture": "#texture"},
				"west": {"uv": [1, 1, 2, 2], "texture": "#texture"},
				"up": {"uv": [1, 1, 2, 2], "texture": "#texture"},
				"down": {"uv": [1, 1, 2, 2], "texture": "#texture"}
			}
		},
		{
			"name": "block",
			"from": [7.625, 7.125, 12.375],
			"to": [8.375, 7.375, 12.75],
			"faces": {
				"north": {"uv": [1, 1, 2, 2], "texture": "#texture"},
				"east": {"uv": [1, 1, 2, 2], "texture": "#texture"},
				"south": {"uv": [1, 1, 2, 2], "texture": "#texture"},
				"west": {"uv": [1, 1, 2, 2], "texture": "#texture"},
				"up": {"uv": [1, 1, 2, 2], "texture": "#texture"},
				"down": {"uv": [1, 1, 2, 2], "texture": "#texture"}
			}
		},
		{
			"name": "block",
			"from": [7.625, 7.375, 12.5],
			"to": [8.375, 7.75, 12.75],
			"faces": {
				"north": {"uv": [1, 1, 2, 2], "texture": "#texture"},
				"east": {"uv": [1, 1, 2, 2], "texture": "#texture"},
				"south": {"uv": [1, 1, 2, 2], "texture": "#texture"},
				"west": {"uv": [1, 1, 2, 2], "texture": "#texture"},
				"up": {"uv": [1, 1, 2, 2], "texture": "#texture"},
				"down": {"uv": [1, 1, 2, 2], "texture": "#texture"}
			}
		},
		{
			"name": "block",
			"from": [7.625, 7.75, 12.5],
			"to": [8.25, 9.875, 12.75],
			"faces": {
				"north": {"uv": [1, 1, 2, 2], "texture": "#texture"},
				"east": {"uv": [1, 1, 2, 2], "texture": "#texture"},
				"south": {"uv": [1, 1, 2, 2], "texture": "#texture"},
				"west": {"uv": [1, 1, 2, 2], "texture": "#texture"},
				"up": {"uv": [1, 1, 2, 2], "texture": "#texture"},
				"down": {"uv": [1, 1, 2, 2], "texture": "#texture"}
			}
		},
		{
			"name": "block",
			"from": [7.625, 8.875, 12.375],
			"to": [8.375, 9.5, 12.5],
			"faces": {
				"north": {"uv": [1, 1, 2, 2], "texture": "#texture"},
				"east": {"uv": [1, 1, 2, 2], "texture": "#texture"},
				"south": {"uv": [1, 1, 2, 2], "texture": "#texture"},
				"west": {"uv": [1, 1, 2, 2], "texture": "#texture"},
				"up": {"uv": [1, 1, 2, 2], "texture": "#texture"},
				"down": {"uv": [1, 1, 2, 2], "texture": "#texture"}
			}
		},
		{
			"name": "block",
			"from": [7.625, 9.5, 12.75],
			"to": [8.375, 9.875, 12.875],
			"faces": {
				"north": {"uv": [1, 1, 2, 2], "texture": "#texture"},
				"east": {"uv": [1, 1, 2, 2], "texture": "#texture"},
				"south": {"uv": [1, 1, 2, 2], "texture": "#texture"},
				"west": {"uv": [1, 1, 2, 2], "texture": "#texture"},
				"up": {"uv": [1, 1, 2, 2], "texture": "#texture"},
				"down": {"uv": [1, 1, 2, 2], "texture": "#texture"}
			}
		},
		{
			"name": "block",
			"from": [7.75, 9.875, 12.5],
			"to": [8.25, 10, 12.875],
			"faces": {
				"north": {"uv": [1, 1, 2, 2], "texture": "#texture"},
				"east": {"uv": [1, 1, 2, 2], "texture": "#texture"},
				"south": {"uv": [1, 1, 2, 2], "texture": "#texture"},
				"west": {"uv": [1, 1, 2, 2], "texture": "#texture"},
				"up": {"uv": [1, 1, 2, 2], "texture": "#texture"},
				"down": {"uv": [1, 1, 2, 2], "texture": "#texture"}
			}
		},
		{
			"name": "block",
			"from": [8.25, 7.75, 12.625],
			"to": [8.375, 9.875, 12.75],
			"faces": {
				"north": {"uv": [1, 1, 2, 2], "texture": "#texture"},
				"east": {"uv": [1, 1, 2, 2], "texture": "#texture"},
				"south": {"uv": [1, 1, 2, 2], "texture": "#texture"},
				"west": {"uv": [1, 1, 2, 2], "texture": "#texture"},
				"up": {"uv": [1, 1, 2, 2], "texture": "#texture"},
				"down": {"uv": [1, 1, 2, 2], "texture": "#texture"}
			}
		},
		{
			"name": "block",
			"from": [8.25, 7.875, 12.5],
			"to": [8.375, 9.875, 12.625],
			"faces": {
				"north": {"uv": [1, 1, 2, 2], "texture": "#texture"},
				"east": {"uv": [1, 1, 2, 2], "texture": "#texture"},
				"south": {"uv": [1, 1, 2, 2], "texture": "#texture"},
				"west": {"uv": [1, 1, 2, 2], "texture": "#texture"},
				"up": {"uv": [1, 1, 2, 2], "texture": "#texture"},
				"down": {"uv": [1, 1, 2, 2], "texture": "#texture"}
			}
		},
		{
			"name": "block",
			"from": [8.625, 7.375, 12.25],
			"to": [9, 7.5, 12.375],
			"faces": {
				"north": {"uv": [5, 1, 6, 2], "texture": "#texture"},
				"east": {"uv": [5, 1, 6, 2], "texture": "#texture"},
				"south": {"uv": [5, 1, 6, 2], "texture": "#texture"},
				"west": {"uv": [5, 1, 6, 2], "texture": "#texture"},
				"up": {"uv": [5, 1, 6, 2], "texture": "#texture"},
				"down": {"uv": [5, 1, 6, 2], "texture": "#texture"}
			}
		},
		{
			"name": "block",
			"from": [8.625, 8.75, 12.25],
			"to": [9, 8.875, 12.375],
			"faces": {
				"north": {"uv": [5, 1, 6, 2], "texture": "#texture"},
				"east": {"uv": [5, 1, 6, 2], "texture": "#texture"},
				"south": {"uv": [5, 1, 6, 2], "texture": "#texture"},
				"west": {"uv": [5, 1, 6, 2], "texture": "#texture"},
				"up": {"uv": [5, 1, 6, 2], "texture": "#texture"},
				"down": {"uv": [5, 1, 6, 2], "texture": "#texture"}
			}
		},
		{
			"name": "block",
			"from": [8.75, 7.125, 11.875],
			"to": [9.125, 7.25, 12.125],
			"faces": {
				"north": {"uv": [5, 1, 6, 2], "texture": "#texture"},
				"east": {"uv": [5, 1, 6, 2], "texture": "#texture"},
				"south": {"uv": [5, 1, 6, 2], "texture": "#texture"},
				"west": {"uv": [5, 1, 6, 2], "texture": "#texture"},
				"up": {"uv": [5, 1, 6, 2], "texture": "#texture"},
				"down": {"uv": [5, 1, 6, 2], "texture": "#texture"}
			}
		},
		{
			"name": "block",
			"from": [8.75, 7.125, 12.125],
			"to": [9, 7.25, 12.25],
			"faces": {
				"north": {"uv": [5, 1, 6, 2], "texture": "#texture"},
				"east": {"uv": [5, 1, 6, 2], "texture": "#texture"},
				"south": {"uv": [5, 1, 6, 2], "texture": "#texture"},
				"west": {"uv": [5, 1, 6, 2], "texture": "#texture"},
				"up": {"uv": [5, 1, 6, 2], "texture": "#texture"},
				"down": {"uv": [5, 1, 6, 2], "texture": "#texture"}
			}
		},
		{
			"name": "block",
			"from": [8.75, 7.25, 11.625],
			"to": [9, 7.375, 11.875],
			"faces": {
				"north": {"uv": [5, 1, 6, 2], "texture": "#texture"},
				"east": {"uv": [5, 1, 6, 2], "texture": "#texture"},
				"south": {"uv": [5, 1, 6, 2], "texture": "#texture"},
				"west": {"uv": [5, 1, 6, 2], "texture": "#texture"},
				"up": {"uv": [5, 1, 6, 2], "texture": "#texture"},
				"down": {"uv": [5, 1, 6, 2], "texture": "#texture"}
			}
		},
		{
			"name": "block",
			"from": [8.75, 7.5, 12.25],
			"to": [9, 8.75, 12.375],
			"faces": {
				"north": {"uv": [5, 1, 6, 2], "texture": "#texture"},
				"east": {"uv": [5, 1, 6, 2], "texture": "#texture"},
				"south": {"uv": [5, 1, 6, 2], "texture": "#texture"},
				"west": {"uv": [5, 1, 6, 2], "texture": "#texture"},
				"up": {"uv": [5, 1, 6, 2], "texture": "#texture"},
				"down": {"uv": [5, 1, 6, 2], "texture": "#texture"}
			}
		},
		{
			"name": "block",
			"from": [8.75, 8.875, 11.625],
			"to": [9, 9, 11.875],
			"faces": {
				"north": {"uv": [5, 1, 6, 2], "texture": "#texture"},
				"east": {"uv": [5, 1, 6, 2], "texture": "#texture"},
				"south": {"uv": [5, 1, 6, 2], "texture": "#texture"},
				"west": {"uv": [5, 1, 6, 2], "texture": "#texture"},
				"up": {"uv": [5, 1, 6, 2], "texture": "#texture"},
				"down": {"uv": [5, 1, 6, 2], "texture": "#texture"}
			}
		},
		{
			"name": "block",
			"from": [8.75, 9, 11.875],
			"to": [9.125, 9.125, 12.125],
			"faces": {
				"north": {"uv": [5, 1, 6, 2], "texture": "#texture"},
				"east": {"uv": [5, 1, 6, 2], "texture": "#texture"},
				"south": {"uv": [5, 1, 6, 2], "texture": "#texture"},
				"west": {"uv": [5, 1, 6, 2], "texture": "#texture"},
				"up": {"uv": [5, 1, 6, 2], "texture": "#texture"},
				"down": {"uv": [5, 1, 6, 2], "texture": "#texture"}
			}
		},
		{
			"name": "block",
			"from": [8.75, 9, 12.125],
			"to": [9, 9.125, 12.25],
			"faces": {
				"north": {"uv": [5, 1, 6, 2], "texture": "#texture"},
				"east": {"uv": [5, 1, 6, 2], "texture": "#texture"},
				"south": {"uv": [5, 1, 6, 2], "texture": "#texture"},
				"west": {"uv": [5, 1, 6, 2], "texture": "#texture"},
				"up": {"uv": [5, 1, 6, 2], "texture": "#texture"},
				"down": {"uv": [5, 1, 6, 2], "texture": "#texture"}
			}
		},
		{
			"name": "block",
			"from": [8.875, 7.25, 11.875],
			"to": [9.125, 7.375, 12.125],
			"faces": {
				"north": {"uv": [5, 1, 6, 2], "texture": "#texture"},
				"east": {"uv": [5, 1, 6, 2], "texture": "#texture"},
				"south": {"uv": [5, 1, 6, 2], "texture": "#texture"},
				"west": {"uv": [5, 1, 6, 2], "texture": "#texture"},
				"up": {"uv": [5, 1, 6, 2], "texture": "#texture"},
				"down": {"uv": [5, 1, 6, 2], "texture": "#texture"}
			}
		},
		{
			"name": "block",
			"from": [8.875, 7.25, 12.125],
			"to": [9, 7.375, 12.25],
			"faces": {
				"north": {"uv": [5, 1, 6, 2], "texture": "#texture"},
				"east": {"uv": [5, 1, 6, 2], "texture": "#texture"},
				"south": {"uv": [5, 1, 6, 2], "texture": "#texture"},
				"west": {"uv": [5, 1, 6, 2], "texture": "#texture"},
				"up": {"uv": [5, 1, 6, 2], "texture": "#texture"},
				"down": {"uv": [5, 1, 6, 2], "texture": "#texture"}
			}
		},
		{
			"name": "block",
			"from": [8.875, 7.375, 11.625],
			"to": [9.125, 8.875, 11.875],
			"faces": {
				"north": {"uv": [5, 1, 6, 2], "texture": "#texture"},
				"east": {"uv": [5, 1, 6, 2], "texture": "#texture"},
				"south": {"uv": [5, 1, 6, 2], "texture": "#texture"},
				"west": {"uv": [5, 1, 6, 2], "texture": "#texture"},
				"up": {"uv": [5, 1, 6, 2], "texture": "#texture"},
				"down": {"uv": [5, 1, 6, 2], "texture": "#texture"}
			}
		},
		{
			"name": "block",
			"from": [8.875, 8.875, 11.875],
			"to": [9.125, 9, 12.125],
			"faces": {
				"north": {"uv": [5, 1, 6, 2], "texture": "#texture"},
				"east": {"uv": [5, 1, 6, 2], "texture": "#texture"},
				"south": {"uv": [5, 1, 6, 2], "texture": "#texture"},
				"west": {"uv": [5, 1, 6, 2], "texture": "#texture"},
				"up": {"uv": [5, 1, 6, 2], "texture": "#texture"},
				"down": {"uv": [5, 1, 6, 2], "texture": "#texture"}
			}
		},
		{
			"name": "block",
			"from": [8.875, 8.875, 12.125],
			"to": [9, 9, 12.25],
			"faces": {
				"north": {"uv": [5, 1, 6, 2], "texture": "#texture"},
				"east": {"uv": [5, 1, 6, 2], "texture": "#texture"},
				"south": {"uv": [5, 1, 6, 2], "texture": "#texture"},
				"west": {"uv": [5, 1, 6, 2], "texture": "#texture"},
				"up": {"uv": [5, 1, 6, 2], "texture": "#texture"},
				"down": {"uv": [5, 1, 6, 2], "texture": "#texture"}
			}
		},
		{
			"name": "block",
			"from": [9, 7.375, 11.875],
			"to": [9.25, 8.875, 12.125],
			"faces": {
				"north": {"uv": [5, 1, 6, 2], "texture": "#texture"},
				"east": {"uv": [5, 1, 6, 2], "texture": "#texture"},
				"south": {"uv": [5, 1, 6, 2], "texture": "#texture"},
				"west": {"uv": [5, 1, 6, 2], "texture": "#texture"},
				"up": {"uv": [5, 1, 6, 2], "texture": "#texture"},
				"down": {"uv": [5, 1, 6, 2], "texture": "#texture"}
			}
		},
		{
			"name": "block",
			"from": [9, 7.375, 12.125],
			"to": [9.125, 8.875, 12.25],
			"faces": {
				"north": {"uv": [5, 1, 6, 2], "texture": "#texture"},
				"east": {"uv": [5, 1, 6, 2], "texture": "#texture"},
				"south": {"uv": [5, 1, 6, 2], "texture": "#texture"},
				"west": {"uv": [5, 1, 6, 2], "texture": "#texture"},
				"up": {"uv": [5, 1, 6, 2], "texture": "#texture"},
				"down": {"uv": [5, 1, 6, 2], "texture": "#texture"}
			}
		},
		{
			"name": "block",
			"from": [7.75, 8.25, 12.75],
			"to": [8.25, 8.625, 13],
			"faces": {
				"north": {"uv": [3, 0, 4, 1], "texture": "#texture"},
				"east": {"uv": [3, 0, 4, 1], "texture": "#texture"},
				"south": {"uv": [3, 0, 4, 1], "texture": "#texture"},
				"west": {"uv": [3, 0, 4, 1], "texture": "#texture"},
				"up": {"uv": [3, 0, 4, 1], "texture": "#texture"},
				"down": {"uv": [3, 0, 4, 1], "texture": "#texture"}
			}
		},
		{
			"name": "block",
			"from": [7.75, 8.5, 12.925],
			"to": [8.25, 9.25, 13.05],
			"faces": {
				"north": {"uv": [3, 0, 4, 1], "texture": "#texture"},
				"east": {"uv": [3, 0, 4, 1], "texture": "#texture"},
				"south": {"uv": [3, 0, 4, 1], "texture": "#texture"},
				"west": {"uv": [3, 0, 4, 1], "texture": "#texture"},
				"up": {"uv": [3, 0, 4, 1], "texture": "#texture"},
				"down": {"uv": [3, 0, 4, 1], "texture": "#texture"}
			}
		},
		{
			"name": "block",
			"from": [7.75, 8.625, 12.825],
			"to": [8.25, 9, 12.95],
			"faces": {
				"north": {"uv": [3, 0, 4, 1], "texture": "#texture"},
				"east": {"uv": [3, 0, 4, 1], "texture": "#texture"},
				"south": {"uv": [3, 0, 4, 1], "texture": "#texture"},
				"west": {"uv": [3, 0, 4, 1], "texture": "#texture"},
				"up": {"uv": [3, 0, 4, 1], "texture": "#texture"},
				"down": {"uv": [3, 0, 4, 1], "texture": "#texture"}
			}
		},
		{
			"name": "block",
			"from": [7.75, 8.875, 13],
			"to": [8.25, 9.375, 13.125],
			"faces": {
				"north": {"uv": [3, 0, 4, 1], "texture": "#texture"},
				"east": {"uv": [3, 0, 4, 1], "texture": "#texture"},
				"south": {"uv": [3, 0, 4, 1], "texture": "#texture"},
				"west": {"uv": [3, 0, 4, 1], "texture": "#texture"},
				"up": {"uv": [3, 0, 4, 1], "texture": "#texture"},
				"down": {"uv": [3, 0, 4, 1], "texture": "#texture"}
			}
		},
		{
			"name": "block",
			"from": [7.75, 9.25, 13.125],
			"to": [8.25, 9.375, 13.25],
			"faces": {
				"north": {"uv": [3, 0, 4, 1], "texture": "#texture"},
				"east": {"uv": [3, 0, 4, 1], "texture": "#texture"},
				"south": {"uv": [3, 0, 4, 1], "texture": "#texture"},
				"west": {"uv": [3, 0, 4, 1], "texture": "#texture"},
				"up": {"uv": [3, 0, 4, 1], "texture": "#texture"},
				"down": {"uv": [3, 0, 4, 1], "texture": "#texture"}
			}
		},
		{
			"name": "block",
			"from": [7.25, 9.125, -0.5],
			"to": [8.75, 9.625, 6.375],
			"faces": {
				"north": {"uv": [1, 0, 2, 1], "texture": "#texture"},
				"east": {"uv": [1, 0, 2, 1], "texture": "#texture"},
				"south": {"uv": [1, 0, 2, 1], "texture": "#texture"},
				"west": {"uv": [1, 0, 2, 1], "texture": "#texture"},
				"up": {"uv": [1, 0, 2, 1], "texture": "#texture"},
				"down": {"uv": [1, 0, 2, 1], "texture": "#texture"}
			}
		},
		{
			"name": "block",
			"from": [7, 7.875, -0.5],
			"to": [7.5, 9.375, 6.375],
			"faces": {
				"north": {"uv": [1, 0, 2, 1], "texture": "#texture"},
				"east": {"uv": [1, 0, 2, 1], "texture": "#texture"},
				"south": {"uv": [1, 0, 2, 1], "texture": "#texture"},
				"west": {"uv": [1, 0, 2, 1], "texture": "#texture"},
				"up": {"uv": [1, 0, 2, 1], "texture": "#texture"},
				"down": {"uv": [1, 0, 2, 1], "texture": "#texture"}
			}
		},
		{
			"name": "block",
			"from": [8.5, 7.875, -0.5],
			"to": [9, 9.375, 6.375],
			"faces": {
				"north": {"uv": [1, 0, 2, 1], "texture": "#texture"},
				"east": {"uv": [1, 0, 2, 1], "texture": "#texture"},
				"south": {"uv": [1, 0, 2, 1], "texture": "#texture"},
				"west": {"uv": [1, 0, 2, 1], "texture": "#texture"},
				"up": {"uv": [1, 0, 2, 1], "texture": "#texture"},
				"down": {"uv": [1, 0, 2, 1], "texture": "#texture"}
			}
		},
		{
			"name": "block",
			"from": [7.25, 7.625, -0.5],
			"to": [8.75, 8.125, 6.375],
			"faces": {
				"north": {"uv": [1, 0, 2, 1], "texture": "#texture"},
				"east": {"uv": [1, 0, 2, 1], "texture": "#texture"},
				"south": {"uv": [1, 0, 2, 1], "texture": "#texture"},
				"west": {"uv": [1, 0, 2, 1], "texture": "#texture"},
				"up": {"uv": [1, 0, 2, 1], "texture": "#texture"},
				"down": {"uv": [1, 0, 2, 1], "texture": "#texture"}
			}
		},
		{
			"name": "block",
			"from": [7.425, 7, 0.625],
			"to": [8.55, 7.375, 6.68359],
			"faces": {
				"north": {"uv": [1, 0, 2, 1], "texture": "#texture"},
				"east": {"uv": [1, 0, 2, 1], "texture": "#texture"},
				"south": {"uv": [1, 0, 2, 1], "texture": "#texture"},
				"west": {"uv": [1, 0, 2, 1], "texture": "#texture"},
				"up": {"uv": [1, 0, 2, 1], "texture": "#texture"},
				"down": {"uv": [1, 0, 2, 1], "texture": "#texture"}
			}
		},
		{
			"name": "block",
			"from": [7.25, 6.0625, 0.625],
			"to": [7.625, 7.1875, 6.68359],
			"faces": {
				"north": {"uv": [1, 0, 2, 1], "texture": "#texture"},
				"east": {"uv": [1, 0, 2, 1], "texture": "#texture"},
				"south": {"uv": [1, 0, 2, 1], "texture": "#texture"},
				"west": {"uv": [1, 0, 2, 1], "texture": "#texture"},
				"up": {"uv": [1, 0, 2, 1], "texture": "#texture"},
				"down": {"uv": [1, 0, 2, 1], "texture": "#texture"}
			}
		},
		{
			"name": "block",
			"from": [8.375, 6.0625, 0.625],
			"to": [8.75, 7.1875, 6.68359],
			"faces": {
				"north": {"uv": [1, 0, 2, 1], "texture": "#texture"},
				"east": {"uv": [1, 0, 2, 1], "texture": "#texture"},
				"south": {"uv": [1, 0, 2, 1], "texture": "#texture"},
				"west": {"uv": [1, 0, 2, 1], "texture": "#texture"},
				"up": {"uv": [1, 0, 2, 1], "texture": "#texture"},
				"down": {"uv": [1, 0, 2, 1], "texture": "#texture"}
			}
		},
		{
			"name": "block",
			"from": [7.425, 5.875, 0.625],
			"to": [8.55, 6.25, 6.68359],
			"faces": {
				"north": {"uv": [1, 0, 2, 1], "texture": "#texture"},
				"east": {"uv": [1, 0, 2, 1], "texture": "#texture"},
				"south": {"uv": [1, 0, 2, 1], "texture": "#texture"},
				"west": {"uv": [1, 0, 2, 1], "texture": "#texture"},
				"up": {"uv": [1, 0, 2, 1], "texture": "#texture"},
				"down": {"uv": [1, 0, 2, 1], "texture": "#texture"}
			}
		},
		{
			"name": "block",
			"from": [7.875, 9.625, 0.25],
			"to": [8.125, 10, 1.125],
			"faces": {
				"north": {"uv": [1, 1, 2, 2], "texture": "#texture"},
				"east": {"uv": [1, 1, 2, 2], "texture": "#texture"},
				"south": {"uv": [1, 1, 2, 2], "texture": "#texture"},
				"west": {"uv": [1, 1, 2, 2], "texture": "#texture"},
				"up": {"uv": [1, 1, 2, 2], "texture": "#texture"},
				"down": {"uv": [1, 1, 2, 2], "texture": "#texture"}
			}
		},
		{
			"name": "block",
			"from": [7.875, 10, 0.375],
			"to": [8.125, 10.25, 1.125],
			"faces": {
				"north": {"uv": [1, 1, 2, 2], "texture": "#texture"},
				"east": {"uv": [1, 1, 2, 2], "texture": "#texture"},
				"south": {"uv": [1, 1, 2, 2], "texture": "#texture"},
				"west": {"uv": [1, 1, 2, 2], "texture": "#texture"},
				"up": {"uv": [1, 1, 2, 2], "texture": "#texture"},
				"down": {"uv": [1, 1, 2, 2], "texture": "#texture"}
			}
		},
		{
			"name": "block",
			"from": [7.875, 10.25, 0.5],
			"to": [8.125, 10.375, 1.125],
			"faces": {
				"north": {"uv": [1, 1, 2, 2], "texture": "#texture"},
				"east": {"uv": [1, 1, 2, 2], "texture": "#texture"},
				"south": {"uv": [1, 1, 2, 2], "texture": "#texture"},
				"west": {"uv": [1, 1, 2, 2], "texture": "#texture"},
				"up": {"uv": [1, 1, 2, 2], "texture": "#texture"},
				"down": {"uv": [1, 1, 2, 2], "texture": "#texture"}
			}
		},
		{
			"name": "block",
			"from": [7.875, 10.375, 0.75],
			"to": [8.125, 10.5, 1.125],
			"faces": {
				"north": {"uv": [1, 1, 2, 2], "texture": "#texture"},
				"east": {"uv": [1, 1, 2, 2], "texture": "#texture"},
				"south": {"uv": [1, 1, 2, 2], "texture": "#texture"},
				"west": {"uv": [1, 1, 2, 2], "texture": "#texture"},
				"up": {"uv": [1, 1, 2, 2], "texture": "#texture"},
				"down": {"uv": [1, 1, 2, 2], "texture": "#texture"}
			}
		},
		{
			"name": "block",
			"from": [7.375, 7.125, 2.125],
			"to": [8.625, 7.5, 2.625],
			"faces": {
				"north": {"uv": [2, 0, 3, 1], "texture": "#texture"},
				"east": {"uv": [2, 0, 3, 1], "texture": "#texture"},
				"south": {"uv": [2, 0, 3, 1], "texture": "#texture"},
				"west": {"uv": [2, 0, 3, 1], "texture": "#texture"},
				"up": {"uv": [2, 0, 3, 1], "texture": "#texture"},
				"down": {"uv": [2, 0, 3, 1], "texture": "#texture"}
			}
		},
		{
			"name": "block",
			"from": [7.375, 5.75, 2.125],
			"to": [8.625, 6.125, 2.625],
			"faces": {
				"north": {"uv": [2, 0, 3, 1], "texture": "#texture"},
				"east": {"uv": [2, 0, 3, 1], "texture": "#texture"},
				"south": {"uv": [2, 0, 3, 1], "texture": "#texture"},
				"west": {"uv": [2, 0, 3, 1], "texture": "#texture"},
				"up": {"uv": [2, 0, 3, 1], "texture": "#texture"},
				"down": {"uv": [2, 0, 3, 1], "texture": "#texture"}
			}
		},
		{
			"name": "block",
			"from": [7.125, 6, 2.125],
			"to": [7.5, 7.25, 2.625],
			"faces": {
				"north": {"uv": [2, 0, 3, 1], "texture": "#texture"},
				"east": {"uv": [2, 0, 3, 1], "texture": "#texture"},
				"south": {"uv": [2, 0, 3, 1], "texture": "#texture"},
				"west": {"uv": [2, 0, 3, 1], "texture": "#texture"},
				"up": {"uv": [2, 0, 3, 1], "texture": "#texture"},
				"down": {"uv": [2, 0, 3, 1], "texture": "#texture"}
			}
		},
		{
			"name": "block",
			"from": [8.5, 6, 2.125],
			"to": [8.875, 7.25, 2.625],
			"faces": {
				"north": {"uv": [2, 0, 3, 1], "texture": "#texture"},
				"east": {"uv": [2, 0, 3, 1], "texture": "#texture"},
				"south": {"uv": [2, 0, 3, 1], "texture": "#texture"},
				"west": {"uv": [2, 0, 3, 1], "texture": "#texture"},
				"up": {"uv": [2, 0, 3, 1], "texture": "#texture"},
				"down": {"uv": [2, 0, 3, 1], "texture": "#texture"}
			}
		},
		{
			"name": "block",
			"from": [7, 5.125, 12.625],
			"to": [9, 5.3, 12.825],
			"faces": {
				"north": {"uv": [0, 0, 1, 1], "texture": "#texture"},
				"east": {"uv": [0, 0, 1, 1], "texture": "#texture"},
				"south": {"uv": [0, 0, 1, 1], "texture": "#texture"},
				"west": {"uv": [0, 0, 1, 1], "texture": "#texture"},
				"up": {"uv": [0, 0, 1, 1], "texture": "#texture"},
				"down": {"uv": [0, 0, 1, 1], "texture": "#texture"}
			}
		}
	],
	"display": {
		"thirdperson_righthand": {
			"translation": [0, 2, -1.5],
			"scale": [0.5, 0.5, 0.5]
		},
		"thirdperson_lefthand": {
			"translation": [0, 2, -1.5],
			"scale": [0.5, 0.5, 0.5]
		},
		"firstperson_righthand": {
			"rotation": [26, 21, 0],
			"translation": [0, 4.25, -2.75],
			"scale": [0.9, 0.9, 0.9]
		},
		"firstperson_lefthand": {
			"rotation": [26, -13, 0],
			"translation": [1, 3.75, -1.25],
			"scale": [0.9, 0.9, 0.9]
		},
		"ground": {
			"rotation": [0, 0, 83],
			"scale": [0.5, 0.5, 0.5]
		},
		"gui": {
			"rotation": [13, 118, 6],
			"translation": [0, 2, 0],
			"scale": [0.85, 0.85, 0.85]
		},
		"head": {
			"rotation": [0, 90, 0],
			"translation": [13, 1, 0],
			"scale": [0.75, 0.75, 0.75]
		},
		"fixed": {
			"rotation": [90, 45, -90],
			"translation": [1, 2.25, 0]
		}
	}
}