{
	"credit": "Made with Blockbench",
	"textures": {
		"0": "./gusmask",
		"particle": "./gusmask"
	},
	"elements": [
		{
			"from": [4, 0, 3],
			"to": [12, 3, 5],
			"rotation": {"angle": 0, "axis": "y", "origin": [11, 8, 11]},
			"faces": {
				"north": {"uv": [8, 0, 16, 3], "texture": "#0"},
				"east": {"uv": [15, 3, 16, 6], "texture": "#0"},
				"south": {"uv": [8, 0, 16, 3], "texture": "#0"},
				"west": {"uv": [15, 3, 16, 6], "texture": "#0"},
				"up": {"uv": [0, 15, 8, 16], "texture": "#0"},
				"down": {"uv": [0, 15, 8, 16], "texture": "#0"}
			}
		},
		{
			"from": [7.5, -3.75, 4.5],
			"to": [8.5, -1.75, 5.5],
			"rotation": {"angle": 22.5, "axis": "x", "origin": [11, 4.25, 12.5]},
			"faces": {
				"north": {"uv": [0, 0, 1, 2], "texture": "#0"},
				"east": {"uv": [0, 0, 1, 2], "texture": "#0"},
				"south": {"uv": [0, 0, 1, 2], "texture": "#0"},
				"west": {"uv": [0, 0, 1, 2], "texture": "#0"},
				"up": {"uv": [0, 0, 1, 1], "texture": "#0"},
				"down": {"uv": [0, 0, 1, 1], "texture": "#0"}
			}
		},
		{
			"from": [3.5, 0, 7],
			"to": [5.5, 1, 8],
			"rotation": {"angle": -22.5, "axis": "y", "origin": [15.5, -7, 3.5]},
			"faces": {
				"north": {"uv": [0, 0, 1, 2], "rotation": 270, "texture": "#0"},
				"east": {"uv": [0, 0, 1, 1], "texture": "#0"},
				"south": {"uv": [0, 0, 1, 2], "rotation": 90, "texture": "#0"},
				"west": {"uv": [0, 0, 1, 1], "rotation": 180, "texture": "#0"},
				"up": {"uv": [0, 0, 1, 2], "rotation": 90, "texture": "#0"},
				"down": {"uv": [0, 0, 1, 2], "rotation": 90, "texture": "#0"}
			}
		},
		{
			"from": [6.5, -9.75, 4.5],
			"to": [9.5, -6.75, 7.5],
			"rotation": {"angle": 45, "axis": "x", "origin": [11, 0.25, 13.5]},
			"faces": {
				"north": {"uv": [13, 13, 16, 16], "texture": "#0"},
				"east": {"uv": [13, 13, 16, 16], "texture": "#0"},
				"south": {"uv": [13, 13, 16, 16], "texture": "#0"},
				"west": {"uv": [13, 13, 16, 16], "texture": "#0"},
				"up": {"uv": [13, 13, 16, 16], "texture": "#0"},
				"down": {"uv": [13, 13, 16, 16], "texture": "#0"}
			}
		},
		{
			"from": [1.5, -1, 6],
			"to": [4.5, 2, 9],
			"rotation": {"angle": -22.5, "axis": "y", "origin": [15.5, -7, 3.5]},
			"faces": {
				"north": {"uv": [13, 13, 16, 16], "rotation": 270, "texture": "#0"},
				"east": {"uv": [13, 13, 16, 16], "texture": "#0"},
				"south": {"uv": [13, 13, 16, 16], "rotation": 90, "texture": "#0"},
				"west": {"uv": [13, 13, 16, 16], "rotation": 180, "texture": "#0"},
				"up": {"uv": [13, 13, 16, 16], "rotation": 90, "texture": "#0"},
				"down": {"uv": [13, 13, 16, 16], "rotation": 90, "texture": "#0"}
			}
		},
		{
			"from": [4, 5, 4],
			"to": [12, 8, 5],
			"rotation": {"angle": 0, "axis": "y", "origin": [11, 12, 12]},
			"faces": {
				"north": {"uv": [8, 0, 16, 3], "texture": "#0"},
				"east": {"uv": [15, 3, 16, 6], "texture": "#0"},
				"south": {"uv": [8, 0, 16, 3], "texture": "#0"},
				"west": {"uv": [15, 3, 16, 6], "texture": "#0"},
				"up": {"uv": [0, 15, 8, 16], "texture": "#0"},
				"down": {"uv": [0, 15, 8, 16], "texture": "#0"}
			}
		},
		{
			"from": [7, 8, 5],
			"to": [9, 9, 13],
			"rotation": {"angle": 0, "axis": "y", "origin": [11, 13, 13]},
			"faces": {
				"north": {"uv": [0, 0, 2, 1], "texture": "#0"},
				"east": {"uv": [0, 0, 8, 1], "texture": "#0"},
				"south": {"uv": [0, 0, 2, 1], "texture": "#0"},
				"west": {"uv": [0, 0, 8, 1], "texture": "#0"},
				"up": {"uv": [0, 0, 2, 8], "texture": "#0"},
				"down": {"uv": [0, 0, 2, 8], "texture": "#0"}
			}
		},
		{
			"from": [11, 3, 4],
			"to": [12, 5, 5],
			"rotation": {"angle": 0, "axis": "y", "origin": [11, 9, 12]},
			"faces": {
				"north": {"uv": [14, 0, 16, 2], "texture": "#0"},
				"east": {"uv": [10, 0, 11, 2], "texture": "#0"},
				"south": {"uv": [14, 1, 16, 3], "texture": "#0"},
				"west": {"uv": [8, 0, 9, 2], "texture": "#0"},
				"up": {"uv": [11, 2, 13, 3], "texture": "#0"},
				"down": {"uv": [14, 2, 16, 3], "texture": "#0"}
			}
		},
		{
			"from": [12, 3, 5],
			"to": [13, 5, 13],
			"rotation": {"angle": 0, "axis": "y", "origin": [12, 9, 13]},
			"faces": {
				"north": {"uv": [0, 0, 1, 2], "texture": "#0"},
				"east": {"uv": [0, 0, 8, 2], "texture": "#0"},
				"south": {"uv": [0, 0, 1, 2], "texture": "#0"},
				"west": {"uv": [0, 0, 8, 2], "texture": "#0"},
				"up": {"uv": [0, 0, 1, 8], "texture": "#0"},
				"down": {"uv": [0, 0, 1, 8], "texture": "#0"}
			}
		},
		{
			"from": [3, 3, 5],
			"to": [4, 5, 13],
			"rotation": {"angle": 0, "axis": "y", "origin": [3, 9, 13]},
			"faces": {
				"north": {"uv": [0, 0, 1, 2], "texture": "#0"},
				"east": {"uv": [0, 0, 8, 2], "texture": "#0"},
				"south": {"uv": [0, 0, 1, 2], "texture": "#0"},
				"west": {"uv": [0, 0, 8, 2], "texture": "#0"},
				"up": {"uv": [0, 0, 1, 8], "texture": "#0"},
				"down": {"uv": [0, 0, 1, 8], "texture": "#0"}
			}
		},
		{
			"from": [7, 3, 4],
			"to": [9, 5, 5],
			"rotation": {"angle": 0, "axis": "y", "origin": [8, 9, 12]},
			"faces": {
				"north": {"uv": [14, 0, 16, 2], "texture": "#0"},
				"east": {"uv": [10, 0, 11, 2], "texture": "#0"},
				"south": {"uv": [14, 1, 16, 3], "texture": "#0"},
				"west": {"uv": [8, 0, 9, 2], "texture": "#0"},
				"up": {"uv": [11, 2, 13, 3], "texture": "#0"},
				"down": {"uv": [14, 2, 16, 3], "texture": "#0"}
			}
		},
		{
			"from": [5, 3, 4],
			"to": [7, 5, 5],
			"rotation": {"angle": 0, "axis": "y", "origin": [6, 9, 12]},
			"faces": {
				"north": {"uv": [14, 6, 16, 8], "texture": "#0"},
				"east": {"uv": [15, 6, 16, 8], "texture": "#0"},
				"south": {"uv": [14, 6, 16, 8], "texture": "#0"},
				"west": {"uv": [15, 6, 16, 8], "texture": "#0"},
				"up": {"uv": [14, 6, 16, 7], "texture": "#0"},
				"down": {"uv": [14, 6, 16, 7], "texture": "#0"}
			}
		},
		{
			"from": [9, 3, 4],
			"to": [11, 5, 5],
			"rotation": {"angle": 0, "axis": "y", "origin": [10, 9, 12]},
			"faces": {
				"north": {"uv": [14, 6, 16, 8], "texture": "#0"},
				"east": {"uv": [15, 6, 16, 8], "texture": "#0"},
				"south": {"uv": [14, 6, 16, 8], "texture": "#0"},
				"west": {"uv": [15, 6, 16, 8], "texture": "#0"},
				"up": {"uv": [14, 6, 16, 7], "texture": "#0"},
				"down": {"uv": [14, 6, 16, 7], "texture": "#0"}
			}
		},
		{
			"from": [7, 5, 13],
			"to": [9, 8, 14],
			"rotation": {"angle": 0, "axis": "y", "origin": [8, 11, 21]},
			"faces": {
				"north": {"uv": [0, 0, 2, 3], "texture": "#0"},
				"east": {"uv": [0, 0, 1, 3], "texture": "#0"},
				"south": {"uv": [0, 0, 2, 3], "texture": "#0"},
				"west": {"uv": [0, 0, 1, 3], "texture": "#0"},
				"up": {"uv": [0, 0, 2, 1], "texture": "#0"},
				"down": {"uv": [0, 0, 2, 1], "texture": "#0"}
			}
		},
		{
			"from": [4, 3, 13],
			"to": [12, 5, 14],
			"rotation": {"angle": 0, "axis": "y", "origin": [8, 9, 21]},
			"faces": {
				"north": {"uv": [0, 2, 8, 4], "texture": "#0"},
				"east": {"uv": [0, 0, 1, 2], "texture": "#0"},
				"south": {"uv": [0, 2, 8, 4], "texture": "#0"},
				"west": {"uv": [0, 0, 1, 2], "texture": "#0"},
				"up": {"uv": [0, 2, 8, 3], "texture": "#0"},
				"down": {"uv": [0, 3, 8, 4], "texture": "#0"}
			}
		},
		{
			"from": [4, 3, 4],
			"to": [5, 5, 5],
			"rotation": {"angle": 0, "axis": "y", "origin": [4, 9, 12]},
			"faces": {
				"north": {"uv": [14, 0, 16, 2], "texture": "#0"},
				"east": {"uv": [10, 0, 11, 2], "texture": "#0"},
				"south": {"uv": [14, 1, 16, 3], "texture": "#0"},
				"west": {"uv": [8, 0, 9, 2], "texture": "#0"},
				"up": {"uv": [11, 2, 13, 3], "texture": "#0"},
				"down": {"uv": [14, 2, 16, 3], "texture": "#0"}
			}
		}
	],
	"display": {
		"thirdperson_righthand": {
			"rotation": [0, -123, 0],
			"translation": [-1, 1, -2.25],
			"scale": [0.75, 0.75, 0.75]
		},
		"thirdperson_lefthand": {
			"rotation": [0, -122, 0],
			"translation": [-1, 1, -2.5],
			"scale": [0.75, 0.75, 0.75]
		},
		"firstperson_righthand": {
			"rotation": [-18, -143, 0],
			"translation": [-2.5, 7.75, 0],
			"scale": [1, 1, 0.81]
		},
		"firstperson_lefthand": {
			"rotation": [-17.75, -141, 0],
			"translation": [-1.75, 7, 0],
			"scale": [1, 1, 0.86]
		},
		"ground": {
			"translation": [0, 7.75, 0]
		},
		"gui": {
			"rotation": [16, 158, 0],
			"translation": [0, 5, 0]
		},
		"head": {
			"translation": [0, 6.5, -1.5],
			"scale": [1.61, 1.61, 1.61]
		},
		"fixed": {
			"rotation": [-24, 0, 0],
			"translation": [1.25, 7.25, 0],
			"scale": [1.6, 1.6, 1.6]
		}
	}
}