{
	"credit": "Made with Blockbench",
	"textures": {
		"0": "./siga",
		"particle": "./siga"
	},
	"elements": [
		{
			"from": [7, 0, 8],
			"to": [8, 5, 9],
			"rotation": {"angle": 0, "axis": "y", "origin": [15, 8, 16]},
			"faces": {
				"north": {"uv": [0, 0, 1, 5], "texture": "#0"},
				"east": {"uv": [0, 0, 1, 5], "texture": "#0"},
				"south": {"uv": [0, 0, 1, 5], "texture": "#0"},
				"west": {"uv": [0, 0, 1, 5], "texture": "#0"},
				"up": {"uv": [0, 0, 1, 1], "texture": "#0"},
				"down": {"uv": [0, 3, 1, 4], "texture": "#0"}
			}
		},
		{
			"from": [7.75, 4.75, 8.5],
			"to": [11.75, 5.75, 8.5],
			"rotation": {"angle": 0, "axis": "y", "origin": [15.75, 12.75, 15.5]},
			"faces": {
				"north": {"uv": [12, 0, 16, 1], "texture": "#0"},
				"east": {"uv": [0, 0, 0, 1], "texture": "#0"},
				"south": {"uv": [12, 0, 16, 1], "texture": "#0"},
				"west": {"uv": [-1, 0, 0, 1], "texture": "#0"},
				"up": {"uv": [0, 0, 4, 0], "texture": "#0"},
				"down": {"uv": [0, 0, 4, 0], "texture": "#0"}
			}
		},
		{
			"from": [10.75, 5.75, 8.5],
			"to": [16.75, 6.75, 8.5],
			"rotation": {"angle": 0, "axis": "y", "origin": [18.75, 13.75, 15.5]},
			"faces": {
				"north": {"uv": [12, 0, 16, 1], "texture": "#0"},
				"east": {"uv": [0, 0, 0, 1], "texture": "#0"},
				"south": {"uv": [12, 0, 16, 1], "texture": "#0"},
				"west": {"uv": [-1, 0, 0, 1], "texture": "#0"},
				"up": {"uv": [0, 0, 6, 0], "texture": "#0"},
				"down": {"uv": [0, 0, 6, 0], "texture": "#0"}
			}
		},
		{
			"from": [13.75, 6.75, 8.5],
			"to": [16.75, 7.75, 8.5],
			"rotation": {"angle": 0, "axis": "y", "origin": [19.75, 14.75, 15.5]},
			"faces": {
				"north": {"uv": [12, 0, 16, 1], "texture": "#0"},
				"east": {"uv": [0, 0, 0, 1], "texture": "#0"},
				"south": {"uv": [12, 0, 16, 1], "texture": "#0"},
				"west": {"uv": [-1, 0, 0, 1], "texture": "#0"},
				"up": {"uv": [0, 0, 3, 0], "texture": "#0"},
				"down": {"uv": [0, 0, 3, 0], "texture": "#0"}
			}
		},
		{
			"from": [12.75, 4.75, 8.5],
			"to": [15.75, 5.75, 8.5],
			"rotation": {"angle": 0, "axis": "y", "origin": [18.75, 12.75, 15.5]},
			"faces": {
				"north": {"uv": [12, 0, 16, 1], "texture": "#0"},
				"east": {"uv": [0, 0, 0, 1], "texture": "#0"},
				"south": {"uv": [12, 0, 16, 1], "texture": "#0"},
				"west": {"uv": [-1, 0, 0, 1], "texture": "#0"},
				"up": {"uv": [0, 0, 3, 0], "texture": "#0"},
				"down": {"uv": [0, 0, 3, 0], "texture": "#0"}
			}
		},
		{
			"from": [12.75, 7.75, 8.5],
			"to": [14.75, 8.75, 8.5],
			"rotation": {"angle": 0, "axis": "y", "origin": [17.75, 15.75, 15.5]},
			"faces": {
				"north": {"uv": [12, 0, 16, 1], "texture": "#0"},
				"east": {"uv": [0, 0, 0, 1], "texture": "#0"},
				"south": {"uv": [12, 0, 16, 1], "texture": "#0"},
				"west": {"uv": [-1, 0, 0, 1], "texture": "#0"},
				"up": {"uv": [0, 0, 2, 0], "texture": "#0"},
				"down": {"uv": [0, 0, 2, 0], "texture": "#0"}
			}
		}
	],
	"display": {
		"thirdperson_righthand": {
			"rotation": [-30, -81, 0],
			"translation": [0.5, 5.5, -2.25]
		},
		"thirdperson_lefthand": {
			"rotation": [-30, 100, 11],
			"translation": [0.5, 6.75, -1.25]
		},
		"firstperson_righthand": {
			"rotation": [-78, -67, 0],
			"translation": [-4, 6, 2.5],
			"scale": [0.8, 0.7, 0.8]
		},
		"firstperson_lefthand": {
			"rotation": [-78, -160, 17],
			"translation": [-3, 5.75, 2.5],
			"scale": [0.68, 0.7, 0.8]
		},
		"ground": {
			"rotation": [-90, -83, 0],
			"translation": [0, -1.5, -6]
		},
		"gui": {
			"rotation": [39, 41.5, 89.25],
			"translation": [-3.75, -1.5, 0]
		},
		"head": {
			"rotation": [-82.75, -93, 12],
			"translation": [-0.25, -4.5, -14.75],
			"scale": [1.15, 1.15, 1.15]
		},
		"fixed": {
			"rotation": [0, 87, 0],
			"translation": [-0.75, 7.75, -1.25],
			"scale": [1.4, 1.4, 1.4]
		}
	}
}