{
    "credit": "Made with Mr_JSPA", 
    "textures": {
        "main": "./sigara"
    }, 
    "elements": [
        {
            "from": [ 7, 0, 6 ], 
            "to":   [ 8, 1, 11 ], 
            "faces": {
                "north": { "uv": [ 0.5, 0, 0.75, 0.25 ], "texture": "#main" }, 
                "east":  { "uv": [ 0.5, 0.75, 1.75, 1 ], "texture": "#main" }, 
                "south": { "uv": [ 0.5, 0.25, 0.75, 0.5 ], "texture": "#main" }, 
                "west":  { "uv": [ 0.5, 0.5, 1.75, 0.75 ], "texture": "#main" }, 
                "up":    { "uv": [ 0, 0, 0.25, 1.25 ], "texture": "#main" }, 
                "down":  { "uv": [ 0.25, 0, 0.5, 1.25 ], "texture": "#main" }
            }
        }, 
        {
            "from": [ 7.5, 1.5, 6 ], 
            "to":   [ 7.5, 3.5, 7 ], 
            "faces": {
                "north": { "uv": [ 0, 0, 0, 0.5 ], "texture": "#main" }, 
                "east":  { "uv": [ 3.5, 0, 3.75, 0.5 ], "texture": "#main" }, 
                "south": { "uv": [ 0, 0, 0, 0.5 ], "texture": "#main" }, 
                "west":  { "uv": [ 3.75, 0, 4, 0.5 ], "texture": "#main" }, 
                "up":    { "uv": [ 0, 0, 0, 0.25 ], "texture": "#main" }, 
                "down":  { "uv": [ 0, 0, 0, 0.25 ], "texture": "#main" }
            }
        }, 
        {
            "from": [ 7.5, 3.5, 5.5 ], 
            "to":   [ 7.5, 6.5, 6.5 ], 
            "faces": {
                "north": { "uv": [ 0, 0, 0, 0.75 ], "texture": "#main" }, 
                "east":  { "uv": [ 3.5, 0, 3.75, 0.75 ], "texture": "#main" }, 
                "south": { "uv": [ 0, 0, 0, 0.75 ], "texture": "#main" }, 
                "west":  { "uv": [ 3.75, 0, 4, 0.75 ], "texture": "#main" }, 
                "up":    { "uv": [ 0, 0, 0, 0.25 ], "texture": "#main" }, 
                "down":  { "uv": [ 0, 0, 0, 0.25 ], "texture": "#main" }
            }
        }, 
        {
            "from": [ 7.5, 5, 6.5 ], 
            "to":   [ 7.5, 8, 7.5 ], 
            "faces": {
                "north": { "uv": [ 0, 0, 0, 0.75 ], "texture": "#main" }, 
                "east":  { "uv": [ 3.5, 0, 3.75, 0.75 ], "texture": "#main" }, 
                "south": { "uv": [ 0, 0, 0, 0.75 ], "texture": "#main" }, 
                "west":  { "uv": [ 3.75, 0, 4, 0.75 ], "texture": "#main" }, 
                "up":    { "uv": [ 0, 0, 0, 0.25 ], "texture": "#main" }, 
                "down":  { "uv": [ 0, 0, 0, 0.25 ], "texture": "#main" }
            }
        }, 
        {
            "from": [ 7.5, 0.5, 5.5 ], 
            "to":   [ 7.5, 1.5, 6.5 ], 
            "faces": {
                "north": { "uv": [ 0, 0, 0, 0.25 ], "texture": "#main" }, 
                "east":  { "uv": [ 3.5, 0, 3.75, 0.25 ], "texture": "#main" }, 
                "south": { "uv": [ 0, 0, 0, 0.25 ], "texture": "#main" }, 
                "west":  { "uv": [ 3.75, 0, 4, 0.25 ], "texture": "#main" }, 
                "up":    { "uv": [ 0, 0, 0, 0.25 ], "texture": "#main" }, 
                "down":  { "uv": [ 0, 0, 0, 0.25 ], "texture": "#main" }
            }
        }, 
        {
            "from": [ 7, 0, 6 ], 
            "to":   [ 8, 1, 11 ], 
            "faces": {
                "north": { "uv": [ 4.5, 0, 4.75, 0.25 ], "texture": "#main" }, 
                "east":  { "uv": [ 4.5, 0.75, 5.75, 1 ], "texture": "#main" }, 
                "south": { "uv": [ 4.5, 0.25, 4.75, 0.5 ], "texture": "#main" }, 
                "west":  { "uv": [ 4.5, 0.5, 5.75, 0.75 ], "texture": "#main" }, 
                "up":    { "uv": [ 4, 0, 4.25, 1.25 ], "texture": "#main" }, 
                "down":  { "uv": [ 4.25, 0, 4.5, 1.25 ], "texture": "#main" }
            }
        }, 
        {
            "from": [ 7.5, 2, 5.5 ], 
            "to":   [ 7.5, 4, 6.5 ], 
            "faces": {
                "north": { "uv": [ 4, 0, 4, 0.5 ], "texture": "#main" }, 
                "east":  { "uv": [ 7.5, 0, 7.75, 0.5 ], "texture": "#main" }, 
                "south": { "uv": [ 4, 0, 4, 0.5 ], "texture": "#main" }, 
                "west":  { "uv": [ 7.75, 0, 8, 0.5 ], "texture": "#main" }, 
                "up":    { "uv": [ 4, 0, 4, 0.25 ], "texture": "#main" }, 
                "down":  { "uv": [ 4, 0, 4, 0.25 ], "texture": "#main" }
            }
        }, 
        {
            "from": [ 7.5, 4, 6 ], 
            "to":   [ 7.5, 7, 7 ], 
            "faces": {
                "north": { "uv": [ 4, 0, 4, 0.75 ], "texture": "#main" }, 
                "east":  { "uv": [ 7.5, 0, 7.75, 0.75 ], "texture": "#main" }, 
                "south": { "uv": [ 4, 0, 4, 0.75 ], "texture": "#main" }, 
                "west":  { "uv": [ 7.75, 0, 8, 0.75 ], "texture": "#main" }, 
                "up":    { "uv": [ 4, 0, 4, 0.25 ], "texture": "#main" }, 
                "down":  { "uv": [ 4, 0, 4, 0.25 ], "texture": "#main" }
            }
        }, 
        {
            "from": [ 7.5, 5.5, 6.25 ], 
            "to":   [ 7.5, 8.5, 7.25 ], 
            "faces": {
                "north": { "uv": [ 4, 0, 4, 0.75 ], "texture": "#main" }, 
                "east":  { "uv": [ 7.5, 0, 7.75, 0.75 ], "texture": "#main" }, 
                "south": { "uv": [ 4, 0, 4, 0.75 ], "texture": "#main" }, 
                "west":  { "uv": [ 7.75, 0, 8, 0.75 ], "texture": "#main" }, 
                "up":    { "uv": [ 4, 0, 4, 0.25 ], "texture": "#main" }, 
                "down":  { "uv": [ 4, 0, 4, 0.25 ], "texture": "#main" }
            }
        }, 
        {
            "from": [ 7.5, 1, 6 ], 
            "to":   [ 7.5, 2, 7 ], 
            "faces": {
                "north": { "uv": [ 4, 0, 4, 0.25 ], "texture": "#main" }, 
                "east":  { "uv": [ 7.5, 0, 7.75, 0.25 ], "texture": "#main" }, 
                "south": { "uv": [ 4, 0, 4, 0.25 ], "texture": "#main" }, 
                "west":  { "uv": [ 7.75, 0, 8, 0.25 ], "texture": "#main" }, 
                "up":    { "uv": [ 4, 0, 4, 0.25 ], "texture": "#main" }, 
                "down":  { "uv": [ 4, 0, 4, 0.25 ], "texture": "#main" }
            }
        }, 
        {
            "from": [ 7, 0, 6 ], 
            "to":   [ 8, 1, 11 ], 
            "faces": {
                "north": { "uv": [ 8.5, 0, 8.75, 0.25 ], "texture": "#main" }, 
                "east":  { "uv": [ 8.5, 0.75, 9.75, 1 ], "texture": "#main" }, 
                "south": { "uv": [ 8.5, 0.25, 8.75, 0.5 ], "texture": "#main" }, 
                "west":  { "uv": [ 8.5, 0.5, 9.75, 0.75 ], "texture": "#main" }, 
                "up":    { "uv": [ 8, 0, 8.25, 1.25 ], "texture": "#main" }, 
                "down":  { "uv": [ 8.25, 0, 8.5, 1.25 ], "texture": "#main" }
            }
        }, 
        {
            "from": [ 7.5, 2.75, 5.75 ], 
            "to":   [ 7.5, 4.75, 6.75 ], 
            "faces": {
                "north": { "uv": [ 8, 0, 8, 0.5 ], "texture": "#main" }, 
                "east":  { "uv": [ 11.5, 0, 11.75, 0.5 ], "texture": "#main" }, 
                "south": { "uv": [ 8, 0, 8, 0.5 ], "texture": "#main" }, 
                "west":  { "uv": [ 11.75, 0, 12, 0.5 ], "texture": "#main" }, 
                "up":    { "uv": [ 8, 0, 8, 0.25 ], "texture": "#main" }, 
                "down":  { "uv": [ 8, 0, 8, 0.25 ], "texture": "#main" }
            }
        }, 
        {
            "from": [ 7.5, 4.75, 5.25 ], 
            "to":   [ 7.5, 7.75, 6.25 ], 
            "faces": {
                "north": { "uv": [ 8, 0, 8, 0.75 ], "texture": "#main" }, 
                "east":  { "uv": [ 11.5, 0, 11.75, 0.75 ], "texture": "#main" }, 
                "south": { "uv": [ 8, 0, 8, 0.75 ], "texture": "#main" }, 
                "west":  { "uv": [ 11.75, 0, 12, 0.75 ], "texture": "#main" }, 
                "up":    { "uv": [ 8, 0, 8, 0.25 ], "texture": "#main" }, 
                "down":  { "uv": [ 8, 0, 8, 0.25 ], "texture": "#main" }
            }
        }, 
        {
            "from": [ 7.5, 5.75, 5.75 ], 
            "to":   [ 7.5, 8.75, 6.75 ], 
            "faces": {
                "north": { "uv": [ 8, 0, 8, 0.75 ], "texture": "#main" }, 
                "east":  { "uv": [ 11.5, 0, 11.75, 0.75 ], "texture": "#main" }, 
                "south": { "uv": [ 8, 0, 8, 0.75 ], "texture": "#main" }, 
                "west":  { "uv": [ 11.75, 0, 12, 0.75 ], "texture": "#main" }, 
                "up":    { "uv": [ 8, 0, 8, 0.25 ], "texture": "#main" }, 
                "down":  { "uv": [ 8, 0, 8, 0.25 ], "texture": "#main" }
            }
        }, 
        {
            "from": [ 7.5, 1.75, 5.25 ], 
            "to":   [ 7.5, 2.75, 6.25 ], 
            "faces": {
                "north": { "uv": [ 8, 0, 8, 0.25 ], "texture": "#main" }, 
                "east":  { "uv": [ 11.5, 0, 11.75, 0.25 ], "texture": "#main" }, 
                "south": { "uv": [ 8, 0, 8, 0.25 ], "texture": "#main" }, 
                "west":  { "uv": [ 11.75, 0, 12, 0.25 ], "texture": "#main" }, 
                "up":    { "uv": [ 8, 0, 8, 0.25 ], "texture": "#main" }, 
                "down":  { "uv": [ 8, 0, 8, 0.25 ], "texture": "#main" }
            }
        }, 
        {
            "from": [ 7.5, 1, 5.5 ], 
            "to":   [ 7.5, 2, 6.5 ], 
            "faces": {
                "north": { "uv": [ 8, 0, 8, 0.25 ], "texture": "#main" }, 
                "east":  { "uv": [ 11.5, 0, 11.75, 0.25 ], "texture": "#main" }, 
                "south": { "uv": [ 8, 0, 8, 0.25 ], "texture": "#main" }, 
                "west":  { "uv": [ 11.75, 0, 12, 0.25 ], "texture": "#main" }, 
                "up":    { "uv": [ 8, 0, 8, 0.25 ], "texture": "#main" }, 
                "down":  { "uv": [ 8, 0, 8, 0.25 ], "texture": "#main" }
            }
        }, 
        {
            "from": [ 7, 0, 6 ], 
            "to":   [ 8, 1, 11 ], 
            "faces": {
                "north": { "uv": [ 12.5, 0, 12.75, 0.25 ], "texture": "#main" }, 
                "east":  { "uv": [ 12.5, 0.75, 13.75, 1 ], "texture": "#main" }, 
                "south": { "uv": [ 12.5, 0.25, 12.75, 0.5 ], "texture": "#main" }, 
                "west":  { "uv": [ 12.5, 0.5, 13.75, 0.75 ], "texture": "#main" }, 
                "up":    { "uv": [ 12, 0, 12.25, 1.25 ], "texture": "#main" }, 
                "down":  { "uv": [ 12.25, 0, 12.5, 1.25 ], "texture": "#main" }
            }
        }, 
        {
            "from": [ 7.5, 3.75, 5.75 ], 
            "to":   [ 7.5, 5.75, 6.75 ], 
            "faces": {
                "north": { "uv": [ 12, 0, 12, 0.5 ], "texture": "#main" }, 
                "east":  { "uv": [ 15.5, 0, 15.75, 0.5 ], "texture": "#main" }, 
                "south": { "uv": [ 12, 0, 12, 0.5 ], "texture": "#main" }, 
                "west":  { "uv": [ 15.75, 0, 16, 0.5 ], "texture": "#main" }, 
                "up":    { "uv": [ 12, 0, 12, 0.25 ], "texture": "#main" }, 
                "down":  { "uv": [ 12, 0, 12, 0.25 ], "texture": "#main" }
            }
        }, 
        {
            "from": [ 7.5, 5.75, 5.25 ], 
            "to":   [ 7.5, 8.75, 6.25 ], 
            "faces": {
                "north": { "uv": [ 12, 0, 12, 0.75 ], "texture": "#main" }, 
                "east":  { "uv": [ 15.5, 0, 15.75, 0.75 ], "texture": "#main" }, 
                "south": { "uv": [ 12, 0, 12, 0.75 ], "texture": "#main" }, 
                "west":  { "uv": [ 15.75, 0, 16, 0.75 ], "texture": "#main" }, 
                "up":    { "uv": [ 12, 0, 12, 0.25 ], "texture": "#main" }, 
                "down":  { "uv": [ 12, 0, 12, 0.25 ], "texture": "#main" }
            }
        }, 
        {
            "from": [ 7.5, 2.75, 5.25 ], 
            "to":   [ 7.5, 3.75, 6.25 ], 
            "faces": {
                "north": { "uv": [ 12, 0, 12, 0.25 ], "texture": "#main" }, 
                "east":  { "uv": [ 15.5, 0, 15.75, 0.25 ], "texture": "#main" }, 
                "south": { "uv": [ 12, 0, 12, 0.25 ], "texture": "#main" }, 
                "west":  { "uv": [ 15.75, 0, 16, 0.25 ], "texture": "#main" }, 
                "up":    { "uv": [ 12, 0, 12, 0.25 ], "texture": "#main" }, 
                "down":  { "uv": [ 12, 0, 12, 0.25 ], "texture": "#main" }
            }
        }, 
        {
            "from": [ 7.5, 1, 5.5 ], 
            "to":   [ 7.5, 3, 6.5 ], 
            "faces": {
                "north": { "uv": [ 12, 0, 12, 0.25 ], "texture": "#main" }, 
                "east":  { "uv": [ 15.5, 0, 15.75, 0.25 ], "texture": "#main" }, 
                "south": { "uv": [ 12, 0, 12, 0.25 ], "texture": "#main" }, 
                "west":  { "uv": [ 15.75, 0, 16, 0.25 ], "texture": "#main" }, 
                "up":    { "uv": [ 12, 0, 12, 0.25 ], "texture": "#main" }, 
                "down":  { "uv": [ 12, 0, 12, 0.25 ], "texture": "#main" }
            }
        }, 
        {
            "from": [ 7, 0, 7 ], 
            "to":   [ 8, 1, 11 ], 
            "faces": {
                "north": { "uv": [ 0.5, 4, 0.75, 4.25 ], "texture": "#main" }, 
                "east":  { "uv": [ 0.5, 6.25, 1.5, 6.5 ], "texture": "#main" }, 
                "south": { "uv": [ 0.5, 4.25, 0.75, 4.5 ], "texture": "#main" }, 
                "west":  { "uv": [ 0.5, 6, 1.5, 6.25 ], "texture": "#main" }, 
                "up":    { "uv": [ 0, 6, 0.25, 7 ], "texture": "#main" }, 
                "down":  { "uv": [ 0.25, 6, 0.5, 7 ], "texture": "#main" }
            }
        }, 
        {
            "from": [ 7.5, 1.5, 7 ], 
            "to":   [ 7.5, 3.5, 8 ], 
            "faces": {
                "north": { "uv": [ 0, 4, 0, 4.5 ], "texture": "#main" }, 
                "east":  { "uv": [ 3.5, 4, 3.75, 4.5 ], "texture": "#main" }, 
                "south": { "uv": [ 0, 4, 0, 4.5 ], "texture": "#main" }, 
                "west":  { "uv": [ 3.75, 4, 4, 4.5 ], "texture": "#main" }, 
                "up":    { "uv": [ 0, 4, 0, 4.25 ], "texture": "#main" }, 
                "down":  { "uv": [ 0, 4, 0, 4.25 ], "texture": "#main" }
            }
        }, 
        {
            "from": [ 7.5, 3.5, 6.5 ], 
            "to":   [ 7.5, 6.5, 7.5 ], 
            "faces": {
                "north": { "uv": [ 0, 4, 0, 4.75 ], "texture": "#main" }, 
                "east":  { "uv": [ 3.5, 4, 3.75, 4.75 ], "texture": "#main" }, 
                "south": { "uv": [ 0, 4, 0, 4.75 ], "texture": "#main" }, 
                "west":  { "uv": [ 3.75, 4, 4, 4.75 ], "texture": "#main" }, 
                "up":    { "uv": [ 0, 4, 0, 4.25 ], "texture": "#main" }, 
                "down":  { "uv": [ 0, 4, 0, 4.25 ], "texture": "#main" }
            }
        }, 
        {
            "from": [ 7.5, 5, 7.5 ], 
            "to":   [ 7.5, 8, 8.5 ], 
            "faces": {
                "north": { "uv": [ 0, 4, 0, 4.75 ], "texture": "#main" }, 
                "east":  { "uv": [ 3.5, 4, 3.75, 4.75 ], "texture": "#main" }, 
                "south": { "uv": [ 0, 4, 0, 4.75 ], "texture": "#main" }, 
                "west":  { "uv": [ 3.75, 4, 4, 4.75 ], "texture": "#main" }, 
                "up":    { "uv": [ 0, 4, 0, 4.25 ], "texture": "#main" }, 
                "down":  { "uv": [ 0, 4, 0, 4.25 ], "texture": "#main" }
            }
        }, 
        {
            "from": [ 7.5, 0.5, 6.5 ], 
            "to":   [ 7.5, 1.5, 7.5 ], 
            "faces": {
                "north": { "uv": [ 0, 4, 0, 4.25 ], "texture": "#main" }, 
                "east":  { "uv": [ 3.5, 4, 3.75, 4.25 ], "texture": "#main" }, 
                "south": { "uv": [ 0, 4, 0, 4.25 ], "texture": "#main" }, 
                "west":  { "uv": [ 3.75, 4, 4, 4.25 ], "texture": "#main" }, 
                "up":    { "uv": [ 0, 4, 0, 4.25 ], "texture": "#main" }, 
                "down":  { "uv": [ 0, 4, 0, 4.25 ], "texture": "#main" }
            }
        }, 
        {
            "from": [ 7, 0, 7 ], 
            "to":   [ 8, 1, 11 ], 
            "faces": {
                "north": { "uv": [ 4.5, 4, 4.75, 4.25 ], "texture": "#main" }, 
                "east":  { "uv": [ 4.5, 6.25, 5.5, 6.5 ], "texture": "#main" }, 
                "south": { "uv": [ 4.5, 4.25, 4.75, 4.5 ], "texture": "#main" }, 
                "west":  { "uv": [ 4.5, 6, 5.5, 6.25 ], "texture": "#main" }, 
                "up":    { "uv": [ 4, 6, 4.25, 7 ], "texture": "#main" }, 
                "down":  { "uv": [ 4.25, 6, 4.5, 7 ], "texture": "#main" }
            }
        }, 
        {
            "from": [ 7.5, 2, 6.5 ], 
            "to":   [ 7.5, 4, 7.5 ], 
            "faces": {
                "north": { "uv": [ 4, 4, 4, 4.5 ], "texture": "#main" }, 
                "east":  { "uv": [ 7.5, 4, 7.75, 4.5 ], "texture": "#main" }, 
                "south": { "uv": [ 4, 4, 4, 4.5 ], "texture": "#main" }, 
                "west":  { "uv": [ 7.75, 4, 8, 4.5 ], "texture": "#main" }, 
                "up":    { "uv": [ 4, 4, 4, 4.25 ], "texture": "#main" }, 
                "down":  { "uv": [ 4, 4, 4, 4.25 ], "texture": "#main" }
            }
        }, 
        {
            "from": [ 7.5, 4, 7 ], 
            "to":   [ 7.5, 7, 8 ], 
            "faces": {
                "north": { "uv": [ 4, 4, 4, 4.75 ], "texture": "#main" }, 
                "east":  { "uv": [ 7.5, 4, 7.75, 4.75 ], "texture": "#main" }, 
                "south": { "uv": [ 4, 4, 4, 4.75 ], "texture": "#main" }, 
                "west":  { "uv": [ 7.75, 4, 8, 4.75 ], "texture": "#main" }, 
                "up":    { "uv": [ 4, 4, 4, 4.25 ], "texture": "#main" }, 
                "down":  { "uv": [ 4, 4, 4, 4.25 ], "texture": "#main" }
            }
        }, 
        {
            "from": [ 7.5, 5.5, 7.25 ], 
            "to":   [ 7.5, 8.5, 8.25 ], 
            "faces": {
                "north": { "uv": [ 4, 4, 4, 4.75 ], "texture": "#main" }, 
                "east":  { "uv": [ 7.5, 4, 7.75, 4.75 ], "texture": "#main" }, 
                "south": { "uv": [ 4, 4, 4, 4.75 ], "texture": "#main" }, 
                "west":  { "uv": [ 7.75, 4, 8, 4.75 ], "texture": "#main" }, 
                "up":    { "uv": [ 4, 4, 4, 4.25 ], "texture": "#main" }, 
                "down":  { "uv": [ 4, 4, 4, 4.25 ], "texture": "#main" }
            }
        }, 
        {
            "from": [ 7.5, 1, 7 ], 
            "to":   [ 7.5, 2, 8 ], 
            "faces": {
                "north": { "uv": [ 4, 4, 4, 4.25 ], "texture": "#main" }, 
                "east":  { "uv": [ 7.5, 4, 7.75, 4.25 ], "texture": "#main" }, 
                "south": { "uv": [ 4, 4, 4, 4.25 ], "texture": "#main" }, 
                "west":  { "uv": [ 7.75, 4, 8, 4.25 ], "texture": "#main" }, 
                "up":    { "uv": [ 4, 4, 4, 4.25 ], "texture": "#main" }, 
                "down":  { "uv": [ 4, 4, 4, 4.25 ], "texture": "#main" }
            }
        }, 
        {
            "from": [ 7, 0, 7 ], 
            "to":   [ 8, 1, 11 ], 
            "faces": {
                "north": { "uv": [ 8.5, 4, 8.75, 4.25 ], "texture": "#main" }, 
                "east":  { "uv": [ 8.5, 6.25, 9.5, 6.5 ], "texture": "#main" }, 
                "south": { "uv": [ 8.5, 4.25, 8.75, 4.5 ], "texture": "#main" }, 
                "west":  { "uv": [ 8.5, 6, 9.5, 6.25 ], "texture": "#main" }, 
                "up":    { "uv": [ 8, 6, 8.25, 7 ], "texture": "#main" }, 
                "down":  { "uv": [ 8.25, 6, 8.5, 7 ], "texture": "#main" }
            }
        }, 
        {
            "from": [ 7.5, 2.75, 6.75 ], 
            "to":   [ 7.5, 4.75, 7.75 ], 
            "faces": {
                "north": { "uv": [ 8, 4, 8, 4.5 ], "texture": "#main" }, 
                "east":  { "uv": [ 11.5, 4, 11.75, 4.5 ], "texture": "#main" }, 
                "south": { "uv": [ 8, 4, 8, 4.5 ], "texture": "#main" }, 
                "west":  { "uv": [ 11.75, 4, 12, 4.5 ], "texture": "#main" }, 
                "up":    { "uv": [ 8, 4, 8, 4.25 ], "texture": "#main" }, 
                "down":  { "uv": [ 8, 4, 8, 4.25 ], "texture": "#main" }
            }
        }, 
        {
            "from": [ 7.5, 4.75, 6.25 ], 
            "to":   [ 7.5, 7.75, 7.25 ], 
            "faces": {
                "north": { "uv": [ 8, 4, 8, 4.75 ], "texture": "#main" }, 
                "east":  { "uv": [ 11.5, 4, 11.75, 4.75 ], "texture": "#main" }, 
                "south": { "uv": [ 8, 4, 8, 4.75 ], "texture": "#main" }, 
                "west":  { "uv": [ 11.75, 4, 12, 4.75 ], "texture": "#main" }, 
                "up":    { "uv": [ 8, 4, 8, 4.25 ], "texture": "#main" }, 
                "down":  { "uv": [ 8, 4, 8, 4.25 ], "texture": "#main" }
            }
        }, 
        {
            "from": [ 7.5, 5.75, 6.75 ], 
            "to":   [ 7.5, 8.75, 7.75 ], 
            "faces": {
                "north": { "uv": [ 8, 4, 8, 4.75 ], "texture": "#main" }, 
                "east":  { "uv": [ 11.5, 4, 11.75, 4.75 ], "texture": "#main" }, 
                "south": { "uv": [ 8, 4, 8, 4.75 ], "texture": "#main" }, 
                "west":  { "uv": [ 11.75, 4, 12, 4.75 ], "texture": "#main" }, 
                "up":    { "uv": [ 8, 4, 8, 4.25 ], "texture": "#main" }, 
                "down":  { "uv": [ 8, 4, 8, 4.25 ], "texture": "#main" }
            }
        }, 
        {
            "from": [ 7.5, 1.75, 6.25 ], 
            "to":   [ 7.5, 2.75, 7.25 ], 
            "faces": {
                "north": { "uv": [ 8, 4, 8, 4.25 ], "texture": "#main" }, 
                "east":  { "uv": [ 11.5, 4, 11.75, 4.25 ], "texture": "#main" }, 
                "south": { "uv": [ 8, 4, 8, 4.25 ], "texture": "#main" }, 
                "west":  { "uv": [ 11.75, 4, 12, 4.25 ], "texture": "#main" }, 
                "up":    { "uv": [ 8, 4, 8, 4.25 ], "texture": "#main" }, 
                "down":  { "uv": [ 8, 4, 8, 4.25 ], "texture": "#main" }
            }
        }, 
        {
            "from": [ 7.5, 1, 6.5 ], 
            "to":   [ 7.5, 2, 7.5 ], 
            "faces": {
                "north": { "uv": [ 8, 4, 8, 4.25 ], "texture": "#main" }, 
                "east":  { "uv": [ 11.5, 4, 11.75, 4.25 ], "texture": "#main" }, 
                "south": { "uv": [ 8, 4, 8, 4.25 ], "texture": "#main" }, 
                "west":  { "uv": [ 11.75, 4, 12, 4.25 ], "texture": "#main" }, 
                "up":    { "uv": [ 8, 4, 8, 4.25 ], "texture": "#main" }, 
                "down":  { "uv": [ 8, 4, 8, 4.25 ], "texture": "#main" }
            }
        }, 
        {
            "from": [ 7, 0, 7 ], 
            "to":   [ 8, 1, 11 ], 
            "faces": {
                "north": { "uv": [ 12.5, 4, 12.75, 4.25 ], "texture": "#main" }, 
                "east":  { "uv": [ 12.5, 6.25, 13.5, 6.5 ], "texture": "#main" }, 
                "south": { "uv": [ 12.5, 4.25, 12.75, 4.5 ], "texture": "#main" }, 
                "west":  { "uv": [ 12.5, 6, 13.5, 6.25 ], "texture": "#main" }, 
                "up":    { "uv": [ 12, 6, 12.25, 7 ], "texture": "#main" }, 
                "down":  { "uv": [ 12.25, 6, 12.5, 7 ], "texture": "#main" }
            }
        }, 
        {
            "from": [ 7.5, 3.75, 6.75 ], 
            "to":   [ 7.5, 5.75, 7.75 ], 
            "faces": {
                "north": { "uv": [ 12, 4, 12, 4.5 ], "texture": "#main" }, 
                "east":  { "uv": [ 15.5, 4, 15.75, 4.5 ], "texture": "#main" }, 
                "south": { "uv": [ 12, 4, 12, 4.5 ], "texture": "#main" }, 
                "west":  { "uv": [ 15.75, 4, 16, 4.5 ], "texture": "#main" }, 
                "up":    { "uv": [ 12, 4, 12, 4.25 ], "texture": "#main" }, 
                "down":  { "uv": [ 12, 4, 12, 4.25 ], "texture": "#main" }
            }
        }, 
        {
            "from": [ 7.5, 5.75, 6.25 ], 
            "to":   [ 7.5, 8.75, 7.25 ], 
            "faces": {
                "north": { "uv": [ 12, 4, 12, 4.75 ], "texture": "#main" }, 
                "east":  { "uv": [ 15.5, 4, 15.75, 4.75 ], "texture": "#main" }, 
                "south": { "uv": [ 12, 4, 12, 4.75 ], "texture": "#main" }, 
                "west":  { "uv": [ 15.75, 4, 16, 4.75 ], "texture": "#main" }, 
                "up":    { "uv": [ 12, 4, 12, 4.25 ], "texture": "#main" }, 
                "down":  { "uv": [ 12, 4, 12, 4.25 ], "texture": "#main" }
            }
        }, 
        {
            "from": [ 7.5, 2.75, 6.25 ], 
            "to":   [ 7.5, 3.75, 7.25 ], 
            "faces": {
                "north": { "uv": [ 12, 4, 12, 4.25 ], "texture": "#main" }, 
                "east":  { "uv": [ 15.5, 4, 15.75, 4.25 ], "texture": "#main" }, 
                "south": { "uv": [ 12, 4, 12, 4.25 ], "texture": "#main" }, 
                "west":  { "uv": [ 15.75, 4, 16, 4.25 ], "texture": "#main" }, 
                "up":    { "uv": [ 12, 4, 12, 4.25 ], "texture": "#main" }, 
                "down":  { "uv": [ 12, 4, 12, 4.25 ], "texture": "#main" }
            }
        }, 
        {
            "from": [ 7.5, 1, 6.5 ], 
            "to":   [ 7.5, 3, 7.5 ], 
            "faces": {
                "north": { "uv": [ 12, 4, 12, 4.25 ], "texture": "#main" }, 
                "east":  { "uv": [ 15.5, 4, 15.75, 4.25 ], "texture": "#main" }, 
                "south": { "uv": [ 12, 4, 12, 4.25 ], "texture": "#main" }, 
                "west":  { "uv": [ 15.75, 4, 16, 4.25 ], "texture": "#main" }, 
                "up":    { "uv": [ 12, 4, 12, 4.25 ], "texture": "#main" }, 
                "down":  { "uv": [ 12, 4, 12, 4.25 ], "texture": "#main" }
            }
        }, 
        {
            "from": [ 7, 0, 8 ], 
            "to":   [ 8, 1, 11 ], 
            "faces": {
                "north": { "uv": [ 0.5, 9.75, 0.75, 10 ], "texture": "#main" }, 
                "east":  { "uv": [ 0.5, 9.25, 1.25, 9.5 ], "texture": "#main" }, 
                "south": { "uv": [ 0.5, 9.5, 0.75, 9.75 ], "texture": "#main" }, 
                "west":  { "uv": [ 0.5, 9, 1.25, 9.25 ], "texture": "#main" }, 
                "up":    { "uv": [ 0, 9.25, 0.25, 10 ], "texture": "#main" }, 
                "down":  { "uv": [ 0.25, 9.25, 0.5, 10 ], "texture": "#main" }
            }
        }, 
        {
            "from": [ 7.5, 1.5, 8 ], 
            "to":   [ 7.5, 3.5, 9 ], 
            "faces": {
                "north": { "uv": [ 0, 8, 0, 8.5 ], "texture": "#main" }, 
                "east":  { "uv": [ 3.5, 8, 3.75, 8.5 ], "texture": "#main" }, 
                "south": { "uv": [ 0, 8, 0, 8.5 ], "texture": "#main" }, 
                "west":  { "uv": [ 3.75, 8, 4, 8.5 ], "texture": "#main" }, 
                "up":    { "uv": [ 0, 8, 0, 8.25 ], "texture": "#main" }, 
                "down":  { "uv": [ 0, 8, 0, 8.25 ], "texture": "#main" }
            }
        }, 
        {
            "from": [ 7.5, 3.5, 7.5 ], 
            "to":   [ 7.5, 6.5, 8.5 ], 
            "faces": {
                "north": { "uv": [ 0, 8, 0, 8.75 ], "texture": "#main" }, 
                "east":  { "uv": [ 3.5, 8, 3.75, 8.75 ], "texture": "#main" }, 
                "south": { "uv": [ 0, 8, 0, 8.75 ], "texture": "#main" }, 
                "west":  { "uv": [ 3.75, 8, 4, 8.75 ], "texture": "#main" }, 
                "up":    { "uv": [ 0, 8, 0, 8.25 ], "texture": "#main" }, 
                "down":  { "uv": [ 0, 8, 0, 8.25 ], "texture": "#main" }
            }
        }, 
        {
            "from": [ 7.5, 5, 8.5 ], 
            "to":   [ 7.5, 8, 9.5 ], 
            "faces": {
                "north": { "uv": [ 0, 8, 0, 8.75 ], "texture": "#main" }, 
                "east":  { "uv": [ 3.5, 8, 3.75, 8.75 ], "texture": "#main" }, 
                "south": { "uv": [ 0, 8, 0, 8.75 ], "texture": "#main" }, 
                "west":  { "uv": [ 3.75, 8, 4, 8.75 ], "texture": "#main" }, 
                "up":    { "uv": [ 0, 8, 0, 8.25 ], "texture": "#main" }, 
                "down":  { "uv": [ 0, 8, 0, 8.25 ], "texture": "#main" }
            }
        }, 
        {
            "from": [ 7.5, 0.5, 7.5 ], 
            "to":   [ 7.5, 1.5, 8.5 ], 
            "faces": {
                "north": { "uv": [ 0, 8, 0, 8.25 ], "texture": "#main" }, 
                "east":  { "uv": [ 3.5, 8, 3.75, 8.25 ], "texture": "#main" }, 
                "south": { "uv": [ 0, 8, 0, 8.25 ], "texture": "#main" }, 
                "west":  { "uv": [ 3.75, 8, 4, 8.25 ], "texture": "#main" }, 
                "up":    { "uv": [ 0, 8, 0, 8.25 ], "texture": "#main" }, 
                "down":  { "uv": [ 0, 8, 0, 8.25 ], "texture": "#main" }
            }
        }, 
        {
            "from": [ 7, 0, 8 ], 
            "to":   [ 8, 1, 11 ], 
            "faces": {
                "north": { "uv": [ 4.5, 9.5, 4.75, 9.75 ], "texture": "#main" }, 
                "east":  { "uv": [ 4.5, 9.25, 5.25, 9.5 ], "texture": "#main" }, 
                "south": { "uv": [ 4.5, 9.75, 4.75, 10 ], "texture": "#main" }, 
                "west":  { "uv": [ 4.5, 9, 5.25, 9.25 ], "texture": "#main" }, 
                "up":    { "uv": [ 4, 9.25, 4.25, 10 ], "texture": "#main" }, 
                "down":  { "uv": [ 4.25, 9.25, 4.5, 10 ], "texture": "#main" }
            }
        }, 
        {
            "from": [ 7.5, 2, 7.5 ], 
            "to":   [ 7.5, 4, 8.5 ], 
            "faces": {
                "north": { "uv": [ 4, 8, 4, 8.5 ], "texture": "#main" }, 
                "east":  { "uv": [ 7.5, 8, 7.75, 8.5 ], "texture": "#main" }, 
                "south": { "uv": [ 4, 8, 4, 8.5 ], "texture": "#main" }, 
                "west":  { "uv": [ 7.75, 8, 8, 8.5 ], "texture": "#main" }, 
                "up":    { "uv": [ 4, 8, 4, 8.25 ], "texture": "#main" }, 
                "down":  { "uv": [ 4, 8, 4, 8.25 ], "texture": "#main" }
            }
        }, 
        {
            "from": [ 7.5, 4, 8 ], 
            "to":   [ 7.5, 7, 9 ], 
            "faces": {
                "north": { "uv": [ 4, 8, 4, 8.75 ], "texture": "#main" }, 
                "east":  { "uv": [ 7.5, 8, 7.75, 8.75 ], "texture": "#main" }, 
                "south": { "uv": [ 4, 8, 4, 8.75 ], "texture": "#main" }, 
                "west":  { "uv": [ 7.75, 8, 8, 8.75 ], "texture": "#main" }, 
                "up":    { "uv": [ 4, 8, 4, 8.25 ], "texture": "#main" }, 
                "down":  { "uv": [ 4, 8, 4, 8.25 ], "texture": "#main" }
            }
        }, 
        {
            "from": [ 7.5, 5.5, 8.25 ], 
            "to":   [ 7.5, 8.5, 9.25 ], 
            "faces": {
                "north": { "uv": [ 4, 8, 4, 8.75 ], "texture": "#main" }, 
                "east":  { "uv": [ 7.5, 8, 7.75, 8.75 ], "texture": "#main" }, 
                "south": { "uv": [ 4, 8, 4, 8.75 ], "texture": "#main" }, 
                "west":  { "uv": [ 7.75, 8, 8, 8.75 ], "texture": "#main" }, 
                "up":    { "uv": [ 4, 8, 4, 8.25 ], "texture": "#main" }, 
                "down":  { "uv": [ 4, 8, 4, 8.25 ], "texture": "#main" }
            }
        }, 
        {
            "from": [ 7.5, 1, 8 ], 
            "to":   [ 7.5, 2, 9 ], 
            "faces": {
                "north": { "uv": [ 4, 8, 4, 8.25 ], "texture": "#main" }, 
                "east":  { "uv": [ 7.5, 8, 7.75, 8.25 ], "texture": "#main" }, 
                "south": { "uv": [ 4, 8, 4, 8.25 ], "texture": "#main" }, 
                "west":  { "uv": [ 7.75, 8, 8, 8.25 ], "texture": "#main" }, 
                "up":    { "uv": [ 4, 8, 4, 8.25 ], "texture": "#main" }, 
                "down":  { "uv": [ 4, 8, 4, 8.25 ], "texture": "#main" }
            }
        }, 
        {
            "from": [ 7, 0, 8 ], 
            "to":   [ 8, 1, 11 ], 
            "faces": {
                "north": { "uv": [ 8.5, 9.5, 8.75, 9.75 ], "texture": "#main" }, 
                "east":  { "uv": [ 8.5, 9.25, 9.25, 9.5 ], "texture": "#main" }, 
                "south": { "uv": [ 8.5, 9.75, 8.75, 10 ], "texture": "#main" }, 
                "west":  { "uv": [ 8.5, 9, 9.25, 9.25 ], "texture": "#main" }, 
                "up":    { "uv": [ 8, 9.25, 8.25, 10 ], "texture": "#main" }, 
                "down":  { "uv": [ 8.25, 9.25, 8.5, 10 ], "texture": "#main" }
            }
        }, 
        {
            "from": [ 7.5, 2.75, 7.75 ], 
            "to":   [ 7.5, 4.75, 8.75 ], 
            "faces": {
                "north": { "uv": [ 8, 8, 8, 8.5 ], "texture": "#main" }, 
                "east":  { "uv": [ 11.5, 8, 11.75, 8.5 ], "texture": "#main" }, 
                "south": { "uv": [ 8, 8, 8, 8.5 ], "texture": "#main" }, 
                "west":  { "uv": [ 11.75, 8, 12, 8.5 ], "texture": "#main" }, 
                "up":    { "uv": [ 8, 8, 8, 8.25 ], "texture": "#main" }, 
                "down":  { "uv": [ 8, 8, 8, 8.25 ], "texture": "#main" }
            }
        }, 
        {
            "from": [ 7.5, 4.75, 7.25 ], 
            "to":   [ 7.5, 7.75, 8.25 ], 
            "faces": {
                "north": { "uv": [ 8, 8, 8, 8.75 ], "texture": "#main" }, 
                "east":  { "uv": [ 11.5, 8, 11.75, 8.75 ], "texture": "#main" }, 
                "south": { "uv": [ 8, 8, 8, 8.75 ], "texture": "#main" }, 
                "west":  { "uv": [ 11.75, 8, 12, 8.75 ], "texture": "#main" }, 
                "up":    { "uv": [ 8, 8, 8, 8.25 ], "texture": "#main" }, 
                "down":  { "uv": [ 8, 8, 8, 8.25 ], "texture": "#main" }
            }
        }, 
        {
            "from": [ 7.5, 5.75, 7.75 ], 
            "to":   [ 7.5, 8.75, 8.75 ], 
            "faces": {
                "north": { "uv": [ 8, 8, 8, 8.75 ], "texture": "#main" }, 
                "east":  { "uv": [ 11.5, 8, 11.75, 8.75 ], "texture": "#main" }, 
                "south": { "uv": [ 8, 8, 8, 8.75 ], "texture": "#main" }, 
                "west":  { "uv": [ 11.75, 8, 12, 8.75 ], "texture": "#main" }, 
                "up":    { "uv": [ 8, 8, 8, 8.25 ], "texture": "#main" }, 
                "down":  { "uv": [ 8, 8, 8, 8.25 ], "texture": "#main" }
            }
        }, 
        {
            "from": [ 7.5, 1.75, 7.25 ], 
            "to":   [ 7.5, 2.75, 8.25 ], 
            "faces": {
                "north": { "uv": [ 8, 8, 8, 8.25 ], "texture": "#main" }, 
                "east":  { "uv": [ 11.5, 8, 11.75, 8.25 ], "texture": "#main" }, 
                "south": { "uv": [ 8, 8, 8, 8.25 ], "texture": "#main" }, 
                "west":  { "uv": [ 11.75, 8, 12, 8.25 ], "texture": "#main" }, 
                "up":    { "uv": [ 8, 8, 8, 8.25 ], "texture": "#main" }, 
                "down":  { "uv": [ 8, 8, 8, 8.25 ], "texture": "#main" }
            }
        }, 
        {
            "from": [ 7.5, 1, 7.5 ], 
            "to":   [ 7.5, 2, 8.5 ], 
            "faces": {
                "north": { "uv": [ 8, 8, 8, 8.25 ], "texture": "#main" }, 
                "east":  { "uv": [ 11.5, 8, 11.75, 8.25 ], "texture": "#main" }, 
                "south": { "uv": [ 8, 8, 8, 8.25 ], "texture": "#main" }, 
                "west":  { "uv": [ 11.75, 8, 12, 8.25 ], "texture": "#main" }, 
                "up":    { "uv": [ 8, 8, 8, 8.25 ], "texture": "#main" }, 
                "down":  { "uv": [ 8, 8, 8, 8.25 ], "texture": "#main" }
            }
        }, 
        {
            "from": [ 7, 0, 8 ], 
            "to":   [ 8, 1, 11 ], 
            "faces": {
                "north": { "uv": [ 12.5, 9.75, 12.75, 10 ], "texture": "#main" }, 
                "east":  { "uv": [ 12.5, 9.25, 13.25, 9.5 ], "texture": "#main" }, 
                "south": { "uv": [ 12.5, 9.5, 12.75, 9.75 ], "texture": "#main" }, 
                "west":  { "uv": [ 12.5, 9, 13.25, 9.25 ], "texture": "#main" }, 
                "up":    { "uv": [ 12, 9.25, 12.25, 10 ], "texture": "#main" }, 
                "down":  { "uv": [ 12.25, 9.25, 12.5, 10 ], "texture": "#main" }
            }
        }, 
        {
            "from": [ 7.5, 3.75, 7.75 ], 
            "to":   [ 7.5, 5.75, 8.75 ], 
            "faces": {
                "north": { "uv": [ 12, 8, 12, 8.5 ], "texture": "#main" }, 
                "east":  { "uv": [ 15.5, 8, 15.75, 8.5 ], "texture": "#main" }, 
                "south": { "uv": [ 12, 8, 12, 8.5 ], "texture": "#main" }, 
                "west":  { "uv": [ 15.75, 8, 16, 8.5 ], "texture": "#main" }, 
                "up":    { "uv": [ 12, 8, 12, 8.25 ], "texture": "#main" }, 
                "down":  { "uv": [ 12, 8, 12, 8.25 ], "texture": "#main" }
            }
        }, 
        {
            "from": [ 7.5, 5.75, 7.25 ], 
            "to":   [ 7.5, 8.75, 8.25 ], 
            "faces": {
                "north": { "uv": [ 12, 8, 12, 8.75 ], "texture": "#main" }, 
                "east":  { "uv": [ 15.5, 8, 15.75, 8.75 ], "texture": "#main" }, 
                "south": { "uv": [ 12, 8, 12, 8.75 ], "texture": "#main" }, 
                "west":  { "uv": [ 15.75, 8, 16, 8.75 ], "texture": "#main" }, 
                "up":    { "uv": [ 12, 8, 12, 8.25 ], "texture": "#main" }, 
                "down":  { "uv": [ 12, 8, 12, 8.25 ], "texture": "#main" }
            }
        }, 
        {
            "from": [ 7.5, 2.75, 7.25 ], 
            "to":   [ 7.5, 3.75, 8.25 ], 
            "faces": {
                "north": { "uv": [ 12, 8, 12, 8.25 ], "texture": "#main" }, 
                "east":  { "uv": [ 15.5, 8, 15.75, 8.25 ], "texture": "#main" }, 
                "south": { "uv": [ 12, 8, 12, 8.25 ], "texture": "#main" }, 
                "west":  { "uv": [ 15.75, 8, 16, 8.25 ], "texture": "#main" }, 
                "up":    { "uv": [ 12, 8, 12, 8.25 ], "texture": "#main" }, 
                "down":  { "uv": [ 12, 8, 12, 8.25 ], "texture": "#main" }
            }
        }, 
        {
            "from": [ 7.5, 1, 7.5 ], 
            "to":   [ 7.5, 3, 8.5 ], 
            "faces": {
                "north": { "uv": [ 12, 8, 12, 8.25 ], "texture": "#main" }, 
                "east":  { "uv": [ 15.5, 8, 15.75, 8.25 ], "texture": "#main" }, 
                "south": { "uv": [ 12, 8, 12, 8.25 ], "texture": "#main" }, 
                "west":  { "uv": [ 15.75, 8, 16, 8.25 ], "texture": "#main" }, 
                "up":    { "uv": [ 12, 8, 12, 8.25 ], "texture": "#main" }, 
                "down":  { "uv": [ 12, 8, 12, 8.25 ], "texture": "#main" }
            }
        }
    ], 
    "display": {
        "thirdperson_righthand": {
            "rotation": [ 58, -8, 0 ], 
            "translation": [ 0.5, 5.5, 6 ]
        }, 
        "thirdperson_lefthand": {
            "rotation": [ 59, -5, 0 ], 
            "translation": [ 0, 6, 6 ]
        }, 
        "firstperson_righthand": {
            "rotation": [ 0, -17, 0 ], 
            "translation": [ 0, 8.25, 0 ]
        }, 
        "firstperson_lefthand": {
            "rotation": [ 0, -28, 0 ], 
            "translation": [ 0, 8, 0 ]
        }, 
        "ground": {
            "translation": [ 0, 1, 0 ], 
            "scale": [ 0.5, 0.5, 0.5 ]
        }, 
        "gui": {
            "rotation": [ 46, 43, 0 ], 
            "translation": [ 0.25, 5.25, 0 ], 
            "scale": [ 1.3, 1.3, 1.3 ]
        }, 
        "head": {
            "translation": [ 0, 3.5, -9.25 ]
        }, 
        "fixed": {
            "rotation": [ -90, 0, 0 ], 
            "translation": [ 0, 0, -13.5 ], 
            "scale": [ 1.7, 1.7, 1.7 ]
        }
    }, 
    "__comment": "Model animated using Fizzy's model animator - http://fizzy81.github.io/animated-models/"
}