{
	"credit": "Made with Blockbench",
	"textures": {
		"0": "./krishka",
		"1": "./butilka",
		"2": "./kumis",
		"particle": "./krishka"
	},
	"elements": [
		{
			"from": [7, 0, 7],
			"to": [9, 0.5, 9],
			"rotation": {"angle": 0, "axis": "y", "origin": [15, 8, 15]},
			"faces": {
				"north": {"uv": [0, 0, 2, 0.5], "texture": "#1"},
				"east": {"uv": [0, 0, 2, 0.5], "texture": "#1"},
				"south": {"uv": [0, 0, 2, 0.5], "texture": "#1"},
				"west": {"uv": [0, 0, 2, 0.5], "texture": "#1"},
				"up": {"uv": [0, 0, 2, 2], "texture": "#1"},
				"down": {"uv": [0, 0, 2, 2], "texture": "#1"}
			}
		},
		{
			"from": [7, 0.5, 7],
			"to": [9, 5, 9],
			"rotation": {"angle": 0, "axis": "y", "origin": [15, 8.5, 15]},
			"faces": {
				"north": {"uv": [0, 0, 2, 4.5], "texture": "#2"},
				"east": {"uv": [0, 0, 2, 4.5], "texture": "#2"},
				"south": {"uv": [0, 0, 2, 4.5], "texture": "#2"},
				"west": {"uv": [0, 0, 2, 4.5], "texture": "#2"},
				"up": {"uv": [0, 0, 2, 2], "texture": "#2"},
				"down": {"uv": [0, 0, 2, 2], "texture": "#2"}
			}
		},
		{
			"from": [7, 5, 7],
			"to": [9, 5.75, 9],
			"rotation": {"angle": 0, "axis": "y", "origin": [15, 8.5, 15]},
			"faces": {
				"north": {"uv": [0, 0, 2, 0.75], "texture": "#1"},
				"east": {"uv": [0, 0, 2, 0.75], "texture": "#1"},
				"south": {"uv": [0, 0, 2, 0.75], "texture": "#1"},
				"west": {"uv": [0, 0, 2, 0.75], "texture": "#1"},
				"up": {"uv": [0, 0, 2, 2], "texture": "#1"},
				"down": {"uv": [0, 0, 2, 2], "texture": "#1"}
			}
		},
		{
			"from": [7.25, 5.25, 7.25],
			"to": [8.75, 6, 8.75],
			"rotation": {"angle": 0, "axis": "y", "origin": [15, 8.75, 15]},
			"faces": {
				"north": {"uv": [0, 0, 1.5, 0.75], "texture": "#1"},
				"east": {"uv": [0, 0, 1.5, 0.75], "texture": "#1"},
				"south": {"uv": [0, 0, 1.5, 0.75], "texture": "#1"},
				"west": {"uv": [0, 0, 1.5, 0.75], "texture": "#1"},
				"up": {"uv": [0, 0, 1.5, 1.5], "texture": "#1"},
				"down": {"uv": [0, 0, 1.5, 1.5], "texture": "#1"}
			}
		},
		{
			"from": [7.5, 5.25, 7.5],
			"to": [8.5, 8.25, 8.5],
			"rotation": {"angle": 0, "axis": "y", "origin": [14.5, 8.75, 14.5]},
			"faces": {
				"north": {"uv": [6, 0, 7, 3], "texture": "#1"},
				"east": {"uv": [6, 0, 7, 3], "texture": "#1"},
				"south": {"uv": [4, 0, 5, 3], "texture": "#1"},
				"west": {"uv": [5, 1, 6, 4], "texture": "#1"},
				"up": {"uv": [0, 0, 1, 1], "texture": "#1"},
				"down": {"uv": [0, 0, 1, 1], "texture": "#1"}
			}
		},
		{
			"from": [7.5, 8.25, 7.5],
			"to": [8.5, 9.75, 8.5],
			"rotation": {"angle": 0, "axis": "y", "origin": [14.5, 11.75, 14.5]},
			"faces": {
				"north": {"uv": [0, 0, 1, 1.5], "texture": "#0"},
				"east": {"uv": [0, 0, 1, 1.5], "texture": "#0"},
				"south": {"uv": [0, 0, 1, 1.5], "texture": "#0"},
				"west": {"uv": [0, 0, 1, 1.5], "texture": "#0"},
				"up": {"uv": [0, 0, 1, 1], "texture": "#0"},
				"down": {"uv": [0, 0, 1, 1], "texture": "#0"}
			}
		},
		{
			"from": [7.25, 8, 7.25],
			"to": [8.75, 9.25, 8.75],
			"rotation": {"angle": 0, "axis": "y", "origin": [14.5, 11.5, 14.5]},
			"faces": {
				"north": {"uv": [0, 0, 1.5, 1.25], "texture": "#0"},
				"east": {"uv": [0, 0, 1.5, 1.25], "texture": "#0"},
				"south": {"uv": [0, 0, 1.5, 1.25], "texture": "#0"},
				"west": {"uv": [0, 0, 1.5, 1.25], "texture": "#0"},
				"up": {"uv": [0, 0, 1.5, 1.5], "texture": "#0"},
				"down": {"uv": [0, 0, 1.5, 1.5], "texture": "#0"}
			}
		},
		{
			"from": [6.75, 0.25, 6.75],
			"to": [7, 5.25, 9.25],
			"rotation": {"angle": 0, "axis": "y", "origin": [15, 8.5, 15]},
			"faces": {
				"north": {"uv": [0, 0, 0.25, 5], "texture": "#1"},
				"east": {"uv": [0, 0, 2.5, 5], "texture": "#1"},
				"south": {"uv": [0, 0, 0.25, 5], "texture": "#1"},
				"west": {"uv": [13, 11, 15.5, 16], "texture": "#1"},
				"up": {"uv": [0, 0, 0.25, 2.5], "texture": "#1"},
				"down": {"uv": [0, 0, 0.25, 2.5], "texture": "#1"}
			}
		},
		{
			"from": [9, 0.25, 6.75],
			"to": [9.25, 5.25, 9.25],
			"rotation": {"angle": 0, "axis": "y", "origin": [17.25, 8.5, 15]},
			"faces": {
				"north": {"uv": [0, 0, 0.25, 5], "texture": "#1"},
				"east": {"uv": [13, 11, 15.5, 16], "texture": "#1"},
				"south": {"uv": [0, 0, 0.25, 5], "texture": "#1"},
				"west": {"uv": [0, 0, 2.5, 5], "texture": "#1"},
				"up": {"uv": [0, 0, 0.25, 2.5], "texture": "#1"},
				"down": {"uv": [0, 0, 0.25, 2.5], "texture": "#1"}
			}
		},
		{
			"from": [6.75, 0.25, 9],
			"to": [9.25, 5.25, 9.25],
			"rotation": {"angle": 0, "axis": "y", "origin": [15, 8.5, 15]},
			"faces": {
				"north": {"uv": [0, 0, 2.5, 5], "texture": "#1"},
				"east": {"uv": [0, 0, 0.25, 5], "texture": "#1"},
				"south": {"uv": [13, 11, 15.5, 16], "texture": "#1"},
				"west": {"uv": [0, 0, 0.25, 5], "texture": "#1"},
				"up": {"uv": [0, 0, 2.5, 0.25], "texture": "#1"},
				"down": {"uv": [0, 0, 2.5, 0.25], "texture": "#1"}
			}
		},
		{
			"from": [6.75, 0.25, 6.75],
			"to": [9.25, 5.25, 7],
			"rotation": {"angle": 0, "axis": "y", "origin": [15, 8.5, 12.75]},
			"faces": {
				"north": {"uv": [13, 11, 15.5, 16], "texture": "#1"},
				"east": {"uv": [0, 0, 0.25, 5], "texture": "#1"},
				"south": {"uv": [0, 0, 2.5, 5], "texture": "#1"},
				"west": {"uv": [0, 0, 0.25, 5], "texture": "#1"},
				"up": {"uv": [0, 0, 2.5, 0.25], "texture": "#1"},
				"down": {"uv": [0, 0, 2.5, 0.25], "texture": "#1"}
			}
		}
	],
	"display": {
		"thirdperson_righthand": {
			"translation": [0, 3.5, 0]
		},
		"thirdperson_lefthand": {
			"translation": [0, 3.5, 0]
		},
		"firstperson_righthand": {
			"translation": [1, 5.5, 0]
		},
		"firstperson_lefthand": {
			"translation": [0.75, 5.25, 0]
		},
		"ground": {
			"translation": [0, 5.75, 0]
		},
		"gui": {
			"rotation": [17, 15, 0],
			"translation": [0, 3.5, 0],
			"scale": [1.2, 1.2, 1.2]
		},
		"fixed": {
			"rotation": [-90, 0, 0],
			"translation": [0, 0, -14.5],
			"scale": [1.8, 1.8, 1.8]
		}
	}
}