{
	"credit": "Made with Blockbench",
	"textures": {
		"0": "./creeper_texture"
	},
	"elements": [
		{
			"from": [6, 3, 7],
			"to": [10, 8, 9],
			"rotation": {"angle": 0, "axis": "y", "origin": [17, 11, 13]},
			"faces": {
				"north": {"uv": [0, 11, 4, 16], "texture": "#0"},
				"east": {"uv": [0, 11, 2, 16], "texture": "#0"},
				"south": {"uv": [0, 11, 4, 16], "texture": "#0"},
				"west": {"uv": [0, 11, 2, 16], "texture": "#0"},
				"up": {"uv": [0, 14, 4, 16], "texture": "#0"},
				"down": {"uv": [0, 14, 4, 16], "texture": "#0"}
			}
		},
		{
			"from": [8, 0, 9],
			"to": [10, 3, 11],
			"rotation": {"angle": 0, "axis": "y", "origin": [17, 6, 15]},
			"faces": {
				"north": {"uv": [11, 13, 13, 16], "texture": "#0"},
				"east": {"uv": [0, 13, 2, 16], "texture": "#0"},
				"south": {"uv": [9, 13, 11, 16], "texture": "#0"},
				"west": {"uv": [0, 13, 2, 16], "texture": "#0"},
				"up": {"uv": [2, 14, 4, 16], "texture": "#0"},
				"down": {"uv": [0, 14, 2, 16], "texture": "#0"}
			}
		},
		{
			"from": [8, 0, 5],
			"to": [10, 3, 7],
			"rotation": {"angle": 0, "axis": "y", "origin": [17, 6, 11]},
			"faces": {
				"north": {"uv": [13, 13, 15, 16], "texture": "#0"},
				"east": {"uv": [0, 13, 2, 16], "texture": "#0"},
				"south": {"uv": [7, 13, 9, 16], "texture": "#0"},
				"west": {"uv": [0, 13, 2, 16], "texture": "#0"},
				"up": {"uv": [1, 14, 3, 16], "texture": "#0"},
				"down": {"uv": [0, 14, 2, 16], "texture": "#0"}
			}
		},
		{
			"from": [6, 0, 9],
			"to": [8, 3, 11],
			"rotation": {"angle": 0, "axis": "y", "origin": [15, 6, 15]},
			"faces": {
				"north": {"uv": [1, 13, 3, 16], "texture": "#0"},
				"east": {"uv": [0, 13, 2, 16], "texture": "#0"},
				"south": {"uv": [12, 13, 14, 16], "texture": "#0"},
				"west": {"uv": [1, 13, 3, 16], "texture": "#0"},
				"up": {"uv": [2, 14, 4, 16], "texture": "#0"},
				"down": {"uv": [0, 14, 2, 16], "texture": "#0"}
			}
		},
		{
			"from": [6, 0, 5],
			"to": [8, 3, 7],
			"rotation": {"angle": 0, "axis": "y", "origin": [15, 6, 11]},
			"faces": {
				"north": {"uv": [2, 13, 4, 16], "texture": "#0"},
				"east": {"uv": [0, 13, 2, 16], "texture": "#0"},
				"south": {"uv": [1, 13, 3, 16], "texture": "#0"},
				"west": {"uv": [0, 13, 2, 16], "texture": "#0"},
				"up": {"uv": [5, 14, 7, 16], "texture": "#0"},
				"down": {"uv": [0, 14, 2, 16], "texture": "#0"}
			}
		},
		{
			"from": [5.5, 8, 5.5],
			"to": [10.5, 13, 10.5],
			"rotation": {"angle": 0, "axis": "y", "origin": [17.5, 16, 13.5]},
			"faces": {
				"north": {"uv": [0, 0, 10, 10], "texture": "#0"},
				"east": {"uv": [11, 0, 16, 5], "texture": "#0"},
				"south": {"uv": [11, 0, 16, 5], "texture": "#0"},
				"west": {"uv": [11, 0, 16, 5], "texture": "#0"},
				"up": {"uv": [11, 0, 16, 5], "texture": "#0"},
				"down": {"uv": [11, 0, 16, 5], "texture": "#0"}
			}
		}
	],
	"display": {
		"thirdperson_righthand": {
			"rotation": [70, 0, 0],
			"translation": [0, 1.5, 2.25],
			"scale": [0.65, 0.65, 0.65]
		},
		"thirdperson_lefthand": {
			"rotation": [70, 0, 0],
			"translation": [0, 1.5, 2.25],
			"scale": [0.65, 0.65, 0.65]
		},
		"firstperson_righthand": {
			"rotation": [0, 127.25, 0],
			"translation": [0.75, 1.5, 0]
		},
		"firstperson_lefthand": {
			"rotation": [0, 127.25, 0],
			"translation": [0.75, 1.5, 0]
		},
		"ground": {
			"translation": [0, 4, 0],
			"scale": [0.6, 0.6, 0.6]
		},
		"gui": {
			"rotation": [28.75, -134.5, 0],
			"translation": [-0.25, 1.5, 0],
			"scale": [0.9, 0.9, 0.9]
		},
		"fixed": {
			"rotation": [-90, 0, 0],
			"translation": [0, 0, -10.5],
			"scale": [1.5, 1.5, 1.5]
		}
	},
	"groups": [
		{
			"name": "group",
			"origin": [17.5, 13.25, 14],
			"children": [0, 1, 2, 3, 4, 5]
		}
	]
}