{
	"credit": "Made with Blockbench",
	"textures": {
		"0": "./pena",
		"1": "./pivo",
		"2": "./krygka",
		"particle": "./pena"
	},
	"elements": [
		{
			"from": [6, 0, 6],
			"to": [10, 1, 10],
			"rotation": {"angle": 0, "axis": "y", "origin": [15, 8, 14]},
			"faces": {
				"north": {"uv": [0, 0, 1, 1], "texture": "#2"},
				"east": {"uv": [0, 0, 1, 1], "texture": "#2"},
				"south": {"uv": [0, 0, 1, 1], "texture": "#2"},
				"west": {"uv": [0, 0, 1, 1], "texture": "#2"},
				"up": {"uv": [0, 0, 1, 1], "texture": "#2"},
				"down": {"uv": [0, 0, 1, 1], "texture": "#2"}
			}
		},
		{
			"from": [5.5, 0, 5.5],
			"to": [6, 8, 10],
			"rotation": {"angle": 0, "axis": "y", "origin": [11, 8, 14]},
			"faces": {
				"north": {"uv": [0, 0, 1, 1], "texture": "#2"},
				"east": {"uv": [0, 0, 1, 1], "texture": "#2"},
				"south": {"uv": [0, 0, 1, 1], "texture": "#2"},
				"west": {"uv": [0, 0, 1, 1], "texture": "#2"},
				"up": {"uv": [0, 0, 1, 1], "texture": "#2"},
				"down": {"uv": [0, 0, 1, 1], "texture": "#2"}
			}
		},
		{
			"from": [3, 1.5, 7.25],
			"to": [5.5, 2.5, 9],
			"rotation": {"angle": 0, "axis": "y", "origin": [10.5, 7.5, 14]},
			"faces": {
				"north": {"uv": [0, 0, 1, 1], "texture": "#2"},
				"east": {"uv": [0, 0, 1, 1], "texture": "#2"},
				"south": {"uv": [0, 0, 1, 1], "texture": "#2"},
				"west": {"uv": [0, 0, 1, 1], "texture": "#2"},
				"up": {"uv": [0, 0, 1, 1], "texture": "#2"},
				"down": {"uv": [0, 0, 1, 1], "texture": "#2"}
			}
		},
		{
			"from": [3, 1.5, 7.25],
			"to": [4, 6.5, 9],
			"rotation": {"angle": 0, "axis": "y", "origin": [9, 7.5, 14]},
			"faces": {
				"north": {"uv": [0, 0, 1, 1], "texture": "#2"},
				"east": {"uv": [0, 0, 1, 1], "texture": "#2"},
				"south": {"uv": [0, 0, 1, 1], "texture": "#2"},
				"west": {"uv": [0, 0, 1, 1], "texture": "#2"},
				"up": {"uv": [0, 0, 1, 1], "texture": "#2"},
				"down": {"uv": [0, 0, 1, 1], "texture": "#2"}
			}
		},
		{
			"from": [3, 5.5, 7.25],
			"to": [5.5, 6.5, 9],
			"rotation": {"angle": 0, "axis": "y", "origin": [10.5, 11.5, 14]},
			"faces": {
				"north": {"uv": [0, 0, 1, 1], "texture": "#2"},
				"east": {"uv": [0, 0, 1, 1], "texture": "#2"},
				"south": {"uv": [0, 0, 1, 1], "texture": "#2"},
				"west": {"uv": [0, 0, 1, 1], "texture": "#2"},
				"up": {"uv": [0, 0, 1, 1], "texture": "#2"},
				"down": {"uv": [0, 0, 1, 1], "texture": "#2"}
			}
		},
		{
			"from": [10, 0, 6],
			"to": [10.5, 8, 10.5],
			"rotation": {"angle": 0, "axis": "y", "origin": [15.5, 8, 14]},
			"faces": {
				"north": {"uv": [0, 0, 1, 1], "texture": "#2"},
				"east": {"uv": [0, 0, 1, 1], "texture": "#2"},
				"south": {"uv": [0, 0, 1, 1], "texture": "#2"},
				"west": {"uv": [0, 0, 1, 1], "texture": "#2"},
				"up": {"uv": [0, 0, 1, 1], "texture": "#2"},
				"down": {"uv": [0, 0, 1, 1], "texture": "#2"}
			}
		},
		{
			"from": [5.5, 0, 10],
			"to": [10, 8, 10.5],
			"rotation": {"angle": 0, "axis": "y", "origin": [15.5, 8, 18]},
			"faces": {
				"north": {"uv": [0, 0, 1, 1], "texture": "#2"},
				"east": {"uv": [0, 0, 1, 1], "texture": "#2"},
				"south": {"uv": [0, 0, 1, 1], "texture": "#2"},
				"west": {"uv": [0, 0, 1, 1], "texture": "#2"},
				"up": {"uv": [0, 0, 1, 1], "texture": "#2"},
				"down": {"uv": [0, 0, 1, 1], "texture": "#2"}
			}
		},
		{
			"from": [6, 0, 5.5],
			"to": [10.5, 8, 6],
			"rotation": {"angle": 0, "axis": "y", "origin": [15.5, 8, 13.25]},
			"faces": {
				"north": {"uv": [0, 0, 1, 1], "texture": "#2"},
				"east": {"uv": [0, 0, 1, 1], "texture": "#2"},
				"south": {"uv": [0, 0, 1, 1], "texture": "#2"},
				"west": {"uv": [0, 0, 1, 1], "texture": "#2"},
				"up": {"uv": [0, 0, 1, 1], "texture": "#2"},
				"down": {"uv": [0, 0, 1, 1], "texture": "#2"}
			}
		},
		{
			"from": [6, 1, 6],
			"to": [10, 7, 10],
			"rotation": {"angle": 0, "axis": "y", "origin": [15, 9, 14]},
			"faces": {
				"north": {"uv": [0, 0, 4, 6], "texture": "#1"},
				"east": {"uv": [0, 0, 4, 6], "texture": "#1"},
				"south": {"uv": [0, 0, 4, 6], "texture": "#1"},
				"west": {"uv": [0, 0, 4, 6], "texture": "#1"},
				"up": {"uv": [0, 0, 4, 4], "texture": "#1"},
				"down": {"uv": [0, 0, 4, 4], "texture": "#1"}
			}
		},
		{
			"from": [6, 7, 6],
			"to": [10, 7, 10],
			"rotation": {"angle": 0, "axis": "y", "origin": [15, 15, 14]},
			"color": 5,
			"faces": {
				"north": {"uv": [0, 0, 4, 0], "texture": "#missing"},
				"east": {"uv": [0, 0, 4, 0], "texture": "#missing"},
				"south": {"uv": [0, 0, 4, 0], "texture": "#missing"},
				"west": {"uv": [0, 0, 4, 0], "texture": "#missing"},
				"up": {"uv": [0, 0, 4, 4], "texture": "#missing"},
				"down": {"uv": [0, 0, 4, 4], "texture": "#missing"}
			}
		},
		{
			"from": [6, 7, 6],
			"to": [8, 7.25, 8],
			"rotation": {"angle": 0, "axis": "y", "origin": [15, 15, 14]},
			"faces": {
				"north": {"uv": [0, 0, 2, 0.25], "texture": "#0"},
				"east": {"uv": [0, 0, 2, 0.25], "texture": "#0"},
				"south": {"uv": [0, 0, 2, 0.25], "texture": "#0"},
				"west": {"uv": [0, 0, 2, 0.25], "texture": "#0"},
				"up": {"uv": [0, 0, 2, 2], "texture": "#0"},
				"down": {"uv": [0, 0, 2, 2], "texture": "#0"}
			}
		},
		{
			"from": [7.5, 7, 6],
			"to": [10, 7.5, 8],
			"rotation": {"angle": 0, "axis": "y", "origin": [16.5, 15, 14]},
			"faces": {
				"north": {"uv": [0, 0, 2.5, 0.5], "texture": "#0"},
				"east": {"uv": [0, 0, 2, 0.5], "texture": "#0"},
				"south": {"uv": [0, 0, 2.5, 0.5], "texture": "#0"},
				"west": {"uv": [0, 0, 2, 0.5], "texture": "#0"},
				"up": {"uv": [0, 0, 2.5, 2], "texture": "#0"},
				"down": {"uv": [0, 0, 2.5, 2], "texture": "#0"}
			}
		},
		{
			"from": [6.25, 7, 8],
			"to": [10, 7.75, 10],
			"rotation": {"angle": 0, "axis": "y", "origin": [16.5, 15, 16]},
			"faces": {
				"north": {"uv": [0, 0, 3.75, 0.75], "texture": "#0"},
				"east": {"uv": [0, 0, 2, 0.75], "texture": "#0"},
				"south": {"uv": [0, 0, 3.75, 0.75], "texture": "#0"},
				"west": {"uv": [0, 0, 2, 0.75], "texture": "#0"},
				"up": {"uv": [0, 0, 3.75, 2], "texture": "#0"},
				"down": {"uv": [0, 0, 3.75, 2], "texture": "#0"}
			}
		}
	],
	"display": {
		"thirdperson_righthand": {
			"rotation": [0, 90, 0],
			"translation": [0, 2, -2.5],
			"scale": [0.85, 0.85, 0.85]
		},
		"thirdperson_lefthand": {
			"rotation": [0, -90, 0],
			"translation": [0, 2, -2.5],
			"scale": [0.85, 0.85, 0.85]
		},
		"firstperson_righthand": {
			"rotation": [0, 90, 0],
			"translation": [0, 3.5, 0]
		},
		"firstperson_lefthand": {
			"rotation": [0, -90, 0],
			"translation": [-0.5, 4.5, 0]
		},
		"ground": {
			"translation": [0, 4.5, 0]
		},
		"gui": {
			"rotation": [14, -153, 0],
			"translation": [-0.25, 3, 0]
		},
		"fixed": {
			"rotation": [-90, 90, 0],
			"translation": [0, 0, -12],
			"scale": [1.5, 1.5, 1.5]
		}
	}
}