{
	"credit": "Made with Blockbench",
	"textures": {
		"0": "./glass",
		"particle": "./glass"
	},
	"elements": [
		{
			"from": [7, 0, 5],
			"to": [8, 2, 8],
			"rotation": {"angle": 0, "axis": "y", "origin": [15, 8, 13]},
			"faces": {
				"north": {"uv": [0, 0, 1, 2], "texture": "#0"},
				"east": {"uv": [0, 0, 3, 2], "texture": "#0"},
				"south": {"uv": [0, 0, 1, 2], "texture": "#0"},
				"west": {"uv": [13, 0, 16, 2], "texture": "#0"},
				"up": {"uv": [0, 0, 1, 3], "texture": "#0"},
				"down": {"uv": [0, 0, 1, 3], "texture": "#0"}
			}
		},
		{
			"from": [7, 0, 9],
			"to": [8, 2, 12],
			"rotation": {"angle": 0, "axis": "y", "origin": [15, 8, 17]},
			"faces": {
				"north": {"uv": [0, 0, 1, 2], "texture": "#0"},
				"east": {"uv": [0, 0, 3, 2], "texture": "#0"},
				"south": {"uv": [0, 0, 1, 2], "texture": "#0"},
				"west": {"uv": [0, 0, 3, 2], "texture": "#0"},
				"up": {"uv": [0, 0, 1, 3], "texture": "#0"},
				"down": {"uv": [0, 0, 1, 3], "texture": "#0"}
			}
		},
		{
			"from": [7, 1, 8],
			"to": [8, 2, 9],
			"rotation": {"angle": 0, "axis": "y", "origin": [15, 8, 15]},
			"faces": {
				"north": {"uv": [0, 0, 1, 1], "texture": "#0"},
				"east": {"uv": [0, 0, 1, 1], "texture": "#0"},
				"south": {"uv": [0, 0, 1, 1], "texture": "#0"},
				"west": {"uv": [0, 0, 1, 1], "texture": "#0"},
				"up": {"uv": [0, 0, 1, 1], "texture": "#0"},
				"down": {"uv": [0, 0, 1, 1], "texture": "#0"}
			}
		},
		{
			"from": [7, 0.75, 12],
			"to": [14, 1.75, 13],
			"rotation": {"angle": 0, "axis": "y", "origin": [15, 7.75, 20]},
			"faces": {
				"north": {"uv": [0, 0, 7, 1], "texture": "#0"},
				"east": {"uv": [0, 0, 1, 1], "texture": "#0"},
				"south": {"uv": [0, 0, 7, 1], "texture": "#0"},
				"west": {"uv": [0, 0, 1, 1], "texture": "#0"},
				"up": {"uv": [0, 0, 7, 1], "texture": "#0"},
				"down": {"uv": [0, 0, 7, 1], "texture": "#0"}
			}
		},
		{
			"from": [7, 0.75, 4],
			"to": [14, 1.75, 5],
			"rotation": {"angle": 0, "axis": "y", "origin": [15, 7.75, 12]},
			"faces": {
				"north": {"uv": [0, 0, 7, 1], "texture": "#0"},
				"east": {"uv": [0, 0, 1, 1], "texture": "#0"},
				"south": {"uv": [0, 0, 7, 1], "texture": "#0"},
				"west": {"uv": [0, 0, 1, 1], "texture": "#0"},
				"up": {"uv": [0, 0, 7, 1], "texture": "#0"},
				"down": {"uv": [0, 0, 7, 1], "texture": "#0"}
			}
		}
	],
	"display": {
		"thirdperson_righthand": {
			"rotation": [0, 0, -90],
			"translation": [7, 2.5, -2.5],
			"scale": [0.9, 1, 0.85]
		},
		"thirdperson_lefthand": {
			"rotation": [0, 0, 90],
			"translation": [-7, 2.5, -2.5],
			"scale": [0.9, 1, 0.85]
		},
		"firstperson_righthand": {
			"rotation": [0, 0, -79],
			"translation": [3.5, 5.5, 0.5],
			"scale": [1, 0.85, 0.9]
		},
		"firstperson_lefthand": {
			"rotation": [0, 174, 92],
			"translation": [4, 5.5, 2.25],
			"scale": [1, 0.85, 0.9]
		},
		"ground": {
			"translation": [0, 6.5, 0]
		},
		"gui": {
			"rotation": [14, 38, 0],
			"translation": [-1.75, 6.25, 0]
		},
		"head": {
			"rotation": [0, -90, 0],
			"translation": [0.75, 10.25, -6.25],
			"scale": [1.15, 1.7, 1.61]
		},
		"fixed": {
			"rotation": [-90, 0, -8],
			"translation": [-2, -0.25, -10.5],
			"scale": [1.3, 1.3, 1.3]
		}
	}
}