{
	"credit": "Made with Blockbench",
	"textures": {
		"1": "./axe1"
	},
	"elements": [
		{
			"from": [7.51, 7, 1],
			"to": [8.51, 9.5, 7],
			"rotation": {"angle": 0, "axis": "y", "origin": [8, 7, 8]},
			"faces": {
				"north": {"uv": [1, 5.5, 1.5, 8], "texture": "#1"},
				"east": {"uv": [7, 5.5, 1, 8], "texture": "#1"},
				"south": {"uv": [9, 5.5, 8.5, 8], "texture": "#1"},
				"west": {"uv": [1, 5.5, 7, 8], "texture": "#1"},
				"up": {"uv": [1, 5.5, 7, 6], "rotation": 90, "texture": "#1"},
				"down": {"uv": [1, 8, 7, 7.5], "rotation": 270, "texture": "#1"}
			}
		},
		{
			"from": [7.51, 9.5, 1.5],
			"to": [8.51, 11.25, 6],
			"rotation": {"angle": 0, "axis": "y", "origin": [8, 7, 8]},
			"faces": {
				"north": {"uv": [1.5, 4, 2, 5.5], "texture": "#1"},
				"east": {"uv": [6, 4, 1.5, 5.5], "texture": "#1"},
				"south": {"uv": [6, 4, 5.5, 5.5], "texture": "#1"},
				"west": {"uv": [1.5, 4, 6, 5.5], "texture": "#1"},
				"up": {"uv": [1.5, 4, 6, 4.5], "rotation": 90, "texture": "#1"},
				"down": {"uv": [1.5, 5.5, 6, 5], "rotation": 270, "texture": "#1"}
			}
		},
		{
			"from": [7.51, 5.25, 1.5],
			"to": [8.51, 7, 6],
			"rotation": {"angle": 0, "axis": "y", "origin": [8, 2.75, 8]},
			"faces": {
				"north": {"uv": [1.5, 4, 2, 5.5], "texture": "#1"},
				"east": {"uv": [6, 4, 1.5, 5.5], "texture": "#1"},
				"south": {"uv": [6, 4, 5.5, 5.5], "texture": "#1"},
				"west": {"uv": [2, 5, 6.5, 6.5], "texture": "#1"},
				"up": {"uv": [1.5, 4, 6, 4.5], "rotation": 90, "texture": "#1"},
				"down": {"uv": [1.5, 5.5, 6, 5], "rotation": 270, "texture": "#1"}
			}
		},
		{
			"from": [7.51, 11.25, 2.5],
			"to": [8.51, 12, 6],
			"rotation": {"angle": 0, "axis": "y", "origin": [8, 8.75, 8]},
			"faces": {
				"north": {"uv": [1.5, 4, 2, 5.5], "texture": "#1"},
				"east": {"uv": [6, 4, 1.5, 5.5], "texture": "#1"},
				"south": {"uv": [6, 4, 5.5, 5.5], "texture": "#1"},
				"west": {"uv": [1.5, 4, 6, 5.5], "texture": "#1"},
				"up": {"uv": [1.5, 4, 6, 4.5], "rotation": 90, "texture": "#1"},
				"down": {"uv": [1.5, 5.5, 6, 5], "rotation": 270, "texture": "#1"}
			}
		},
		{
			"from": [7.51, 4.5, 2.5],
			"to": [8.51, 5.25, 6],
			"rotation": {"angle": 0, "axis": "y", "origin": [8, 2, 8]},
			"faces": {
				"north": {"uv": [1.5, 4, 2, 5.5], "texture": "#1"},
				"east": {"uv": [6, 4, 1.5, 5.5], "texture": "#1"},
				"south": {"uv": [6, 4, 5.5, 5.5], "texture": "#1"},
				"west": {"uv": [2.5, 5, 7, 6.5], "texture": "#1"},
				"up": {"uv": [1.5, 4, 6, 4.5], "rotation": 90, "texture": "#1"},
				"down": {"uv": [1.5, 5.5, 6, 5], "rotation": 270, "texture": "#1"}
			}
		},
		{
			"from": [7.51, 9.5, 6],
			"to": [8.51, 10.5, 7],
			"rotation": {"angle": 0, "axis": "y", "origin": [8, 7, 8]},
			"faces": {
				"north": {"uv": [6, 4.5, 6.5, 5.5], "texture": "#1"},
				"east": {"uv": [7, 4.5, 6, 5.5], "texture": "#1"},
				"south": {"uv": [7, 4.5, 6.5, 5.5], "texture": "#1"},
				"west": {"uv": [6, 4.5, 7, 5.5], "texture": "#1"},
				"up": {"uv": [6, 4.5, 7, 5], "rotation": 90, "texture": "#1"},
				"down": {"uv": [6, 5.5, 7, 5], "rotation": 270, "texture": "#1"}
			}
		},
		{
			"from": [7.51, 12, 3.75],
			"to": [8.51, 13, 6.25],
			"rotation": {"angle": 0, "axis": "y", "origin": [8, 9.5, 7.25]},
			"faces": {
				"north": {"uv": [6, 4.5, 6.5, 5.5], "texture": "#1"},
				"east": {"uv": [7, 4.5, 6, 5.5], "texture": "#1"},
				"south": {"uv": [7, 4.5, 6.5, 5.5], "texture": "#1"},
				"west": {"uv": [3.5, 2.5, 4.5, 3.5], "texture": "#1"},
				"up": {"uv": [6, 4.5, 7, 5], "rotation": 90, "texture": "#1"},
				"down": {"uv": [6, 5.5, 7, 5], "rotation": 270, "texture": "#1"}
			}
		},
		{
			"from": [7.51, 12.75, 4.75],
			"to": [8.51, 13.5, 7.25],
			"rotation": {"angle": 0, "axis": "y", "origin": [8, 10.25, 8.25]},
			"faces": {
				"north": {"uv": [6, 4.5, 6.5, 5.5], "texture": "#1"},
				"east": {"uv": [7, 4.5, 6, 5.5], "texture": "#1"},
				"south": {"uv": [7, 4.5, 6.5, 5.5], "texture": "#1"},
				"west": {"uv": [4, 2.5, 5, 3.5], "texture": "#1"},
				"up": {"uv": [6, 4.5, 7, 5], "rotation": 90, "texture": "#1"},
				"down": {"uv": [6, 5.5, 7, 5], "rotation": 270, "texture": "#1"}
			}
		},
		{
			"from": [7.51, 3.5, 3.75],
			"to": [8.51, 4.5, 6.25],
			"rotation": {"angle": 0, "axis": "y", "origin": [8, 1, 7.25]},
			"faces": {
				"north": {"uv": [6, 4.5, 6.5, 5.5], "texture": "#1"},
				"east": {"uv": [7, 4.5, 6, 5.5], "texture": "#1"},
				"south": {"uv": [7, 4.5, 6.5, 5.5], "texture": "#1"},
				"west": {"uv": [6, 4.5, 7, 5.5], "texture": "#1"},
				"up": {"uv": [6, 4.5, 7, 5], "rotation": 90, "texture": "#1"},
				"down": {"uv": [6, 5.5, 7, 5], "rotation": 270, "texture": "#1"}
			}
		},
		{
			"from": [7, -6, 6.5],
			"to": [9, -5, 9.5],
			"rotation": {"angle": 0, "axis": "y", "origin": [8, 7, 8]},
			"faces": {
				"north": {"uv": [11.5, 14.5, 14, 15.5], "texture": "#1"},
				"east": {"uv": [14.5, 14.5, 11.5, 15.5], "texture": "#1"},
				"south": {"uv": [11.5, 14.5, 14, 15.5], "texture": "#1"},
				"west": {"uv": [11.5, 14.5, 14.5, 15.5], "texture": "#1"},
				"up": {"uv": [11.5, 14.5, 14.5, 15], "rotation": 90, "texture": "#1"},
				"down": {"uv": [11.5, 15.5, 14.5, 15], "rotation": 270, "texture": "#1"}
			}
		},
		{
			"from": [7.5, -6.5, 7],
			"to": [8.5, -6, 9],
			"rotation": {"angle": 0, "axis": "y", "origin": [8, 7, 8]},
			"faces": {
				"north": {"uv": [12, 15.5, 12.5, 16], "texture": "#1"},
				"east": {"uv": [14, 15.5, 12, 16], "texture": "#1"},
				"south": {"uv": [14, 15.5, 13.5, 16], "texture": "#1"},
				"west": {"uv": [12, 15.5, 14, 16], "texture": "#1"},
				"up": {"uv": [12, 15.5, 14, 16], "rotation": 90, "texture": "#1"},
				"down": {"uv": [12, 16, 14, 15.5], "rotation": 270, "texture": "#1"}
			}
		},
		{
			"from": [7.25, -5, 7],
			"to": [8.75, 11.5, 9],
			"rotation": {"angle": 0, "axis": "y", "origin": [8, 7, 8]},
			"faces": {
				"north": {"uv": [7.5, 9.5, 8.5, 16], "texture": "#1"},
				"east": {"uv": [7.5, 9.5, 8.5, 16], "texture": "#1"},
				"south": {"uv": [7.5, 9.5, 8.5, 16], "texture": "#1"},
				"west": {"uv": [7.5, 9.5, 8.5, 16], "texture": "#1"},
				"up": {"uv": [7.5, 10.5, 9, 11.5], "texture": "#1"},
				"down": {"uv": [7.25, 7.5, 8.75, 8.5], "texture": "#1"}
			}
		}
	],
	"display": {
		"thirdperson_righthand": {
			"translation": [0, 6.88, 1.89]
		},
		"thirdperson_lefthand": {
			"translation": [0, 6.25, 1.5]
		},
		"firstperson_righthand": {
			"rotation": [7.25, 3, -0.75],
			"translation": [5.34, 5.09, -4.59],
			"scale": [1.7, 1.7, 1.7]
		},
		"firstperson_lefthand": {
			"rotation": [0, 0, -4.75],
			"translation": [6.75, 5.25, -5.25],
			"scale": [1.7, 1.7, 1.7]
		},
		"ground": {
			"rotation": [45, 0, 0],
			"translation": [0, 4.47, 3],
			"scale": [0.7, 0.7, 0.7]
		},
		"gui": {
			"rotation": [-90, 131, 90],
			"translation": [2.77, 2.19, 0],
			"scale": [0.75, 0.75, 0.75]
		},
		"head": {
			"rotation": [-90, 54, 90],
			"translation": [0, 4, 0],
			"scale": [1.6, 1.6, 1.6]
		},
		"fixed": {
			"rotation": [0, 90, 0],
			"translation": [0, 4.5, 0],
			"scale": [0.95, 0.95, 0.95]
		}
	}
}