{
	"credit": "Made with Blockbench",
	"textures": {
		"dark_oak_planks": "./dark_oak_planks",
		"iron_block": "./iron_block",
		"item_frame": "./item_frame"
	},
	"elements": [
		{
			"name": "abajo",
			"from": [6, 0, 8.5],
			"to": [10, 1, 9.5],
			"faces": {
				"north": {"uv": [4, 11, 13, 12], "texture": "#item_frame"},
				"south": {"uv": [5, 5, 9, 6], "texture": "#item_frame"},
				"up": {"uv": [5, 6, 9, 7], "texture": "#item_frame"},
				"down": {"uv": [5, 11, 9, 12], "texture": "#item_frame"}
			}
		},
		{
			"name": "Bottom2",
			"from": [6, 4.5, 8.5],
			"to": [10, 5.5, 9.5],
			"faces": {
				"north": {"uv": [4, 11, 13, 12], "texture": "#item_frame"},
				"south": {"uv": [5, 5, 9, 6], "texture": "#item_frame"},
				"up": {"uv": [5, 6, 9, 7], "texture": "#item_frame"},
				"down": {"uv": [5, 11, 9, 12], "texture": "#item_frame"}
			}
		},
		{
			"name": "Cube",
			"from": [5, 0, 7],
			"to": [11, 6, 8],
			"faces": {
				"north": {"uv": [0, 0, 16, 16], "texture": "#dark_oak_planks"},
				"east": {"uv": [0, 0, 1, 6], "texture": "#dark_oak_planks"},
				"south": {"uv": [0, 0, 16, 16], "texture": "#dark_oak_planks"},
				"west": {"uv": [0, 0, 1, 6], "texture": "#dark_oak_planks"},
				"up": {"uv": [0, 0, 6, 1], "texture": "#dark_oak_planks"},
				"down": {"uv": [0, 0, 6, 1], "texture": "#dark_oak_planks"}
			}
		},
		{
			"name": "Cube",
			"from": [10, 0, 3],
			"to": [11, 6, 7],
			"faces": {
				"east": {"uv": [0, 0, 4, 6], "texture": "#dark_oak_planks"},
				"west": {"uv": [0, 0, 4, 6], "texture": "#dark_oak_planks"},
				"up": {"uv": [0, 0, 1, 4], "texture": "#dark_oak_planks"},
				"down": {"uv": [0, 0, 6, 1], "texture": "#dark_oak_planks"}
			}
		},
		{
			"name": "Cube",
			"from": [6, 5, 3],
			"to": [10, 6, 7],
			"faces": {
				"up": {"uv": [0, 0, 4, 4], "texture": "#dark_oak_planks"},
				"down": {"uv": [0, 0, 6, 1], "texture": "#dark_oak_planks"}
			}
		},
		{
			"name": "Cube",
			"from": [6, 0, 3],
			"to": [10, 1, 7],
			"faces": {
				"up": {"uv": [0, 0, 4, 4], "texture": "#dark_oak_planks"},
				"down": {"uv": [0, 0, 6, 1], "texture": "#dark_oak_planks"}
			}
		},
		{
			"name": "Cube",
			"from": [5, 0, 2],
			"to": [11, 6, 3],
			"faces": {
				"north": {"uv": [0, 0, 16, 16], "texture": "#dark_oak_planks"},
				"east": {"uv": [0, 0, 1, 6], "texture": "#dark_oak_planks"},
				"south": {"uv": [0, 0, 16, 16], "texture": "#dark_oak_planks"},
				"west": {"uv": [0, 0, 1, 6], "texture": "#dark_oak_planks"},
				"up": {"uv": [0, 0, 6, 1], "texture": "#dark_oak_planks"},
				"down": {"uv": [0, 0, 6, 1], "texture": "#dark_oak_planks"}
			}
		},
		{
			"name": "Cube",
			"from": [5, 0, 3],
			"to": [6, 6, 7],
			"faces": {
				"east": {"uv": [0, 0, 4, 6], "texture": "#dark_oak_planks"},
				"west": {"uv": [0, 0, 4, 6], "texture": "#dark_oak_planks"},
				"up": {"uv": [0, 0, 1, 4], "texture": "#dark_oak_planks"},
				"down": {"uv": [0, 0, 6, 1], "texture": "#dark_oak_planks"}
			}
		},
		{
			"name": "Cube",
			"from": [7, 5, 8],
			"to": [9, 6, 12],
			"faces": {
				"east": {"uv": [0, 0, 4, 1], "texture": "#dark_oak_planks"},
				"south": {"uv": [0, 0, 16, 3], "texture": "#dark_oak_planks"},
				"west": {"uv": [0, 0, 4, 1], "texture": "#dark_oak_planks"},
				"up": {"uv": [0, 0, 2, 4], "texture": "#dark_oak_planks"},
				"down": {"uv": [0, 0, 6, 1], "texture": "#dark_oak_planks"}
			}
		},
		{
			"name": "Cube",
			"from": [7, -0.5, 8],
			"to": [9, 0.5, 12],
			"faces": {
				"north": {"uv": [0, 0, 16, 2], "texture": "#dark_oak_planks"},
				"east": {"uv": [0, 0, 4, 1], "texture": "#dark_oak_planks"},
				"south": {"uv": [0, 0, 16, 3], "texture": "#dark_oak_planks"},
				"west": {"uv": [0, 0, 4, 1], "texture": "#dark_oak_planks"},
				"up": {"uv": [0, 0, 2, 4], "texture": "#dark_oak_planks"},
				"down": {"uv": [0, 0, 6, 1], "texture": "#dark_oak_planks"}
			}
		},
		{
			"name": "Cube",
			"from": [7, 5, -4],
			"to": [9, 6, 2],
			"faces": {
				"north": {"uv": [0, 0, 16, 2], "texture": "#dark_oak_planks"},
				"east": {"uv": [0, 0, 6, 1], "texture": "#dark_oak_planks"},
				"west": {"uv": [0, 0, 6, 1], "texture": "#dark_oak_planks"},
				"up": {"uv": [0, 0, 2, 6], "texture": "#dark_oak_planks"}
			}
		},
		{
			"name": "Cube",
			"from": [5, 5, -4],
			"to": [7, 6, -3],
			"faces": {
				"north": {"uv": [0, 0, 3, 3], "texture": "#dark_oak_planks"},
				"south": {"uv": [0, 0, 3, 3], "texture": "#dark_oak_planks"},
				"west": {"uv": [0, 0, 3, 3], "texture": "#dark_oak_planks"},
				"up": {"uv": [0, 0, 3, 3], "texture": "#dark_oak_planks"},
				"down": {"uv": [0, 0, 3, 3], "texture": "#dark_oak_planks"}
			}
		},
		{
			"name": "Cube",
			"from": [3, 5, -3],
			"to": [5, 6, -2],
			"faces": {
				"north": {"uv": [0, 0, 3, 3], "texture": "#dark_oak_planks"},
				"east": {"uv": [0, 0, 3, 3], "texture": "#dark_oak_planks"},
				"south": {"uv": [0, 0, 3, 3], "texture": "#dark_oak_planks"},
				"west": {"uv": [0, 0, 3, 3], "texture": "#dark_oak_planks"},
				"up": {"uv": [0, 0, 3, 3], "texture": "#dark_oak_planks"},
				"down": {"uv": [0, 0, 3, 3], "texture": "#dark_oak_planks"}
			}
		},
		{
			"name": "Cube",
			"from": [2, 5, -2],
			"to": [3, 6, -1],
			"faces": {
				"north": {"uv": [0, 0, 3, 3], "texture": "#dark_oak_planks"},
				"east": {"uv": [0, 0, 3, 3], "texture": "#dark_oak_planks"},
				"south": {"uv": [0, 0, 3, 3], "texture": "#dark_oak_planks"},
				"west": {"uv": [0, 0, 3, 3], "texture": "#dark_oak_planks"},
				"up": {"uv": [0, 0, 3, 3], "texture": "#dark_oak_planks"},
				"down": {"uv": [0, 0, 3, 3], "texture": "#dark_oak_planks"}
			}
		},
		{
			"name": "Cube",
			"from": [1, 5, -1],
			"to": [2, 6, 0],
			"faces": {
				"north": {"uv": [0, 0, 3, 3], "texture": "#dark_oak_planks"},
				"east": {"uv": [0, 0, 3, 3], "texture": "#dark_oak_planks"},
				"south": {"uv": [0, 0, 3, 3], "texture": "#dark_oak_planks"},
				"west": {"uv": [0, 0, 3, 3], "texture": "#dark_oak_planks"},
				"up": {"uv": [0, 0, 3, 3], "texture": "#dark_oak_planks"},
				"down": {"uv": [0, 0, 3, 3], "texture": "#dark_oak_planks"}
			}
		},
		{
			"name": "Cube",
			"from": [9, 5, -4],
			"to": [11, 6, -3],
			"faces": {
				"north": {"uv": [0, 0, 3, 3], "texture": "#dark_oak_planks"},
				"east": {"uv": [0, 0, 3, 3], "texture": "#dark_oak_planks"},
				"south": {"uv": [0, 0, 3, 3], "texture": "#dark_oak_planks"},
				"up": {"uv": [0, 0, 3, 3], "texture": "#dark_oak_planks"},
				"down": {"uv": [0, 0, 3, 3], "texture": "#dark_oak_planks"}
			}
		},
		{
			"name": "Cube",
			"from": [11, 5, -3],
			"to": [13, 6, -2],
			"faces": {
				"north": {"uv": [0, 0, 3, 3], "texture": "#dark_oak_planks"},
				"east": {"uv": [0, 0, 3, 3], "texture": "#dark_oak_planks"},
				"south": {"uv": [0, 0, 3, 3], "texture": "#dark_oak_planks"},
				"west": {"uv": [0, 0, 3, 3], "texture": "#dark_oak_planks"},
				"up": {"uv": [0, 0, 3, 3], "texture": "#dark_oak_planks"},
				"down": {"uv": [0, 0, 3, 3], "texture": "#dark_oak_planks"}
			}
		},
		{
			"name": "Cube",
			"from": [13, 5, -2],
			"to": [14, 6, -1],
			"faces": {
				"north": {"uv": [0, 0, 3, 3], "texture": "#dark_oak_planks"},
				"east": {"uv": [0, 0, 3, 3], "texture": "#dark_oak_planks"},
				"south": {"uv": [0, 0, 3, 3], "texture": "#dark_oak_planks"},
				"west": {"uv": [0, 0, 3, 3], "texture": "#dark_oak_planks"},
				"up": {"uv": [0, 0, 3, 3], "texture": "#dark_oak_planks"},
				"down": {"uv": [0, 0, 3, 3], "texture": "#dark_oak_planks"}
			}
		},
		{
			"name": "Cube",
			"from": [14, 5, -1],
			"to": [15, 6, 0],
			"faces": {
				"north": {"uv": [0, 0, 3, 3], "texture": "#dark_oak_planks"},
				"east": {"uv": [0, 0, 3, 3], "texture": "#dark_oak_planks"},
				"south": {"uv": [0, 0, 3, 3], "texture": "#dark_oak_planks"},
				"west": {"uv": [0, 0, 3, 3], "texture": "#dark_oak_planks"},
				"up": {"uv": [0, 0, 3, 3], "texture": "#dark_oak_planks"},
				"down": {"uv": [0, 0, 3, 3], "texture": "#dark_oak_planks"}
			}
		},
		{
			"name": "abajo",
			"from": [5, 0, 8.5],
			"to": [6, 5.5, 9.5],
			"faces": {
				"north": {"uv": [4, 11, 13, 12], "texture": "#item_frame"},
				"east": {"uv": [8, 9, 9, 14.5], "texture": "#item_frame"},
				"south": {"uv": [5, 5, 6, 10.5], "texture": "#item_frame"},
				"west": {"uv": [14, 9, 15, 13.5], "texture": "#item_frame"},
				"up": {"uv": [5, 6, 6, 7], "texture": "#item_frame"},
				"down": {"uv": [5, 11, 6, 12], "texture": "#item_frame"}
			}
		},
		{
			"name": "abajo",
			"from": [10, 0, 8.5],
			"to": [11, 5.5, 9.5],
			"faces": {
				"north": {"uv": [4, 11, 13, 12], "texture": "#item_frame"},
				"east": {"uv": [8, 9, 9, 14.5], "texture": "#item_frame"},
				"south": {"uv": [5, 5, 6, 10.5], "texture": "#item_frame"},
				"west": {"uv": [14, 9, 15, 13.5], "texture": "#item_frame"},
				"up": {"uv": [5, 6, 6, 7], "texture": "#item_frame"},
				"down": {"uv": [5, 11, 6, 12], "texture": "#item_frame"}
			}
		},
		{
			"name": "abajo",
			"from": [10, 0, 11.5],
			"to": [11, 5.5, 12.5],
			"faces": {
				"north": {"uv": [4, 11, 13, 12], "texture": "#item_frame"},
				"east": {"uv": [8, 9, 9, 14.5], "texture": "#item_frame"},
				"south": {"uv": [5, 5, 6, 10.5], "texture": "#item_frame"},
				"west": {"uv": [14, 9, 15, 13.5], "texture": "#item_frame"},
				"up": {"uv": [5, 6, 6, 7], "texture": "#item_frame"},
				"down": {"uv": [5, 11, 6, 12], "texture": "#item_frame"}
			}
		},
		{
			"name": "abajo",
			"from": [5, 0, 11.5],
			"to": [6, 5.5, 12.5],
			"faces": {
				"north": {"uv": [4, 11, 13, 12], "texture": "#item_frame"},
				"east": {"uv": [8, 9, 9, 14.5], "texture": "#item_frame"},
				"south": {"uv": [5, 5, 6, 10.5], "texture": "#item_frame"},
				"west": {"uv": [14, 9, 15, 13.5], "texture": "#item_frame"},
				"up": {"uv": [5, 6, 6, 7], "texture": "#item_frame"},
				"down": {"uv": [5, 11, 6, 12], "texture": "#item_frame"}
			}
		},
		{
			"name": "Bottom2",
			"from": [6, 4.5, 11.5],
			"to": [10, 5.5, 12.5],
			"faces": {
				"north": {"uv": [4, 11, 13, 12], "texture": "#item_frame"},
				"south": {"uv": [5, 5, 9, 6], "texture": "#item_frame"},
				"up": {"uv": [5, 6, 9, 7], "texture": "#item_frame"},
				"down": {"uv": [5, 11, 9, 12], "texture": "#item_frame"}
			}
		},
		{
			"name": "abajo",
			"from": [6, 0, 11.5],
			"to": [10, 1, 12.5],
			"faces": {
				"north": {"uv": [4, 11, 13, 12], "texture": "#item_frame"},
				"south": {"uv": [5, 5, 9, 6], "texture": "#item_frame"},
				"up": {"uv": [5, 6, 9, 7], "texture": "#item_frame"},
				"down": {"uv": [5, 11, 9, 12], "texture": "#item_frame"}
			}
		},
		{
			"name": "Cube",
			"from": [7, 4, -4],
			"to": [9, 5, 2],
			"faces": {
				"north": {"uv": [0, 0, 16, 2], "texture": "#dark_oak_planks"},
				"east": {"uv": [0, 0, 6, 1], "texture": "#dark_oak_planks"},
				"west": {"uv": [0, 0, 6, 1], "texture": "#dark_oak_planks"},
				"down": {"uv": [0, 0, 6, 1], "texture": "#dark_oak_planks"}
			}
		},
		{
			"name": "Cube",
			"from": [1.5, 5.5, 0],
			"to": [2.5, 6.5, 1],
			"faces": {
				"north": {"uv": [2, 1, 3, 2], "texture": "#iron_block"},
				"east": {"uv": [0, 0, 1, 1], "texture": "#iron_block"},
				"south": {"uv": [2, 4, 3, 5], "texture": "#iron_block"},
				"west": {"uv": [0, 0, 1, 1], "texture": "#iron_block"},
				"up": {"uv": [1, 2, 2, 3], "texture": "#iron_block"},
				"down": {"uv": [1, 1, 14, 2], "texture": "#iron_block"}
			}
		},
		{
			"name": "Cube",
			"from": [6.5, 6, -4],
			"to": [7.5, 6.5, -3],
			"faces": {
				"north": {"uv": [0, 0, 1, 0.5], "texture": "#item_frame"},
				"east": {"uv": [0, 0, 1, 0.5], "texture": "#item_frame"},
				"south": {"uv": [0, 0, 1, 0.5], "texture": "#item_frame"},
				"west": {"uv": [0, 0, 1, 0.5], "texture": "#item_frame"},
				"up": {"uv": [0, 0, 1, 1], "texture": "#item_frame"},
				"down": {"uv": [0, 0, 1, 13], "texture": "#item_frame"}
			}
		},
		{
			"name": "Cube",
			"from": [8.5, 6, -4],
			"to": [9.5, 6.5, -3],
			"faces": {
				"north": {"uv": [0, 0, 1, 0.5], "texture": "#item_frame"},
				"east": {"uv": [0, 0, 1, 0.5], "texture": "#item_frame"},
				"south": {"uv": [0, 0, 1, 0.5], "texture": "#item_frame"},
				"west": {"uv": [0, 0, 1, 0.5], "texture": "#item_frame"},
				"up": {"uv": [0, 0, 1, 1], "texture": "#item_frame"},
				"down": {"uv": [0, 0, 1, 13], "texture": "#item_frame"}
			}
		},
		{
			"name": "Cube",
			"from": [13.5, 5.5, 0],
			"to": [14.5, 6.5, 1],
			"faces": {
				"north": {"uv": [2, 1, 3, 2], "texture": "#iron_block"},
				"east": {"uv": [0, 0, 1, 1], "texture": "#iron_block"},
				"south": {"uv": [2, 4, 3, 5], "texture": "#iron_block"},
				"west": {"uv": [0, 0, 1, 1], "texture": "#iron_block"},
				"up": {"uv": [1, 2, 2, 3], "texture": "#iron_block"},
				"down": {"uv": [1, 1, 14, 2], "texture": "#iron_block"}
			}
		},
		{
			"name": "Cube",
			"from": [12.5, 5.5, 1],
			"to": [13.5, 6.5, 2],
			"faces": {
				"north": {"uv": [2, 1, 3, 2], "texture": "#iron_block"},
				"east": {"uv": [0, 0, 1, 1], "texture": "#iron_block"},
				"south": {"uv": [2, 4, 3, 5], "texture": "#iron_block"},
				"west": {"uv": [0, 0, 1, 1], "texture": "#iron_block"},
				"up": {"uv": [1, 2, 2, 3], "texture": "#iron_block"},
				"down": {"uv": [1, 1, 14, 2], "texture": "#iron_block"}
			}
		},
		{
			"name": "Cube",
			"from": [2.5, 5.5, 1],
			"to": [3.5, 6.5, 2],
			"faces": {
				"north": {"uv": [2, 1, 3, 2], "texture": "#iron_block"},
				"east": {"uv": [0, 0, 1, 1], "texture": "#iron_block"},
				"south": {"uv": [2, 4, 3, 5], "texture": "#iron_block"},
				"west": {"uv": [0, 0, 1, 1], "texture": "#iron_block"},
				"up": {"uv": [1, 2, 2, 3], "texture": "#iron_block"},
				"down": {"uv": [1, 1, 14, 2], "texture": "#iron_block"}
			}
		},
		{
			"name": "Cube",
			"from": [6.5, 6, 4],
			"to": [9.5, 6.5, 5],
			"faces": {
				"north": {"uv": [2, 1, 5, 1.5], "texture": "#iron_block"},
				"east": {"uv": [0, 0, 1, 1], "texture": "#iron_block"},
				"south": {"uv": [2, 4, 5, 4.5], "texture": "#iron_block"},
				"west": {"uv": [0, 0, 1, 0.5], "texture": "#iron_block"},
				"up": {"uv": [1, 2, 4, 3], "texture": "#iron_block"}
			}
		},
		{
			"name": "Cube",
			"from": [11.5, 5.5, 2],
			"to": [12.5, 6.5, 3],
			"faces": {
				"north": {"uv": [2, 1, 3, 2], "texture": "#iron_block"},
				"east": {"uv": [0, 0, 1, 1], "texture": "#iron_block"},
				"south": {"uv": [2, 4, 3, 5], "texture": "#iron_block"},
				"west": {"uv": [0, 0, 1, 1], "texture": "#iron_block"},
				"up": {"uv": [1, 2, 2, 3], "texture": "#iron_block"},
				"down": {"uv": [1, 1, 14, 2], "texture": "#iron_block"}
			}
		},
		{
			"name": "Cube",
			"from": [3.5, 5.5, 2],
			"to": [4.5, 6.5, 3],
			"faces": {
				"north": {"uv": [2, 1, 3, 2], "texture": "#iron_block"},
				"east": {"uv": [0, 0, 1, 1], "texture": "#iron_block"},
				"south": {"uv": [2, 4, 3, 5], "texture": "#iron_block"},
				"west": {"uv": [0, 0, 1, 1], "texture": "#iron_block"},
				"up": {"uv": [1, 2, 2, 3], "texture": "#iron_block"},
				"down": {"uv": [1, 1, 14, 2], "texture": "#iron_block"}
			}
		},
		{
			"name": "Cube",
			"from": [9.5, 6, 3],
			"to": [11.5, 6.5, 4],
			"faces": {
				"north": {"uv": [2, 1, 4, 1.5], "texture": "#iron_block"},
				"east": {"uv": [0, 0, 1, 1], "texture": "#iron_block"},
				"south": {"uv": [2, 4, 4, 4.5], "texture": "#iron_block"},
				"west": {"uv": [0, 0, 1, 0.5], "texture": "#iron_block"},
				"up": {"uv": [1, 2, 3, 3], "texture": "#iron_block"},
				"down": {"uv": [1, 1, 14, 2], "texture": "#iron_block"}
			}
		},
		{
			"name": "Cube",
			"from": [4.5, 6, 3],
			"to": [6.5, 6.5, 4],
			"faces": {
				"north": {"uv": [2, 1, 4, 1.5], "texture": "#iron_block"},
				"east": {"uv": [0, 0, 1, 1], "texture": "#iron_block"},
				"south": {"uv": [2, 4, 4, 4.5], "texture": "#iron_block"},
				"west": {"uv": [0, 0, 1, 0.5], "texture": "#iron_block"},
				"up": {"uv": [1, 2, 3, 3], "texture": "#iron_block"},
				"down": {"uv": [1, 1, 14, 2], "texture": "#iron_block"}
			}
		}
	],
	"display": {
		"thirdperson_righthand": {
			"translation": [0, 3.27, 0]
		},
		"thirdperson_lefthand": {
			"translation": [0, 3.25, 0]
		},
		"firstperson_righthand": {
			"rotation": [15, 25, -15],
			"scale": [0.8, 0.8, 0.8]
		},
		"ground": {
			"translation": [0, 8, 0]
		},
		"gui": {
			"rotation": [33, -38, 0],
			"translation": [-2, 1, 0],
			"scale": [0.8, 0.8, 0.8]
		},
		"fixed": {
			"rotation": [-90, 0, 0],
			"translation": [0, 4.5, -10.5],
			"scale": [1.5, 1.5, 1.5]
		}
	}
}