{
	"credit": "Made with Blockbench",
	"textures": {
		"0": "./wood",
		"1": "./steel",
		"2": "./darks",
		"particle": "./steel"
	},
	"elements": [
		{
			"name": "head1",
			"from": [7.3, 7.8, 8],
			"to": [8.7, 9, 15],
			"faces": {
				"north": {"uv": [7.3, 7, 8.7, 8.2], "texture": "#1"},
				"east": {"uv": [1, 7, 8, 8.2], "texture": "#1"},
				"south": {"uv": [7.3, 7, 8.7, 8.2], "texture": "#1"},
				"west": {"uv": [8, 7, 15, 8.2], "texture": "#1"},
				"up": {"uv": [7.3, 8, 8.7, 15], "texture": "#1"},
				"down": {"uv": [7.3, 1, 8.7, 8], "texture": "#1"}
			}
		},
		{
			"name": "head2",
			"from": [7.6, 7.9, 5],
			"to": [8.4, 9, 8],
			"faces": {
				"north": {"uv": [7.6, 7, 8.4, 8.1], "texture": "#1"},
				"east": {"uv": [8, 7, 11, 8.1], "texture": "#1"},
				"south": {"uv": [7.6, 7, 8.4, 8.1], "texture": "#1"},
				"west": {"uv": [5, 7, 8, 8.1], "texture": "#1"},
				"up": {"uv": [7.6, 5, 8.4, 8], "texture": "#1"},
				"down": {"uv": [7.6, 8, 8.4, 11], "texture": "#1"}
			}
		},
		{
			"name": "head3",
			"from": [7.3, 7.8, 6],
			"to": [8.7, 8.7, 8],
			"faces": {
				"north": {"uv": [7.3, 7.3, 8.7, 8.2], "texture": "#1"},
				"east": {"uv": [8, 7.3, 10, 8.2], "texture": "#1"},
				"south": {"uv": [7.3, 7.3, 8.7, 8.2], "texture": "#1"},
				"west": {"uv": [6, 7.3, 8, 8.2], "texture": "#1"},
				"up": {"uv": [7.3, 6, 8.7, 8], "texture": "#1"},
				"down": {"uv": [7.3, 8, 8.7, 10], "texture": "#1"}
			}
		},
		{
			"name": "head4",
			"from": [7, 8, 6],
			"to": [7.3, 8.4, 8],
			"rotation": {"angle": -45, "axis": "z", "origin": [8, 8, 8]},
			"faces": {
				"north": {"uv": [8.7, 7.6, 9, 8], "texture": "#1"},
				"east": {"uv": [8, 7.6, 10, 8], "texture": "#1"},
				"south": {"uv": [7, 7.6, 7.3, 8], "texture": "#1"},
				"west": {"uv": [6, 7.6, 8, 8], "texture": "#1"},
				"up": {"uv": [7, 6, 7.3, 8], "texture": "#1"},
				"down": {"uv": [7, 8, 7.3, 10], "texture": "#1"}
			}
		},
		{
			"name": "head5",
			"from": [7.6, 8.7, 6],
			"to": [8, 9, 8],
			"rotation": {"angle": -45, "axis": "z", "origin": [8, 8, 8]},
			"faces": {
				"north": {"uv": [8, 7, 8.4, 7.3], "texture": "#1"},
				"east": {"uv": [8, 7, 10, 7.3], "texture": "#1"},
				"south": {"uv": [7.6, 7, 8, 7.3], "texture": "#1"},
				"west": {"uv": [6, 7, 8, 7.3], "texture": "#1"},
				"up": {"uv": [7.6, 6, 8, 8], "texture": "#1"},
				"down": {"uv": [7.6, 8, 8, 10], "texture": "#1"}
			}
		},
		{
			"name": "end1",
			"from": [7.4, 8.2, -3],
			"to": [7.8, 8.6, 5],
			"rotation": {"angle": -45, "axis": "z", "origin": [8, 8, 8]},
			"faces": {
				"north": {"uv": [8.2, 7.4, 8.6, 7.8], "texture": "#2"},
				"east": {"uv": [11, 7.4, 16, 7.8], "texture": "#1"},
				"south": {"uv": [7.4, 7.4, 7.8, 7.8], "texture": "#1"},
				"west": {"uv": [0, 7.4, 5, 7.8], "texture": "#1"},
				"up": {"uv": [7.4, 0, 7.8, 5], "texture": "#1"},
				"down": {"uv": [7.4, 11, 7.8, 16], "texture": "#1"}
			}
		},
		{
			"name": "head7",
			"from": [7.8, 9, 8],
			"to": [8.2, 9.3, 8.4],
			"faces": {
				"north": {"uv": [7.8, 6.7, 8.2, 7], "texture": "#2"},
				"east": {"uv": [7.6, 6.7, 8, 7], "texture": "#2"},
				"south": {"uv": [7.8, 6.7, 8.2, 7], "texture": "#2"},
				"west": {"uv": [8, 6.7, 8.4, 7], "texture": "#2"},
				"up": {"uv": [7.8, 8, 8.2, 8.4], "texture": "#2"},
				"down": {"uv": [7.8, 7.6, 8.2, 8], "texture": "#2"}
			}
		},
		{
			"name": "ammobox1",
			"from": [4.4, 4.4, 6.6],
			"to": [8.4, 8.4, 8],
			"rotation": {"angle": 45, "axis": "z", "origin": [8, 8, 8]},
			"faces": {
				"north": {"uv": [7.6, 7.6, 11.6, 11.6], "texture": "#2"},
				"east": {"uv": [8, 7.6, 9.4, 11.6], "texture": "#2"},
				"south": {"uv": [4.4, 7.6, 8.4, 11.6], "texture": "#2"},
				"west": {"uv": [6.6, 7.6, 8, 11.6], "texture": "#2"},
				"up": {"uv": [4.4, 6.6, 8.4, 8], "texture": "#2"},
				"down": {"uv": [4.4, 8, 8.4, 9.4], "texture": "#2"}
			}
		},
		{
			"name": "shot1",
			"from": [7.6, 7.1, 8],
			"to": [8.4, 7.8, 12],
			"faces": {
				"north": {"uv": [7.6, 8.2, 8.4, 8.9], "texture": "#1"},
				"east": {"uv": [4, 8.2, 8, 8.9], "texture": "#1"},
				"south": {"uv": [7.6, 8.2, 8.4, 8.9], "texture": "#1"},
				"west": {"uv": [8, 8.2, 12, 8.9], "texture": "#1"},
				"up": {"uv": [7.6, 8, 8.4, 12], "texture": "#1"},
				"down": {"uv": [7.6, 4, 8.4, 8], "texture": "#1"}
			}
		},
		{
			"name": "shot2",
			"from": [7.6, 5.8, 8],
			"to": [8.4, 7.1, 8.4],
			"faces": {
				"north": {"uv": [7.6, 8.9, 8.4, 10.2], "texture": "#1"},
				"east": {"uv": [7.6, 8.9, 8, 10.2], "texture": "#1"},
				"south": {"uv": [7.6, 8.9, 8.4, 10.2], "texture": "#1"},
				"west": {"uv": [8, 8.9, 8.4, 10.2], "texture": "#1"},
				"up": {"uv": [7.6, 8, 8.4, 8.4], "texture": "#1"},
				"down": {"uv": [7.6, 7.6, 8.4, 8], "texture": "#1"}
			}
		},
		{
			"name": "shot3",
			"from": [7.6, 5.8, 8.4],
			"to": [8.4, 6, 10.6],
			"faces": {
				"north": {"uv": [7.6, 10, 8.4, 10.2], "texture": "#1"},
				"east": {"uv": [5.4, 10, 7.6, 10.2], "texture": "#1"},
				"south": {"uv": [7.6, 10, 8.4, 10.2], "texture": "#1"},
				"west": {"uv": [8.4, 10, 10.6, 10.2], "texture": "#1"},
				"up": {"uv": [7.6, 8.4, 8.4, 10.6], "texture": "#1"},
				"down": {"uv": [7.6, 5.4, 8.4, 7.6], "texture": "#1"}
			}
		},
		{
			"name": "shot4",
			"from": [7.6, 6.6, 10.6],
			"to": [8.4, 7.1, 12],
			"faces": {
				"north": {"uv": [7.6, 8.9, 8.4, 9.4], "texture": "#1"},
				"east": {"uv": [4, 8.9, 5.4, 9.4], "texture": "#1"},
				"south": {"uv": [7.6, 8.9, 8.4, 9.4], "texture": "#1"},
				"west": {"uv": [10.6, 8.9, 12, 9.4], "texture": "#1"},
				"up": {"uv": [7.6, 10.6, 8.4, 12], "texture": "#1"},
				"down": {"uv": [7.6, 4, 8.4, 5.4], "texture": "#1"}
			}
		},
		{
			"name": "shot5",
			"from": [7.7, 6.2, 9.6],
			"to": [8.3, 7.1, 9.8],
			"faces": {
				"north": {"uv": [7.7, 8.9, 8.3, 9.8], "texture": "#2"},
				"east": {"uv": [6.2, 8.9, 6.4, 9.8], "texture": "#2"},
				"south": {"uv": [7.7, 8.9, 8.3, 9.8], "texture": "#2"},
				"west": {"uv": [9.6, 8.9, 9.8, 9.8], "texture": "#2"},
				"up": {"uv": [7.7, 9.6, 8.3, 9.8], "texture": "#2"},
				"down": {"uv": [7.7, 6.2, 8.3, 6.4], "texture": "#2"}
			}
		},
		{
			"name": "holdershot1",
			"from": [7.8, 6, 10.6],
			"to": [8.2, 6.6, 11.8],
			"faces": {
				"north": {"uv": [7.8, 9.4, 8.2, 10], "texture": "#0"},
				"east": {"uv": [4.2, 9.4, 5.4, 10], "texture": "#0"},
				"south": {"uv": [7.8, 9.4, 8.2, 10], "texture": "#0"},
				"west": {"uv": [10.6, 9.4, 11.8, 10], "texture": "#0"},
				"up": {"uv": [7.8, 10.6, 8.2, 11.8], "texture": "#0"},
				"down": {"uv": [7.8, 4.2, 8.2, 5.4], "texture": "#0"}
			}
		},
		{
			"name": "holdershot2",
			"from": [7.7, 2.9, 9.5],
			"to": [8.3, 5.2, 11],
			"rotation": {"angle": -22.5, "axis": "x", "origin": [8, 8, 8]},
			"faces": {
				"north": {"uv": [7.7, 10.8, 8.3, 13.1], "texture": "#0"},
				"east": {"uv": [5, 10.8, 6.5, 13.1], "texture": "#0"},
				"south": {"uv": [7.7, 10.8, 8.3, 13.1], "texture": "#0"},
				"west": {"uv": [9.5, 10.8, 11, 13.1], "texture": "#0"},
				"up": {"uv": [7.7, 9.5, 8.3, 11], "texture": "#0"},
				"down": {"uv": [7.7, 5, 8.3, 6.5], "texture": "#0"}
			}
		},
		{
			"name": "holderstart1",
			"from": [7.6, 7.1, 12.9],
			"to": [8.4, 7.8, 15.4],
			"faces": {
				"north": {"uv": [7.6, 8.2, 8.4, 8.9], "texture": "#0"},
				"east": {"uv": [0.6, 8.2, 3.1, 8.9], "texture": "#0"},
				"south": {"uv": [7.6, 8.2, 8.4, 8.9], "texture": "#0"},
				"west": {"uv": [12.9, 8.2, 15.4, 8.9], "texture": "#0"},
				"up": {"uv": [7.6, 12.9, 8.4, 15.4], "texture": "#0"},
				"down": {"uv": [7.6, 0.6, 8.4, 3.1], "texture": "#0"}
			}
		},
		{
			"name": "holderstart2",
			"from": [7.6, 6.6, 13.9],
			"to": [8.4, 7.1, 15],
			"faces": {
				"north": {"uv": [7.6, 8.9, 8.4, 9.4], "texture": "#0"},
				"east": {"uv": [1, 8.9, 2.1, 9.4], "texture": "#0"},
				"south": {"uv": [7.6, 8.9, 8.4, 9.4], "texture": "#0"},
				"west": {"uv": [13.9, 8.9, 15, 9.4], "texture": "#0"},
				"up": {"uv": [7.6, 13.9, 8.4, 15], "texture": "#0"},
				"down": {"uv": [7.6, 1, 8.4, 2.1], "texture": "#0"}
			}
		},
		{
			"name": "holderstart3",
			"from": [7.5, 10.3, 14.9],
			"to": [8.5, 10.7, 16],
			"rotation": {"angle": 22.5, "axis": "x", "origin": [8, 8, 8]},
			"faces": {
				"north": {"uv": [7.5, 5.3, 8.5, 5.7], "texture": "#0"},
				"east": {"uv": [0, 5.3, 1.1, 5.7], "texture": "#0"},
				"south": {"uv": [7.5, 5.3, 8.5, 5.7], "texture": "#0"},
				"west": {"uv": [14.9, 5.3, 16, 5.7], "texture": "#0"},
				"up": {"uv": [7.5, 14.9, 8.5, 16], "texture": "#0"},
				"down": {"uv": [7.5, 0, 8.5, 1.1], "texture": "#0"}
			}
		},
		{
			"name": "holderstart4",
			"from": [7.5, 9.3, 14.8],
			"to": [8.5, 10.3, 20.9],
			"rotation": {"angle": 22.5, "axis": "x", "origin": [8, 8, 8]},
			"faces": {
				"north": {"uv": [7.5, 5.7, 8.5, 6.7], "texture": "#0"},
				"east": {"uv": [0, 5.7, 1.2, 6.7], "texture": "#0"},
				"south": {"uv": [7.5, 5.7, 8.5, 6.7], "texture": "#0"},
				"west": {"uv": [14.8, 5.7, 16, 6.7], "texture": "#0"},
				"up": {"uv": [7.5, 14.8, 8.5, 16], "texture": "#0"},
				"down": {"uv": [7.5, 0, 8.5, 1.2], "texture": "#0"}
			}
		},
		{
			"name": "holderstart5",
			"from": [7.5, 6.9, 12.9],
			"to": [8.5, 7.1, 13.9],
			"faces": {
				"north": {"uv": [7.5, 8.9, 8.5, 9.1], "texture": "#0"},
				"east": {"uv": [2.1, 8.9, 3.1, 9.1], "texture": "#0"},
				"south": {"uv": [7.5, 8.9, 8.5, 9.1], "texture": "#0"},
				"west": {"uv": [12.9, 8.9, 13.9, 9.1], "texture": "#0"},
				"up": {"uv": [7.5, 12.9, 8.5, 13.9], "texture": "#0"},
				"down": {"uv": [7.5, 2.1, 8.5, 3.1], "texture": "#0"}
			}
		},
		{
			"name": "holderstart6",
			"from": [7.5, 10.3, 16],
			"to": [8.5, 11.1, 20.4],
			"rotation": {"angle": 22.5, "axis": "x", "origin": [8, 8, 8]},
			"faces": {
				"north": {"uv": [7.5, 4.9, 8.5, 5.7], "texture": "#0"},
				"east": {"uv": [0, 4.9, 0, 5.7], "texture": "#0"},
				"south": {"uv": [7.5, 4.9, 8.5, 5.7], "texture": "#0"},
				"west": {"uv": [16, 4.9, 16, 5.7], "texture": "#0"},
				"up": {"uv": [7.5, 16, 8.5, 16], "texture": "#0"},
				"down": {"uv": [7.5, 0, 8.5, 0], "texture": "#0"}
			}
		},
		{
			"name": "holderstart7",
			"from": [7.5, 11.1, 17.5],
			"to": [8.5, 11.4, 20.6],
			"rotation": {"angle": 22.5, "axis": "x", "origin": [8, 8, 8]},
			"faces": {
				"north": {"uv": [7.5, 4.6, 8.5, 4.9], "texture": "#0"},
				"east": {"uv": [0, 4.6, 0, 4.9], "texture": "#0"},
				"south": {"uv": [7.5, 4.6, 8.5, 4.9], "texture": "#0"},
				"west": {"uv": [16, 4.6, 16, 4.9], "texture": "#0"},
				"up": {"uv": [7.5, 16, 8.5, 16], "texture": "#0"},
				"down": {"uv": [7.5, 0, 8.5, 0], "texture": "#0"}
			}
		},
		{
			"name": "holderstart8",
			"from": [7.4, 4.3, 20.3],
			"to": [8.6, 6.3, 21],
			"faces": {
				"north": {"uv": [7.4, 9.7, 8.6, 11.7], "texture": "#0"},
				"east": {"uv": [0, 9.7, 0, 11.7], "texture": "#0"},
				"south": {"uv": [7.4, 9.7, 8.6, 11.7], "texture": "#0"},
				"west": {"uv": [16, 9.7, 16, 11.7], "texture": "#0"},
				"up": {"uv": [7.4, 16, 8.6, 16], "texture": "#0"},
				"down": {"uv": [7.4, 0, 8.6, 0], "texture": "#0"}
			}
		},
		{
			"name": "holderstart9",
			"from": [7.4, 9.7, 16.5],
			"to": [8.6, 10.8, 20],
			"rotation": {"angle": 22.5, "axis": "x", "origin": [8, 8, 8]},
			"faces": {
				"north": {"uv": [7.4, 5.2, 8.6, 6.3], "texture": "#0"},
				"east": {"uv": [0, 5.2, 0, 6.3], "texture": "#0"},
				"south": {"uv": [7.4, 5.2, 8.6, 6.3], "texture": "#0"},
				"west": {"uv": [16, 5.2, 16, 6.3], "texture": "#0"},
				"up": {"uv": [7.4, 16, 8.6, 16], "texture": "#0"},
				"down": {"uv": [7.4, 0, 8.6, 0], "texture": "#0"}
			}
		},
		{
			"name": "holderend1",
			"from": [7.6, 7.75, 0.8],
			"to": [8.4, 8.25, 5],
			"rotation": {"angle": 0, "axis": "y", "origin": [8, 8.25, 8]},
			"faces": {
				"north": {"uv": [7.6, 8, 8.4, 8.5], "texture": "#0"},
				"east": {"uv": [11, 8, 15.2, 8.5], "texture": "#0"},
				"south": {"uv": [7.6, 8, 8.4, 8.5], "texture": "#0"},
				"west": {"uv": [0.8, 8, 5, 8.5], "texture": "#0"},
				"up": {"uv": [7.6, 0.8, 8.4, 5], "texture": "#0"},
				"down": {"uv": [7.6, 11, 8.4, 15.2], "texture": "#0"}
			}
		},
		{
			"name": "holderend2",
			"from": [7.7, 7.15, 1.1],
			"to": [8.3, 10.35, 2.5],
			"rotation": {"angle": -22.5, "axis": "x", "origin": [8, 8.25, 8]},
			"faces": {
				"north": {"uv": [7.7, 5.9, 8.3, 9.1], "texture": "#0"},
				"east": {"uv": [13.5, 5.9, 14.9, 9.1], "texture": "#0"},
				"south": {"uv": [7.7, 5.9, 8.3, 9.1], "texture": "#0"},
				"west": {"uv": [1.1, 5.9, 2.5, 9.1], "texture": "#0"},
				"up": {"uv": [7.7, 1.1, 8.3, 2.5], "texture": "#0"},
				"down": {"uv": [7.7, 13.5, 8.3, 14.9], "texture": "#0"}
			}
		},
		{
			"name": "holderend4",
			"from": [7.8, 9.5, 1.1],
			"to": [8.2, 10.3, 2.3],
			"rotation": {"angle": -22.5, "axis": "x", "origin": [8.1, 8, 8]},
			"faces": {
				"north": {"uv": [7.8, 5.7, 8.2, 6.5], "texture": "#0"},
				"east": {"uv": [13.7, 5.7, 14.9, 6.5], "texture": "#0"},
				"south": {"uv": [7.8, 5.7, 8.2, 6.5], "texture": "#0"},
				"west": {"uv": [1.1, 5.7, 2.3, 6.5], "texture": "#0"},
				"up": {"uv": [7.8, 1.1, 8.2, 2.3], "texture": "#0"},
				"down": {"uv": [7.8, 13.7, 8.2, 14.9], "texture": "#0"}
			}
		},
		{
			"name": "holderend5",
			"from": [7.8, 3.3, 4.3],
			"to": [8.2, 4.1, 4.8],
			"rotation": {"angle": 45, "axis": "x", "origin": [8.1, 8, 8]},
			"faces": {
				"north": {"uv": [7.8, 11.9, 8.2, 12.7], "texture": "#0"},
				"east": {"uv": [11.2, 11.9, 11.7, 12.7], "texture": "#0"},
				"south": {"uv": [7.8, 11.9, 8.2, 12.7], "texture": "#0"},
				"west": {"uv": [4.3, 11.9, 4.8, 12.7], "texture": "#0"},
				"up": {"uv": [7.8, 4.3, 8.2, 4.8], "texture": "#0"},
				"down": {"uv": [7.8, 11.2, 8.2, 11.7], "texture": "#0"}
			}
		},
		{
			"name": "holderend6",
			"from": [7.7, 7.15, 4.6],
			"to": [8.3, 7.75, 5],
			"rotation": {"angle": 0, "axis": "y", "origin": [8, 8.25, 8]},
			"faces": {
				"north": {"uv": [7.7, 8.5, 8.3, 9.1], "texture": "#0"},
				"east": {"uv": [11, 8.5, 11.4, 9.1], "texture": "#0"},
				"south": {"uv": [7.7, 8.5, 8.3, 9.1], "texture": "#0"},
				"west": {"uv": [4.6, 8.5, 5, 9.1], "texture": "#0"},
				"up": {"uv": [7.7, 4.6, 8.3, 5], "texture": "#0"},
				"down": {"uv": [7.7, 11, 8.3, 11.4], "texture": "#0"}
			}
		},
		{
			"name": "holderend7",
			"from": [7.8, 6.05, 4.1],
			"to": [8.2, 6.55, 5.4],
			"rotation": {"angle": 22.5, "axis": "x", "origin": [8.1, 8.25, 8]},
			"faces": {
				"north": {"uv": [7.8, 9.7, 8.2, 10.2], "texture": "#0"},
				"east": {"uv": [10.6, 9.7, 11.9, 10.2], "texture": "#0"},
				"south": {"uv": [7.8, 9.7, 8.2, 10.2], "texture": "#0"},
				"west": {"uv": [4.1, 9.7, 5.4, 10.2], "texture": "#0"},
				"up": {"uv": [7.8, 4.1, 8.2, 5.4], "texture": "#0"},
				"down": {"uv": [7.8, 10.6, 8.2, 11.9], "texture": "#0"}
			}
		},
		{
			"name": "holderend11",
			"from": [7.8, 12.05, 3.7],
			"to": [8.2, 12.55, 4.2],
			"rotation": {"angle": -45, "axis": "x", "origin": [8, 8.25, 8]},
			"faces": {
				"north": {"uv": [7.8, 3.7, 8.2, 4.2], "texture": "#0"},
				"east": {"uv": [11.8, 3.7, 12.3, 4.2], "texture": "#0"},
				"south": {"uv": [7.8, 3.7, 8.2, 4.2], "texture": "#0"},
				"west": {"uv": [3.7, 3.7, 4.2, 4.2], "texture": "#0"},
				"up": {"uv": [7.8, 3.7, 8.2, 4.2], "texture": "#0"},
				"down": {"uv": [7.8, 11.8, 8.2, 12.3], "texture": "#0"}
			}
		},
		{
			"name": "end2",
			"from": [7.3, 8.1, -3],
			"to": [7.9, 8.7, -2],
			"rotation": {"angle": -45, "axis": "z", "origin": [8, 8, 8]},
			"faces": {
				"north": {"uv": [8.1, 7.3, 8.7, 7.9], "texture": "#2"},
				"east": {"uv": [16, 7.3, 16, 7.9], "texture": "#2"},
				"south": {"uv": [7.3, 7.3, 7.9, 7.9], "texture": "#2"},
				"west": {"uv": [0, 7.3, 0, 7.9], "texture": "#2"},
				"up": {"uv": [7.3, 0, 7.9, 0], "texture": "#2"},
				"down": {"uv": [7.3, 16, 7.9, 16], "texture": "#2"}
			}
		},
		{
			"name": "ammobox2",
			"from": [4, 5.3, 6.7],
			"to": [8.8, 7.5, 7.9],
			"rotation": {"angle": 45, "axis": "z", "origin": [8, 8, 8.1]},
			"faces": {
				"north": {"uv": [7.2, 8.5, 12, 10.7], "texture": "#2"},
				"east": {"uv": [8.1, 8.5, 9.3, 10.7], "texture": "#2"},
				"south": {"uv": [4, 8.5, 8.8, 10.7], "texture": "#2"},
				"west": {"uv": [6.7, 8.5, 7.9, 10.7], "texture": "#2"},
				"up": {"uv": [4, 6.7, 8.8, 7.9], "texture": "#2"},
				"down": {"uv": [4, 8.1, 8.8, 9.3], "texture": "#2"}
			}
		},
		{
			"name": "ammobox3",
			"from": [7.2, 5.3, 6.7],
			"to": [12, 7.5, 7.9],
			"rotation": {"angle": -45, "axis": "z", "origin": [8, 8, 8]},
			"faces": {
				"north": {"uv": [4, 8.5, 8.8, 10.7], "texture": "#2"},
				"east": {"uv": [8.1, 8.5, 9.3, 10.7], "texture": "#2"},
				"south": {"uv": [7.2, 8.5, 12, 10.7], "texture": "#2"},
				"west": {"uv": [6.7, 8.5, 7.9, 10.7], "texture": "#2"},
				"up": {"uv": [7.2, 6.7, 12, 7.9], "texture": "#2"},
				"down": {"uv": [7.2, 8.1, 12, 9.3], "texture": "#2"}
			}
		},
		{
			"name": "ammobo4",
			"from": [8.5, 5.3, 6.4],
			"to": [10.7, 7.5, 8.2],
			"rotation": {"angle": -45, "axis": "z", "origin": [8, 8, 8]},
			"faces": {
				"north": {"uv": [5.3, 8.5, 7.5, 10.7], "texture": "#1"},
				"east": {"uv": [7.8, 8.5, 9.6, 10.7], "texture": "#1"},
				"south": {"uv": [8.5, 8.5, 10.7, 10.7], "texture": "#1"},
				"west": {"uv": [6.4, 8.5, 8.2, 10.7], "texture": "#1"},
				"up": {"uv": [8.5, 6.4, 10.7, 8.2], "texture": "#1"},
				"down": {"uv": [8.5, 7.8, 10.7, 9.6], "texture": "#1"}
			}
		},
		{
			"name": "end25",
			"from": [7.9, 8.9, -2.6],
			"to": [8.1, 9.4, -2.3],
			"faces": {
				"north": {"uv": [7.9, 6.6, 8.1, 7.1], "texture": "#1"},
				"east": {"uv": [16, 6.6, 16, 7.1], "texture": "#1"},
				"south": {"uv": [7.9, 6.6, 8.1, 7.1], "texture": "#1"},
				"west": {"uv": [0, 6.6, 0, 7.1], "texture": "#1"},
				"up": {"uv": [7.9, 0, 8.1, 0], "texture": "#1"},
				"down": {"uv": [7.9, 16, 8.1, 16], "texture": "#1"}
			}
		}
	],
	"display": {
		"thirdperson_righthand": {
			"translation": [0, 1.25, -1.5],
			"scale": [0.79, 0.79, 0.79]
		},
		"thirdperson_lefthand": {
			"translation": [0, 1.25, -1.5],
			"scale": [0.79, 0.79, 0.79]
		},
		"firstperson_righthand": {
			"rotation": [19, 15, 0],
			"translation": [0, 2.5, -1.5]
		},
		"firstperson_lefthand": {
			"rotation": [16, -28, 0],
			"translation": [-0.25, 2.5, -1.75]
		},
		"ground": {
			"translation": [0, 1.5, 0],
			"scale": [0.62, 0.62, 0.62]
		},
		"gui": {
			"rotation": [33, -35, 55],
			"translation": [0, 1.75, -1.5],
			"scale": [0.9, 0.9, 0.9]
		},
		"head": {
			"translation": [0, 11.5, 0]
		},
		"fixed": {
			"rotation": [0, 90, 0],
			"translation": [-1, 0.5, -1.5],
			"scale": [1.08, 1.08, 1.08]
		}
	}
}