{
	"credit": "Made with Blockbench",
	"textures": {
		"0": "./clushka_blue",
		"1": "./black_wool",
		"particle": "./clushka_blue"
	},
	"elements": [
		{
			"from": [8, 0.5, 6],
			"to": [8.75, 1.5, 11.5],
			"rotation": {"angle": 0, "axis": "y", "origin": [16, 8.5, 18]},
			"faces": {
				"north": {"uv": [0, 0, 0.75, 1], "texture": "#1"},
				"east": {"uv": [8, 9, 13.5, 10], "texture": "#1"},
				"south": {"uv": [0, 0, 0.75, 1], "texture": "#1"},
				"west": {"uv": [1, 3, 6.5, 4], "texture": "#1"},
				"up": {"uv": [0, 0, 0.75, 5.5], "texture": "#1"},
				"down": {"uv": [0, 0, 0.75, 5.5], "texture": "#1"}
			}
		},
		{
			"from": [8, 1, 5.5],
			"to": [8.75, 2, 12],
			"rotation": {"angle": 0, "axis": "y", "origin": [16, 9, 18]},
			"faces": {
				"north": {"uv": [0, 0, 0.75, 1], "texture": "#1"},
				"east": {"uv": [7, 7, 13.5, 8], "texture": "#1"},
				"south": {"uv": [0, 0, 0.75, 1], "texture": "#1"},
				"west": {"uv": [2, 2, 8.5, 3], "texture": "#1"},
				"up": {"uv": [1, 2, 1.75, 8.5], "texture": "#1"},
				"down": {"uv": [0, 0, 0.75, 6.5], "texture": "#1"}
			}
		},
		{
			"from": [8, -0.5, 8],
			"to": [8.75, 13.5, 9],
			"rotation": {"angle": 22.5, "axis": "x", "origin": [16, -7, 16]},
			"faces": {
				"north": {"uv": [15, 1, 16, 16], "rotation": 180, "texture": "#0"},
				"east": {"uv": [1, 0, 16, 1], "rotation": 270, "texture": "#0"},
				"south": {"uv": [0, 1, 1, 16], "texture": "#0"},
				"west": {"uv": [1, 1, 16, 2], "rotation": 90, "texture": "#0"},
				"up": {"uv": [0, 0, 0.75, 1], "rotation": 180, "texture": "#0"},
				"down": {"uv": [0, 0, 0.75, 1], "texture": "#0"}
			}
		}
	],
	"display": {
		"thirdperson_righthand": {
			"rotation": [57, 0, 0],
			"translation": [0, 7, -4.75],
			"scale": [1.4, 1.4, 1.4]
		},
		"thirdperson_lefthand": {
			"rotation": [57, 0, 0],
			"translation": [0, 7, -5],
			"scale": [1.4, 1.4, 1.4]
		},
		"firstperson_righthand": {
			"rotation": [8, 3, 0],
			"translation": [-1.5, 0.5, -5.25]
		},
		"firstperson_lefthand": {
			"rotation": [5, 2, 0],
			"translation": [-3, 2.5, -3.25]
		},
		"ground": {
			"translation": [0, 7.25, 0]
		},
		"gui": {
			"rotation": [0, 132, 0],
			"translation": [-2, 0.75, 0]
		},
		"fixed": {
			"rotation": [0, -90, 0],
			"translation": [8.5, 1.5, -0.75],
			"scale": [2.1, 2.5, 2.49]
		}
	}
}