{
	"credit": "Made with Blockbench",
	"textures": {
		"0": "./cyberbow",
		"particle": "./cyberbow"
	},
	"elements": [
		{
			"from": [6, 5, 6],
			"to": [10, 5.75, 10],
			"rotation": {"angle": 0, "axis": "y", "origin": [14, 13, 14]},
			"faces": {
				"north": {"uv": [1, 0, 5, 0.75], "texture": "#0"},
				"east": {"uv": [0, 5, 4, 5.75], "texture": "#0"},
				"south": {"uv": [1, 0, 5, 0.75], "texture": "#0"},
				"west": {"uv": [2, 0, 4, 0.75], "texture": "#0"},
				"up": {"uv": [1, 0, 5, 4], "texture": "#0"},
				"down": {"uv": [1, 0, 5, 4], "texture": "#0"}
			}
		},
		{
			"from": [6, 0.25, 6],
			"to": [10, 1, 10],
			"rotation": {"angle": 0, "axis": "y", "origin": [14, 8, 14]},
			"faces": {
				"north": {"uv": [1, 0, 5, 0.75], "texture": "#0"},
				"east": {"uv": [0, 5, 4, 5.75], "texture": "#0"},
				"south": {"uv": [1, 0, 5, 0.75], "texture": "#0"},
				"west": {"uv": [0, 6, 4, 6.75], "texture": "#0"},
				"up": {"uv": [1, 0, 5, 4], "texture": "#0"},
				"down": {"uv": [1, 0, 5, 4], "texture": "#0"}
			}
		},
		{
			"from": [6, 1, 10],
			"to": [10, 5, 10.75],
			"rotation": {"angle": 0, "axis": "y", "origin": [14, 9, 18]},
			"faces": {
				"north": {"uv": [1, 0, 5, 4], "texture": "#0"},
				"east": {"uv": [0, 0, 0.75, 4], "texture": "#0"},
				"south": {"uv": [1, 0, 5, 4], "texture": "#0"},
				"west": {"uv": [0, 0, 0.75, 4], "texture": "#0"},
				"up": {"uv": [1, 0, 5, 0.75], "texture": "#0"},
				"down": {"uv": [1, 0, 5, 0.75], "texture": "#0"}
			}
		},
		{
			"from": [6, 1, 5.25],
			"to": [10, 5, 6],
			"rotation": {"angle": 0, "axis": "y", "origin": [14, 9, 13]},
			"faces": {
				"north": {"uv": [1, 0, 5, 4], "texture": "#0"},
				"east": {"uv": [0, 0, 0.75, 4], "texture": "#0"},
				"south": {"uv": [1, 0, 5, 4], "texture": "#0"},
				"west": {"uv": [0, 0, 0.75, 4], "texture": "#0"},
				"up": {"uv": [0, 0, 4, 0.75], "texture": "#0"},
				"down": {"uv": [0, 0, 4, 0.75], "texture": "#0"}
			}
		},
		{
			"from": [6, 0.5, 5.5],
			"to": [10, 1, 6],
			"rotation": {"angle": 0, "axis": "y", "origin": [14, 8, 13]},
			"faces": {
				"north": {"uv": [1, 0, 5, 0.5], "texture": "#0"},
				"east": {"uv": [0, 0, 0.5, 0.5], "texture": "#0"},
				"south": {"uv": [1, 0, 5, 1], "texture": "#0"},
				"west": {"uv": [0, 0, 0.5, 0.5], "texture": "#0"},
				"up": {"uv": [1, 0, 5, 0.5], "texture": "#0"},
				"down": {"uv": [1, 0, 5, 0.5], "texture": "#0"}
			}
		},
		{
			"from": [6, 0.5, 10],
			"to": [10, 1, 10.5],
			"rotation": {"angle": 0, "axis": "y", "origin": [14, 8, 17.5]},
			"faces": {
				"north": {"uv": [1, 0, 5, 0.5], "texture": "#0"},
				"east": {"uv": [0, 0, 0.5, 0.5], "texture": "#0"},
				"south": {"uv": [0, 0, 6, 1], "texture": "#0"},
				"west": {"uv": [0, 0, 0.5, 0.5], "texture": "#0"},
				"up": {"uv": [1, 0, 5, 0.5], "texture": "#0"},
				"down": {"uv": [1, 0, 5, 0.5], "texture": "#0"}
			}
		},
		{
			"from": [6, 5, 5.5],
			"to": [10, 5.5, 6],
			"rotation": {"angle": 0, "axis": "y", "origin": [14, 12.5, 13]},
			"faces": {
				"north": {"uv": [1, 0, 5, 0.5], "texture": "#0"},
				"east": {"uv": [0, 0, 0.5, 0.5], "texture": "#0"},
				"south": {"uv": [1, 0, 5, 0.5], "texture": "#0"},
				"west": {"uv": [0, 0, 0.5, 0.5], "texture": "#0"},
				"up": {"uv": [1, 1, 5, 1.5], "texture": "#0"},
				"down": {"uv": [1, 0, 5, 0.5], "texture": "#0"}
			}
		},
		{
			"from": [6, 5, 10],
			"to": [10, 5.5, 10.5],
			"rotation": {"angle": 0, "axis": "y", "origin": [14, 12.5, 17.5]},
			"faces": {
				"north": {"uv": [1, 0, 5, 0.5], "texture": "#0"},
				"east": {"uv": [0, 0, 0.5, 0.5], "texture": "#0"},
				"south": {"uv": [1, 0, 5, 0.5], "texture": "#0"},
				"west": {"uv": [0, 0, 0.5, 0.5], "texture": "#0"},
				"up": {"uv": [1, 0, 5, 0.5], "texture": "#0"},
				"down": {"uv": [1, 0, 5, 0.5], "texture": "#0"}
			}
		}
	],
	"display": {
		"thirdperson_righthand": {
			"rotation": [0, 90, 0],
			"translation": [0, 3, 3]
		},
		"thirdperson_lefthand": {
			"rotation": [0, 90, 0],
			"translation": [0, 3, 3]
		},
		"firstperson_righthand": {
			"rotation": [0, -75, 0],
			"translation": [1.5, 3.75, 1.5]
		},
		"firstperson_lefthand": {
			"rotation": [-13, 80, -1.5],
			"translation": [-1.25, 5.25, 1.5]
		},
		"ground": {
			"translation": [0, 5.25, 0]
		},
		"gui": {
			"rotation": [0, 100, 0],
			"translation": [0.25, 4.75, 0]
		},
		"fixed": {
			"rotation": [0, 90, 0],
			"translation": [0, 4.75, 0]
		}
	},
	"groups": [
		{
			"name": "group",
			"origin": [14, 13, 14],
			"children": [0, 1, 2, 3, 4, 5, 6, 7]
		}
	]
}