{
	"credit": "Made with Blockbench",
	"textures": {
		"0": "./rose",
		"1": "./osnova",
		"particle": "./rose"
	},
	"elements": [
		{
			"from": [9.75, 0, 7],
			"to": [10.75, 2, 10],
			"rotation": {"angle": 0, "axis": "y", "origin": [17.75, 8, 15]},
			"faces": {
				"north": {"uv": [9, 10, 10, 12], "texture": "#1"},
				"east": {"uv": [9, 10, 12, 12], "texture": "#1"},
				"south": {"uv": [13, 10, 14, 12], "texture": "#1"},
				"west": {"uv": [0, 0, 3, 2], "texture": "#1"},
				"up": {"uv": [0, 0, 1, 3], "texture": "#1"},
				"down": {"uv": [0, 0, 1, 3], "texture": "#1"}
			}
		},
		{
			"from": [9.75, 5, 7],
			"to": [10.75, 6, 10],
			"rotation": {"angle": 0, "axis": "y", "origin": [17.75, 13, 15]},
			"faces": {
				"north": {"uv": [0, 0, 1, 1], "texture": "#1"},
				"east": {"uv": [0, 0, 3, 1], "texture": "#1"},
				"south": {"uv": [0, 0, 1, 1], "texture": "#1"},
				"west": {"uv": [0, 0, 3, 1], "texture": "#1"},
				"up": {"uv": [0, 0, 1, 3], "texture": "#1"},
				"down": {"uv": [0, 0, 1, 3], "texture": "#1"}
			}
		},
		{
			"from": [10.75, 6, 6.25],
			"to": [11.75, 8, 10.75],
			"rotation": {"angle": 0, "axis": "y", "origin": [18.75, 14, 15]},
			"faces": {
				"north": {"uv": [0, 0, 1, 2], "texture": "#1"},
				"east": {"uv": [0, 0, 4.5, 2], "texture": "#1"},
				"south": {"uv": [0, 0, 1, 2], "texture": "#1"},
				"west": {"uv": [0, 0, 4.5, 2], "texture": "#1"},
				"up": {"uv": [0, 0, 1, 4.5], "texture": "#1"},
				"down": {"uv": [0, 0, 1, 4.5], "texture": "#1"}
			}
		},
		{
			"from": [11.75, 8, 5],
			"to": [12.75, 13, 12],
			"rotation": {"angle": 0, "axis": "y", "origin": [19.75, 16, 15]},
			"faces": {
				"north": {"uv": [11, 11, 12, 16], "texture": "#1"},
				"east": {"uv": [9, 11, 16, 16], "texture": "#1"},
				"south": {"uv": [14, 11, 15, 16], "texture": "#1"},
				"west": {"uv": [0, 0, 7, 5], "texture": "#1"},
				"up": {"uv": [0, 9, 1, 16], "texture": "#1"},
				"down": {"uv": [0, 0, 1, 7], "texture": "#1"}
			}
		},
		{
			"from": [6.25, 0, 7],
			"to": [7.25, 2, 10],
			"rotation": {"angle": 0, "axis": "y", "origin": [14.25, 8, 15]},
			"faces": {
				"north": {"uv": [9, 10, 10, 12], "texture": "#1"},
				"east": {"uv": [0, 0, 3, 2], "texture": "#1"},
				"south": {"uv": [15, 10, 16, 12], "texture": "#1"},
				"west": {"uv": [9, 10, 12, 12], "texture": "#1"},
				"up": {"uv": [0, 0, 1, 3], "texture": "#1"},
				"down": {"uv": [0, 0, 1, 3], "texture": "#1"}
			}
		},
		{
			"from": [6.25, 5, 7],
			"to": [7.25, 6, 10],
			"rotation": {"angle": 0, "axis": "y", "origin": [14.25, 13, 15]},
			"faces": {
				"north": {"uv": [0, 0, 1, 1], "texture": "#1"},
				"east": {"uv": [0, 0, 3, 1], "texture": "#1"},
				"south": {"uv": [0, 0, 1, 1], "texture": "#1"},
				"west": {"uv": [0, 0, 3, 1], "texture": "#1"},
				"up": {"uv": [0, 0, 1, 3], "texture": "#1"},
				"down": {"uv": [0, 0, 1, 3], "texture": "#1"}
			}
		},
		{
			"from": [5.25, 6, 6.25],
			"to": [6.25, 8, 10.75],
			"rotation": {"angle": 0, "axis": "y", "origin": [13.25, 14, 15]},
			"faces": {
				"north": {"uv": [0, 0, 1, 2], "texture": "#1"},
				"east": {"uv": [0, 0, 4.5, 2], "texture": "#1"},
				"south": {"uv": [0, 0, 1, 2], "texture": "#1"},
				"west": {"uv": [0, 0, 4.5, 2], "texture": "#1"},
				"up": {"uv": [0, 0, 1, 4.5], "texture": "#1"},
				"down": {"uv": [0, 0, 1, 4.5], "texture": "#1"}
			}
		},
		{
			"from": [5.25, 8, 10.75],
			"to": [6.25, 9, 11.75],
			"rotation": {"angle": 0, "axis": "y", "origin": [13.25, 15, 16]},
			"faces": {
				"north": {"uv": [0, 0, 1, 1], "texture": "#1"},
				"east": {"uv": [0, 0, 1, 1], "texture": "#1"},
				"south": {"uv": [0, 0, 1, 1], "texture": "#1"},
				"west": {"uv": [0, 0, 1, 1], "texture": "#1"},
				"up": {"uv": [0, 0, 1, 1], "texture": "#1"},
				"down": {"uv": [0, 0, 1, 1], "texture": "#1"}
			}
		},
		{
			"from": [10.75, 8, 10.75],
			"to": [11.75, 9, 11.75],
			"rotation": {"angle": 0, "axis": "y", "origin": [18.75, 15, 16]},
			"faces": {
				"north": {"uv": [0, 0, 1, 1], "texture": "#1"},
				"east": {"uv": [0, 0, 1, 1], "texture": "#1"},
				"south": {"uv": [0, 0, 1, 1], "texture": "#1"},
				"west": {"uv": [0, 0, 1, 1], "texture": "#1"},
				"up": {"uv": [0, 0, 1, 1], "texture": "#1"},
				"down": {"uv": [0, 0, 1, 1], "texture": "#1"}
			}
		},
		{
			"from": [10.75, 8, 5.25],
			"to": [11.75, 9, 6.25],
			"rotation": {"angle": 0, "axis": "y", "origin": [18.75, 15, 10.5]},
			"faces": {
				"north": {"uv": [0, 0, 1, 1], "texture": "#1"},
				"east": {"uv": [0, 0, 1, 1], "texture": "#1"},
				"south": {"uv": [0, 0, 1, 1], "texture": "#1"},
				"west": {"uv": [0, 0, 1, 1], "texture": "#1"},
				"up": {"uv": [0, 0, 1, 1], "texture": "#1"},
				"down": {"uv": [0, 0, 1, 1], "texture": "#1"}
			}
		},
		{
			"from": [5.25, 8, 5.25],
			"to": [6.25, 9, 6.25],
			"rotation": {"angle": 0, "axis": "y", "origin": [13.25, 15, 10.5]},
			"faces": {
				"north": {"uv": [0, 0, 1, 1], "texture": "#1"},
				"east": {"uv": [0, 0, 1, 1], "texture": "#1"},
				"south": {"uv": [0, 0, 1, 1], "texture": "#1"},
				"west": {"uv": [0, 0, 1, 1], "texture": "#1"},
				"up": {"uv": [0, 0, 1, 1], "texture": "#1"},
				"down": {"uv": [0, 0, 1, 1], "texture": "#1"}
			}
		},
		{
			"from": [6.25, 6, 6.25],
			"to": [7.25, 7, 7.25],
			"rotation": {"angle": 0, "axis": "y", "origin": [14.25, 13, 11.5]},
			"faces": {
				"north": {"uv": [0, 0, 1, 1], "texture": "#1"},
				"east": {"uv": [0, 0, 1, 1], "texture": "#1"},
				"south": {"uv": [0, 0, 1, 1], "texture": "#1"},
				"west": {"uv": [0, 0, 1, 1], "texture": "#1"},
				"up": {"uv": [0, 0, 1, 1], "texture": "#1"},
				"down": {"uv": [0, 0, 1, 1], "texture": "#1"}
			}
		},
		{
			"from": [6.25, 6, 9.75],
			"to": [7.25, 7, 10.75],
			"rotation": {"angle": 0, "axis": "y", "origin": [14.25, 13, 15]},
			"faces": {
				"north": {"uv": [0, 0, 1, 1], "texture": "#1"},
				"east": {"uv": [0, 0, 1, 1], "texture": "#1"},
				"south": {"uv": [0, 0, 1, 1], "texture": "#1"},
				"west": {"uv": [0, 0, 1, 1], "texture": "#1"},
				"up": {"uv": [0, 0, 1, 1], "texture": "#1"},
				"down": {"uv": [0, 0, 1, 1], "texture": "#1"}
			}
		},
		{
			"from": [9.75, 6, 9.75],
			"to": [10.75, 7, 10.75],
			"rotation": {"angle": 0, "axis": "y", "origin": [17.75, 13, 15]},
			"faces": {
				"north": {"uv": [0, 0, 1, 1], "texture": "#1"},
				"east": {"uv": [0, 0, 1, 1], "texture": "#1"},
				"south": {"uv": [0, 0, 1, 1], "texture": "#1"},
				"west": {"uv": [0, 0, 1, 1], "texture": "#1"},
				"up": {"uv": [0, 0, 1, 1], "texture": "#1"},
				"down": {"uv": [0, 0, 1, 1], "texture": "#1"}
			}
		},
		{
			"from": [9.75, 6, 6.25],
			"to": [10.75, 7, 7.25],
			"rotation": {"angle": 0, "axis": "y", "origin": [17.75, 13, 11.5]},
			"faces": {
				"north": {"uv": [0, 0, 1, 1], "texture": "#1"},
				"east": {"uv": [0, 0, 1, 1], "texture": "#1"},
				"south": {"uv": [0, 0, 1, 1], "texture": "#1"},
				"west": {"uv": [0, 0, 1, 1], "texture": "#1"},
				"up": {"uv": [0, 0, 1, 1], "texture": "#1"},
				"down": {"uv": [0, 0, 1, 1], "texture": "#1"}
			}
		},
		{
			"from": [4.25, 8, 5],
			"to": [5.25, 13, 12],
			"rotation": {"angle": 0, "axis": "y", "origin": [12.25, 16, 15]},
			"faces": {
				"north": {"uv": [14, 11, 15, 16], "texture": "#1"},
				"east": {"uv": [0, 0, 7, 5], "texture": "#1"},
				"south": {"uv": [15, 11, 16, 16], "texture": "#1"},
				"west": {"uv": [9, 11, 16, 16], "texture": "#1"},
				"up": {"uv": [0, 9, 1, 16], "texture": "#1"},
				"down": {"uv": [0, 0, 1, 7], "texture": "#1"}
			}
		},
		{
			"from": [7, 0, 9.75],
			"to": [10, 2, 10.75],
			"rotation": {"angle": 0, "axis": "y", "origin": [15, 8, 15.75]},
			"faces": {
				"north": {"uv": [0, 0, 3, 2], "texture": "#1"},
				"east": {"uv": [10, 10, 11, 12], "texture": "#1"},
				"south": {"uv": [13, 10, 16, 12], "texture": "#1"},
				"west": {"uv": [9, 10, 10, 12], "texture": "#1"},
				"up": {"uv": [0, 0, 3, 1], "texture": "#1"},
				"down": {"uv": [0, 0, 3, 1], "texture": "#1"}
			}
		},
		{
			"from": [7, 5, 9.75],
			"to": [10, 6, 10.75],
			"rotation": {"angle": 0, "axis": "y", "origin": [15, 13, 15.75]},
			"faces": {
				"north": {"uv": [0, 0, 3, 1], "texture": "#1"},
				"east": {"uv": [0, 0, 1, 1], "texture": "#1"},
				"south": {"uv": [0, 0, 3, 1], "texture": "#1"},
				"west": {"uv": [0, 0, 1, 1], "texture": "#1"},
				"up": {"uv": [0, 0, 3, 1], "texture": "#1"},
				"down": {"uv": [0, 0, 3, 1], "texture": "#1"}
			}
		},
		{
			"from": [6.25, 6, 10.75],
			"to": [11, 8, 11.75],
			"rotation": {"angle": 0, "axis": "y", "origin": [15, 14, 16.75]},
			"faces": {
				"north": {"uv": [0, 0, 4.75, 2], "texture": "#1"},
				"east": {"uv": [0, 0, 1, 2], "texture": "#1"},
				"south": {"uv": [0, 0, 4.75, 2], "texture": "#1"},
				"west": {"uv": [0, 0, 1, 2], "texture": "#1"},
				"up": {"uv": [0, 0, 4.75, 1], "texture": "#1"},
				"down": {"uv": [0, 0, 4.75, 1], "texture": "#1"}
			}
		},
		{
			"from": [5, 8, 11.75],
			"to": [12, 13, 12.75],
			"rotation": {"angle": 0, "axis": "y", "origin": [15, 16, 17.75]},
			"faces": {
				"north": {"uv": [0, 0, 7, 5], "texture": "#1"},
				"east": {"uv": [13, 11, 14, 16], "texture": "#1"},
				"south": {"uv": [9, 11, 16, 16], "texture": "#1"},
				"west": {"uv": [13, 11, 14, 16], "texture": "#1"},
				"up": {"uv": [9, 11, 16, 12], "texture": "#1"},
				"down": {"uv": [0, 0, 7, 1], "texture": "#1"}
			}
		},
		{
			"from": [7, 2, 9],
			"to": [10, 5, 10],
			"rotation": {"angle": 0, "axis": "y", "origin": [15, 10, 15]},
			"faces": {
				"north": {"uv": [0, 0, 3, 3], "texture": "#1"},
				"east": {"uv": [0, 0, 1, 3], "texture": "#1"},
				"south": {"uv": [0, 0, 3, 3], "texture": "#1"},
				"west": {"uv": [0, 0, 1, 3], "texture": "#1"},
				"up": {"uv": [0, 0, 3, 1], "texture": "#1"},
				"down": {"uv": [0, 0, 3, 1], "texture": "#1"}
			}
		},
		{
			"from": [7, 2, 7],
			"to": [10, 5, 8],
			"rotation": {"angle": 0, "axis": "y", "origin": [15, 10, 13]},
			"faces": {
				"north": {"uv": [0, 0, 3, 3], "texture": "#1"},
				"east": {"uv": [0, 0, 1, 3], "texture": "#1"},
				"south": {"uv": [0, 0, 3, 3], "texture": "#1"},
				"west": {"uv": [0, 0, 1, 3], "texture": "#1"},
				"up": {"uv": [0, 0, 3, 1], "texture": "#1"},
				"down": {"uv": [0, 0, 3, 1], "texture": "#1"}
			}
		},
		{
			"from": [7, 2, 8],
			"to": [9, 5, 9],
			"rotation": {"angle": 0, "axis": "y", "origin": [15, 10, 14]},
			"faces": {
				"north": {"uv": [0, 0, 2, 3], "texture": "#1"},
				"east": {"uv": [0, 0, 1, 3], "texture": "#1"},
				"south": {"uv": [0, 0, 2, 3], "texture": "#1"},
				"west": {"uv": [0, 0, 1, 3], "texture": "#1"},
				"up": {"uv": [0, 0, 2, 1], "texture": "#1"},
				"down": {"uv": [0, 0, 2, 1], "texture": "#1"}
			}
		},
		{
			"from": [9, 2, 8],
			"to": [10, 5, 9],
			"rotation": {"angle": 0, "axis": "y", "origin": [17, 10, 14]},
			"faces": {
				"north": {"uv": [0, 0, 1, 3], "texture": "#1"},
				"east": {"uv": [0, 0, 1, 3], "texture": "#1"},
				"south": {"uv": [0, 0, 1, 3], "texture": "#1"},
				"west": {"uv": [0, 0, 1, 3], "texture": "#1"},
				"up": {"uv": [0, 0, 1, 1], "texture": "#1"},
				"down": {"uv": [0, 0, 1, 1], "texture": "#1"}
			}
		},
		{
			"from": [7, 0, 6.25],
			"to": [10, 2, 7.25],
			"rotation": {"angle": 0, "axis": "y", "origin": [15, 8, 12.25]},
			"faces": {
				"north": {"uv": [12, 10, 15, 12], "texture": "#1"},
				"east": {"uv": [12, 10, 13, 12], "texture": "#1"},
				"south": {"uv": [0, 0, 3, 2], "texture": "#1"},
				"west": {"uv": [15, 10, 16, 12], "texture": "#1"},
				"up": {"uv": [0, 0, 3, 1], "texture": "#1"},
				"down": {"uv": [0, 0, 3, 1], "texture": "#1"}
			}
		},
		{
			"from": [7, 5, 6.25],
			"to": [10, 6, 7.25],
			"rotation": {"angle": 0, "axis": "y", "origin": [15, 13, 12.25]},
			"faces": {
				"north": {"uv": [0, 0, 3, 1], "texture": "#1"},
				"east": {"uv": [0, 0, 1, 1], "texture": "#1"},
				"south": {"uv": [0, 0, 3, 1], "texture": "#1"},
				"west": {"uv": [0, 0, 1, 1], "texture": "#1"},
				"up": {"uv": [0, 0, 3, 1], "texture": "#1"},
				"down": {"uv": [0, 0, 3, 1], "texture": "#1"}
			}
		},
		{
			"from": [6.25, 6, 5.25],
			"to": [10.75, 8, 6.25],
			"rotation": {"angle": 0, "axis": "y", "origin": [15, 14, 11.25]},
			"faces": {
				"north": {"uv": [0, 0, 4.5, 2], "texture": "#1"},
				"east": {"uv": [0, 0, 1, 2], "texture": "#1"},
				"south": {"uv": [0, 0, 4.5, 2], "texture": "#1"},
				"west": {"uv": [0, 0, 1, 2], "texture": "#1"},
				"up": {"uv": [0, 0, 4.5, 1], "texture": "#1"},
				"down": {"uv": [0, 0, 4.5, 1], "texture": "#1"}
			}
		},
		{
			"from": [5, 8, 4.25],
			"to": [12, 13, 5.25],
			"rotation": {"angle": 0, "axis": "y", "origin": [15, 16, 10.25]},
			"faces": {
				"north": {"uv": [9, 11, 16, 16], "texture": "#1"},
				"east": {"uv": [13, 11, 14, 16], "texture": "#1"},
				"south": {"uv": [0, 0, 7, 5], "texture": "#1"},
				"west": {"uv": [15, 11, 16, 16], "texture": "#1"},
				"up": {"uv": [9, 11, 16, 12], "texture": "#1"},
				"down": {"uv": [0, 0, 7, 1], "texture": "#1"}
			}
		},
		{
			"from": [5.25, 12, 5],
			"to": [7.25, 14, 7],
			"rotation": {"angle": 0, "axis": "y", "origin": [14.25, 20, 14]},
			"faces": {
				"north": {"uv": [0, 0, 2, 2], "texture": "#0"},
				"east": {"uv": [0, 0, 2, 2], "texture": "#0"},
				"south": {"uv": [0, 0, 2, 2], "texture": "#0"},
				"west": {"uv": [0, 0, 2, 2], "texture": "#0"},
				"up": {"uv": [0, 0, 2, 2], "texture": "#0"},
				"down": {"uv": [0, 0, 2, 2], "texture": "#0"}
			}
		},
		{
			"from": [5.25, 11.5, 7],
			"to": [7.25, 13.5, 9],
			"rotation": {"angle": 0, "axis": "y", "origin": [14.25, 19.5, 16]},
			"faces": {
				"north": {"uv": [0, 0, 2, 2], "texture": "#0"},
				"east": {"uv": [0, 0, 2, 2], "texture": "#0"},
				"south": {"uv": [0, 0, 2, 2], "texture": "#0"},
				"west": {"uv": [0, 0, 2, 2], "texture": "#0"},
				"up": {"uv": [0, 0, 2, 2], "texture": "#0"},
				"down": {"uv": [0, 0, 2, 2], "texture": "#0"}
			}
		},
		{
			"from": [5.25, 11.75, 8],
			"to": [7.25, 13.75, 10],
			"rotation": {"angle": 0, "axis": "y", "origin": [14.25, 19.75, 17]},
			"faces": {
				"north": {"uv": [0, 0, 2, 2], "texture": "#0"},
				"east": {"uv": [0, 0, 2, 2], "texture": "#0"},
				"south": {"uv": [0, 0, 2, 2], "texture": "#0"},
				"west": {"uv": [0, 0, 2, 2], "texture": "#0"},
				"up": {"uv": [0, 0, 2, 2], "texture": "#0"},
				"down": {"uv": [0, 0, 2, 2], "texture": "#0"}
			}
		},
		{
			"from": [5.25, 12, 10],
			"to": [7.25, 14, 12],
			"rotation": {"angle": 0, "axis": "y", "origin": [14.25, 20, 19]},
			"faces": {
				"north": {"uv": [0, 0, 2, 2], "texture": "#0"},
				"east": {"uv": [0, 0, 2, 2], "texture": "#0"},
				"south": {"uv": [0, 0, 2, 2], "texture": "#0"},
				"west": {"uv": [0, 0, 2, 2], "texture": "#0"},
				"up": {"uv": [0, 0, 2, 2], "texture": "#0"},
				"down": {"uv": [0, 0, 2, 2], "texture": "#0"}
			}
		},
		{
			"from": [9.75, 11.75, 10],
			"to": [11.75, 13.75, 12],
			"rotation": {"angle": 0, "axis": "y", "origin": [18.75, 19.75, 19]},
			"faces": {
				"north": {"uv": [0, 0, 2, 2], "texture": "#0"},
				"east": {"uv": [0, 0, 2, 2], "texture": "#0"},
				"south": {"uv": [0, 0, 2, 2], "texture": "#0"},
				"west": {"uv": [0, 0, 2, 2], "texture": "#0"},
				"up": {"uv": [0, 0, 2, 2], "texture": "#0"},
				"down": {"uv": [0, 0, 2, 2], "texture": "#0"}
			}
		},
		{
			"from": [7.75, 11.75, 10],
			"to": [9.75, 13.75, 12],
			"rotation": {"angle": 0, "axis": "y", "origin": [16.75, 19.75, 19]},
			"faces": {
				"north": {"uv": [0, 0, 2, 2], "texture": "#0"},
				"east": {"uv": [0, 0, 2, 2], "texture": "#0"},
				"south": {"uv": [0, 0, 2, 2], "texture": "#0"},
				"west": {"uv": [0, 0, 2, 2], "texture": "#0"},
				"up": {"uv": [0, 0, 2, 2], "texture": "#0"},
				"down": {"uv": [0, 0, 2, 2], "texture": "#0"}
			}
		},
		{
			"from": [7.25, 12, 10.25],
			"to": [9.25, 14, 12.25],
			"rotation": {"angle": 0, "axis": "y", "origin": [16.25, 20, 19.25]},
			"faces": {
				"north": {"uv": [0, 0, 2, 2], "texture": "#0"},
				"east": {"uv": [0, 0, 2, 2], "texture": "#0"},
				"south": {"uv": [0, 0, 2, 2], "texture": "#0"},
				"west": {"uv": [0, 0, 2, 2], "texture": "#0"},
				"up": {"uv": [0, 0, 2, 2], "texture": "#0"},
				"down": {"uv": [0, 0, 2, 2], "texture": "#0"}
			}
		},
		{
			"from": [8, 11.75, 8],
			"to": [10, 13.75, 10],
			"rotation": {"angle": 0, "axis": "y", "origin": [17, 19.75, 17]},
			"faces": {
				"north": {"uv": [0, 0, 2, 2], "texture": "#0"},
				"east": {"uv": [0, 0, 2, 2], "texture": "#0"},
				"south": {"uv": [0, 0, 2, 2], "texture": "#0"},
				"west": {"uv": [0, 0, 2, 2], "texture": "#0"},
				"up": {"uv": [0, 0, 2, 2], "texture": "#0"},
				"down": {"uv": [0, 0, 2, 2], "texture": "#0"}
			}
		},
		{
			"from": [8, 11.75, 7],
			"to": [10, 13.75, 9],
			"rotation": {"angle": 0, "axis": "y", "origin": [17, 19.75, 16]},
			"faces": {
				"north": {"uv": [0, 0, 2, 2], "texture": "#0"},
				"east": {"uv": [0, 0, 2, 2], "texture": "#0"},
				"south": {"uv": [0, 0, 2, 2], "texture": "#0"},
				"west": {"uv": [0, 0, 2, 2], "texture": "#0"},
				"up": {"uv": [0, 0, 2, 2], "texture": "#0"},
				"down": {"uv": [0, 0, 2, 2], "texture": "#0"}
			}
		},
		{
			"from": [7, 10.75, 8.25],
			"to": [9, 12.75, 10.25],
			"rotation": {"angle": 0, "axis": "y", "origin": [16, 18.75, 17.25]},
			"faces": {
				"north": {"uv": [0, 0, 2, 2], "texture": "#0"},
				"east": {"uv": [0, 0, 2, 2], "texture": "#0"},
				"south": {"uv": [0, 0, 2, 2], "texture": "#0"},
				"west": {"uv": [0, 0, 2, 2], "texture": "#0"},
				"up": {"uv": [0, 0, 2, 2], "texture": "#0"},
				"down": {"uv": [0, 0, 2, 2], "texture": "#0"}
			}
		},
		{
			"from": [7.25, 12, 6.25],
			"to": [9.25, 14, 8.25],
			"rotation": {"angle": 0, "axis": "y", "origin": [16.25, 20, 15.25]},
			"faces": {
				"north": {"uv": [0, 0, 2, 2], "texture": "#0"},
				"east": {"uv": [0, 0, 2, 2], "texture": "#0"},
				"south": {"uv": [0, 0, 2, 2], "texture": "#0"},
				"west": {"uv": [0, 0, 2, 2], "texture": "#0"},
				"up": {"uv": [0, 0, 2, 2], "texture": "#0"},
				"down": {"uv": [0, 0, 2, 2], "texture": "#0"}
			}
		},
		{
			"from": [7.75, 11.75, 5],
			"to": [9.75, 13.75, 7],
			"rotation": {"angle": 0, "axis": "y", "origin": [16.75, 19.75, 14]},
			"faces": {
				"north": {"uv": [0, 0, 2, 2], "texture": "#0"},
				"east": {"uv": [0, 0, 2, 2], "texture": "#0"},
				"south": {"uv": [0, 0, 2, 2], "texture": "#0"},
				"west": {"uv": [0, 0, 2, 2], "texture": "#0"},
				"up": {"uv": [0, 0, 2, 2], "texture": "#0"},
				"down": {"uv": [0, 0, 2, 2], "texture": "#0"}
			}
		},
		{
			"from": [6.75, 11.25, 5],
			"to": [8.75, 13.25, 7],
			"rotation": {"angle": 0, "axis": "y", "origin": [15.75, 19.25, 14]},
			"faces": {
				"north": {"uv": [0, 0, 2, 2], "texture": "#0"},
				"east": {"uv": [0, 0, 2, 2], "texture": "#0"},
				"south": {"uv": [0, 0, 2, 2], "texture": "#0"},
				"west": {"uv": [0, 0, 2, 2], "texture": "#0"},
				"up": {"uv": [0, 0, 2, 2], "texture": "#0"},
				"down": {"uv": [0, 0, 2, 2], "texture": "#0"}
			}
		},
		{
			"from": [10, 12, 8.5],
			"to": [12, 14, 10.5],
			"rotation": {"angle": 0, "axis": "y", "origin": [19, 20, 17.5]},
			"faces": {
				"north": {"uv": [0, 0, 2, 2], "texture": "#0"},
				"east": {"uv": [0, 0, 2, 2], "texture": "#0"},
				"south": {"uv": [0, 0, 2, 2], "texture": "#0"},
				"west": {"uv": [0, 0, 2, 2], "texture": "#0"},
				"up": {"uv": [0, 0, 2, 2], "texture": "#0"},
				"down": {"uv": [0, 0, 2, 2], "texture": "#0"}
			}
		},
		{
			"from": [9.75, 12, 6.5],
			"to": [11.75, 14, 8.5],
			"rotation": {"angle": 0, "axis": "y", "origin": [18.75, 20, 15.5]},
			"faces": {
				"north": {"uv": [0, 0, 2, 2], "texture": "#0"},
				"east": {"uv": [0, 0, 2, 2], "texture": "#0"},
				"south": {"uv": [0, 0, 2, 2], "texture": "#0"},
				"west": {"uv": [0, 0, 2, 2], "texture": "#0"},
				"up": {"uv": [0, 0, 2, 2], "texture": "#0"},
				"down": {"uv": [0, 0, 2, 2], "texture": "#0"}
			}
		},
		{
			"from": [9.75, 12.5, 5.25],
			"to": [11.75, 14.5, 7.25],
			"rotation": {"angle": 0, "axis": "y", "origin": [18.75, 20.5, 14.25]},
			"faces": {
				"north": {"uv": [0, 0, 2, 2], "texture": "#0"},
				"east": {"uv": [0, 0, 2, 2], "texture": "#0"},
				"south": {"uv": [0, 0, 2, 2], "texture": "#0"},
				"west": {"uv": [0, 0, 2, 2], "texture": "#0"},
				"up": {"uv": [0, 0, 2, 2], "texture": "#0"},
				"down": {"uv": [0, 0, 2, 2], "texture": "#0"}
			}
		}
	],
	"display": {
		"thirdperson_righthand": {
			"translation": [-0.75, 3, 1.25],
			"scale": [1.2, 1.2, 1.2]
		},
		"thirdperson_lefthand": {
			"translation": [0.5, 3, 1.5],
			"scale": [1.2, 1.2, 1.2]
		},
		"firstperson_righthand": {
			"rotation": [-6, 7, 0],
			"translation": [-1.75, 0, 0]
		},
		"firstperson_lefthand": {
			"rotation": [13, 0, 0],
			"translation": [-5, 0, 0]
		},
		"ground": {
			"translation": [0, 2.25, 0],
			"scale": [0.5, 0.5, 0.5]
		},
		"gui": {
			"rotation": [21, -23, 0],
			"translation": [-0.25, 1, 0],
			"scale": [0.85, 0.85, 0.85]
		},
		"fixed": {
			"rotation": [-12, 0, 0],
			"translation": [0, 0, -6],
			"scale": [1.6, 1.6, 1.6]
		}
	},
	"groups": [
		{
			"name": "osnova",
			"origin": [15, 16, 10.25],
			"children": [0, 1, 2, 3, 4, 5, 6, 7, 8, 9, 10, 11, 12, 13, 14, 15, 16, 17, 18, 19, 20, 21, 22, 23, 24, 25, 26, 27]
		},
		{
			"name": "buket",
			"origin": [8, 8, 8],
			"children": [28, 29, 30, 31, 32, 33, 34, 35, 36, 37, 38, 39, 40, 41, 42, 43]
		}
	]
}