{
	"credit": "Made with Blockbench",
	"texture_size": [64, 64],
	"textures": {
		"0": "./wood",
		"1": "./black",
		"2": "./gold",
		"3": "./red",
		"particle": "./wood"
	},
	"elements": [
		{
			"from": [7.5, 14.5, 29],
			"to": [9.5, 15.75, 32],
			"rotation": {"angle": 0, "axis": "y", "origin": [15, 22, 38]},
			"faces": {
				"north": {"uv": [0, 0, 0.5, 0.3125], "texture": "#1"},
				"east": {"uv": [0, 0, 0.75, 0.3125], "texture": "#1"},
				"south": {"uv": [0, 0, 0.5, 0.3125], "texture": "#1"},
				"west": {"uv": [0, 0, 0.75, 0.3125], "texture": "#1"},
				"up": {"uv": [0, 0, 0.5, 0.75], "texture": "#1"},
				"down": {"uv": [0, 0, 0.5, 0.75], "texture": "#1"}
			}
		},
		{
			"from": [7.75, 14.25, 29],
			"to": [9.25, 16, 32],
			"rotation": {"angle": 0, "axis": "y", "origin": [15, 21.5, 38]},
			"faces": {
				"north": {"uv": [0, 0, 0.375, 0.4375], "texture": "#1"},
				"east": {"uv": [0, 0, 0.75, 0.4375], "texture": "#1"},
				"south": {"uv": [0, 0, 0.375, 0.4375], "texture": "#1"},
				"west": {"uv": [0, 0, 0.75, 0.4375], "texture": "#1"},
				"up": {"uv": [0, 0, 0.375, 0.75], "texture": "#1"},
				"down": {"uv": [0, 0, 0.375, 0.75], "texture": "#1"}
			}
		},
		{
			"from": [7.5, 14.5, 13],
			"to": [9.5, 15.75, 29],
			"rotation": {"angle": 0, "axis": "y", "origin": [15, 22, 35]},
			"faces": {
				"north": {"uv": [0, 0, 0.5, 0.3125], "texture": "#1"},
				"east": {"uv": [0, 0, 4, 0.3125], "texture": "#1"},
				"south": {"uv": [0, 0, 0.5, 0.3125], "texture": "#1"},
				"west": {"uv": [0, 0, 4, 0.3125], "texture": "#1"},
				"up": {"uv": [0, 0, 0.5, 4], "texture": "#1"},
				"down": {"uv": [0, 0, 0.5, 4], "texture": "#1"}
			}
		},
		{
			"from": [7.5, 14.25, 27.5],
			"to": [9.5, 14.5, 29],
			"rotation": {"angle": 0, "axis": "y", "origin": [15, 21, 35]},
			"faces": {
				"north": {"uv": [0, 0, 0.5, 0.0625], "texture": "#0"},
				"east": {"uv": [0, 0, 0.375, 0.0625], "texture": "#0"},
				"south": {"uv": [0, 0, 0.5, 0.0625], "texture": "#0"},
				"west": {"uv": [0, 0, 0.375, 0.0625], "texture": "#0"},
				"up": {"uv": [0, 0, 0.5, 0.375], "texture": "#0"},
				"down": {"uv": [0, 0, 0.5, 0.375], "texture": "#0"}
			}
		},
		{
			"from": [7.5, 14, 26],
			"to": [9.5, 14.5, 27.5],
			"rotation": {"angle": 0, "axis": "y", "origin": [15, 21, 35]},
			"faces": {
				"north": {"uv": [0, 0, 0.5, 0.125], "texture": "#0"},
				"east": {"uv": [0, 0, 0.375, 0.125], "texture": "#0"},
				"south": {"uv": [0, 0, 0.5, 0.125], "texture": "#0"},
				"west": {"uv": [0, 0, 0.375, 0.125], "texture": "#0"},
				"up": {"uv": [0, 0, 0.5, 0.375], "texture": "#0"},
				"down": {"uv": [0, 0, 0.5, 0.375], "texture": "#0"}
			}
		},
		{
			"from": [7, 13, 6],
			"to": [10, 14.5, 18],
			"rotation": {"angle": 0, "axis": "y", "origin": [15, 21, 32]},
			"faces": {
				"north": {"uv": [0, 0, 0.75, 0.375], "texture": "#0"},
				"east": {"uv": [0, 0, 3, 0.375], "texture": "#0"},
				"south": {"uv": [0, 0, 0.75, 0.375], "texture": "#0"},
				"west": {"uv": [0, 0, 3, 0.375], "texture": "#0"},
				"up": {"uv": [0, 0, 0.75, 3], "texture": "#0"},
				"down": {"uv": [0, 0, 0.75, 3], "texture": "#0"}
			}
		},
		{
			"from": [7, 12.75, 2],
			"to": [10, 14.5, 6],
			"rotation": {"angle": 0, "axis": "y", "origin": [15, 21, 22]},
			"faces": {
				"north": {"uv": [0, 0, 0.75, 0.4375], "texture": "#0"},
				"east": {"uv": [0, 0, 1, 0.4375], "texture": "#0"},
				"south": {"uv": [0, 0, 0.75, 0.4375], "texture": "#0"},
				"west": {"uv": [0, 0, 1, 0.4375], "texture": "#0"},
				"up": {"uv": [0, 0, 0.75, 1], "texture": "#0"},
				"down": {"uv": [0, 0, 0.75, 1], "texture": "#0"}
			}
		},
		{
			"from": [7, 12.5, -2],
			"to": [10, 14.5, 2],
			"rotation": {"angle": 0, "axis": "y", "origin": [15, 21, 21]},
			"faces": {
				"north": {"uv": [0, 0, 0.75, 0.5], "texture": "#0"},
				"east": {"uv": [0, 0, 1, 0.5], "texture": "#0"},
				"south": {"uv": [0, 0, 0.75, 0.5], "texture": "#0"},
				"west": {"uv": [0, 0, 1, 0.5], "texture": "#0"},
				"up": {"uv": [0, 0, 0.75, 1], "texture": "#0"},
				"down": {"uv": [0, 0, 0.75, 1], "texture": "#0"}
			}
		},
		{
			"from": [8.5, 16.25, -6.75],
			"to": [8.75, 17.25, -3.75],
			"rotation": {"angle": -22.5, "axis": "x", "origin": [14.5, 23.75, 6.75]},
			"faces": {
				"north": {"uv": [0, 0, 0.0625, 0.25], "texture": "#2"},
				"east": {"uv": [0, 0, 0.75, 0.25], "texture": "#2"},
				"south": {"uv": [0, 0, 0.0625, 0.25], "texture": "#2"},
				"west": {"uv": [0, 0, 0.75, 0.25], "texture": "#2"},
				"up": {"uv": [0, 0, 0.0625, 0.75], "texture": "#2"},
				"down": {"uv": [0, 0, 0.0625, 0.75], "texture": "#2"}
			}
		},
		{
			"from": [8.5, 16.25, -13.75],
			"to": [8.75, 17.25, -13.25],
			"rotation": {"angle": -22.5, "axis": "x", "origin": [14.5, 23.75, 6.75]},
			"faces": {
				"north": {"uv": [0, 0, 0.0625, 0.25], "texture": "#2"},
				"east": {"uv": [0, 0, 0.125, 0.25], "texture": "#2"},
				"south": {"uv": [0, 0, 0.0625, 0.25], "texture": "#2"},
				"west": {"uv": [0, 0, 0.125, 0.25], "texture": "#2"},
				"up": {"uv": [0, 0, 0.0625, 0.125], "texture": "#2"},
				"down": {"uv": [0, 0, 0.0625, 0.125], "texture": "#2"}
			}
		},
		{
			"from": [8.5, 17, -10.75],
			"to": [8.75, 17.5, -6.75],
			"rotation": {"angle": -22.5, "axis": "x", "origin": [14.5, 23.75, 6.75]},
			"faces": {
				"north": {"uv": [0, 0, 0.0625, 0.125], "texture": "#2"},
				"east": {"uv": [0, 0, 1, 0.125], "texture": "#2"},
				"south": {"uv": [0, 0, 0.0625, 0.125], "texture": "#2"},
				"west": {"uv": [0, 0, 1, 0.125], "texture": "#2"},
				"up": {"uv": [0, 0, 0.0625, 1], "texture": "#2"},
				"down": {"uv": [0, 0, 0.0625, 1], "texture": "#2"}
			}
		},
		{
			"from": [8.5, 16, -10.75],
			"to": [8.75, 16.5, -6.75],
			"rotation": {"angle": -22.5, "axis": "x", "origin": [14.5, 23.75, 6.75]},
			"faces": {
				"north": {"uv": [0, 0, 0.0625, 0.125], "texture": "#2"},
				"east": {"uv": [0, 0, 1, 0.125], "texture": "#2"},
				"south": {"uv": [0, 0, 0.0625, 0.125], "texture": "#2"},
				"west": {"uv": [0, 0, 1, 0.125], "texture": "#2"},
				"up": {"uv": [0, 0, 0.0625, 1], "texture": "#2"},
				"down": {"uv": [0, 0, 0.0625, 1], "texture": "#2"}
			}
		},
		{
			"from": [8.5, 15.75, -13.75],
			"to": [8.75, 16.25, -10.5],
			"rotation": {"angle": -22.5, "axis": "x", "origin": [14.5, 23.75, 6.75]},
			"faces": {
				"north": {"uv": [0, 0, 0.0625, 0.125], "texture": "#2"},
				"east": {"uv": [0, 0, 0.8125, 0.125], "texture": "#2"},
				"south": {"uv": [0, 0, 0.0625, 0.125], "texture": "#2"},
				"west": {"uv": [0, 0, 0.8125, 0.125], "texture": "#2"},
				"up": {"uv": [0, 0, 0.0625, 0.8125], "texture": "#2"},
				"down": {"uv": [0, 0, 0.0625, 0.8125], "texture": "#2"}
			}
		},
		{
			"from": [8.5, 17.25, -13.75],
			"to": [8.75, 17.75, -10.5],
			"rotation": {"angle": -22.5, "axis": "x", "origin": [14.5, 23.75, 6.75]},
			"faces": {
				"north": {"uv": [0, 0, 0.0625, 0.125], "texture": "#2"},
				"east": {"uv": [0, 0, 0.8125, 0.125], "texture": "#2"},
				"south": {"uv": [0, 0, 0.0625, 0.125], "texture": "#2"},
				"west": {"uv": [0, 0, 0.8125, 0.125], "texture": "#2"},
				"up": {"uv": [0, 0, 0.0625, 0.8125], "texture": "#2"},
				"down": {"uv": [0, 0, 0.0625, 0.8125], "texture": "#2"}
			}
		},
		{
			"from": [7, 13.25, -3],
			"to": [10, 14.5, -2],
			"rotation": {"angle": 0, "axis": "y", "origin": [15, 21, 17]},
			"faces": {
				"north": {"uv": [0, 0, 0.75, 0.3125], "texture": "#0"},
				"east": {"uv": [0, 0, 0.25, 0.3125], "texture": "#0"},
				"south": {"uv": [0, 0, 0.75, 0.3125], "texture": "#0"},
				"west": {"uv": [0, 0, 0.25, 0.3125], "texture": "#0"},
				"up": {"uv": [0, 0, 0.75, 0.25], "texture": "#0"},
				"down": {"uv": [0, 0, 0.75, 0.25], "texture": "#0"}
			}
		},
		{
			"from": [7.25, 13.5, 18],
			"to": [9.75, 14.5, 26],
			"rotation": {"angle": 0, "axis": "y", "origin": [15, 21, 40]},
			"faces": {
				"north": {"uv": [0, 0, 0.625, 0.25], "texture": "#0"},
				"east": {"uv": [0, 0, 2, 0.25], "texture": "#0"},
				"south": {"uv": [0, 0, 0.625, 0.25], "texture": "#0"},
				"west": {"uv": [0, 0, 2, 0.25], "texture": "#0"},
				"up": {"uv": [0, 0, 0.625, 2], "texture": "#0"},
				"down": {"uv": [0, 0, 0.625, 2], "texture": "#0"}
			}
		},
		{
			"from": [7, 14.5, 8],
			"to": [10, 16.5, 13],
			"rotation": {"angle": 0, "axis": "y", "origin": [15, 22, 22]},
			"faces": {
				"north": {"uv": [0, 0, 0.75, 0.5], "texture": "#1"},
				"east": {"uv": [0, 0, 1.25, 0.5], "texture": "#1"},
				"south": {"uv": [0, 0, 0.75, 0.5], "texture": "#1"},
				"west": {"uv": [0, 0, 1.25, 0.5], "texture": "#1"},
				"up": {"uv": [0, 0, 0.75, 1.25], "texture": "#1"},
				"down": {"uv": [0, 0, 0.75, 1.25], "texture": "#1"}
			}
		},
		{
			"from": [7.5, 14.5, -4],
			"to": [9.5, 16.5, -1],
			"rotation": {"angle": 0, "axis": "y", "origin": [14.5, 22, 8]},
			"faces": {
				"north": {"uv": [0, 0, 0.5, 0.5], "texture": "#0"},
				"east": {"uv": [0, 0, 0.75, 0.5], "texture": "#0"},
				"south": {"uv": [0, 0, 0.5, 0.5], "texture": "#0"},
				"west": {"uv": [0, 0, 0.75, 0.5], "texture": "#0"},
				"up": {"uv": [0, 0, 0.5, 0.75], "texture": "#0"},
				"down": {"uv": [0, 0, 0.5, 0.75], "texture": "#0"}
			}
		},
		{
			"from": [7.5, 14.25, -5],
			"to": [9.5, 16.75, -4],
			"rotation": {"angle": 0, "axis": "y", "origin": [14.5, 22.5, 5]},
			"faces": {
				"north": {"uv": [0, 0, 0.5, 0.625], "texture": "#0"},
				"east": {"uv": [0, 0, 0.25, 0.625], "texture": "#0"},
				"south": {"uv": [0, 0, 0.5, 0.625], "texture": "#0"},
				"west": {"uv": [0, 0, 0.25, 0.625], "texture": "#0"},
				"up": {"uv": [0, 0, 0.5, 0.25], "texture": "#0"},
				"down": {"uv": [0, 0, 0.5, 0.25], "texture": "#0"}
			}
		},
		{
			"from": [7.5, 14, -7],
			"to": [9.5, 17, -5],
			"rotation": {"angle": 0, "axis": "y", "origin": [14.5, 22.5, 4]},
			"faces": {
				"north": {"uv": [0, 0, 0.5, 0.75], "texture": "#0"},
				"east": {"uv": [0, 0, 0.5, 0.75], "texture": "#0"},
				"south": {"uv": [0, 0, 0.5, 0.75], "texture": "#0"},
				"west": {"uv": [0, 0, 0.5, 0.75], "texture": "#0"},
				"up": {"uv": [0, 0, 0.5, 0.5], "texture": "#0"},
				"down": {"uv": [0, 0, 0.5, 0.5], "texture": "#0"}
			}
		},
		{
			"from": [7.5, 13.5, -11],
			"to": [9.5, 17, -7],
			"rotation": {"angle": 0, "axis": "y", "origin": [14.5, 22.5, 2]},
			"faces": {
				"north": {"uv": [0, 0, 0.5, 0.875], "texture": "#0"},
				"east": {"uv": [0, 0, 1, 0.875], "texture": "#0"},
				"south": {"uv": [0, 0, 0.5, 0.875], "texture": "#0"},
				"west": {"uv": [0, 0, 1, 0.875], "texture": "#0"},
				"up": {"uv": [0, 0, 0.5, 1], "texture": "#0"},
				"down": {"uv": [0, 0, 0.5, 1], "texture": "#0"}
			}
		},
		{
			"from": [7.5, 13, -15],
			"to": [9.5, 17, -11],
			"rotation": {"angle": 0, "axis": "y", "origin": [14.5, 22.5, -2]},
			"faces": {
				"north": {"uv": [0, 0, 0.5, 1], "texture": "#0"},
				"east": {"uv": [0, 0, 1, 1], "texture": "#0"},
				"south": {"uv": [0, 0, 0.5, 1], "texture": "#0"},
				"west": {"uv": [0, 0, 1, 1], "texture": "#0"},
				"up": {"uv": [0, 0, 0.5, 1], "texture": "#0"},
				"down": {"uv": [0, 0, 0.5, 1], "texture": "#0"}
			}
		},
		{
			"from": [7.5, 13, -16],
			"to": [9.5, 17, -15],
			"rotation": {"angle": 0, "axis": "y", "origin": [14.5, 22.5, -2]},
			"faces": {
				"north": {"uv": [0, 0, 0.5, 1], "texture": "#2"},
				"east": {"uv": [0, 0, 0.25, 1], "texture": "#2"},
				"south": {"uv": [0, 0, 0.5, 1], "texture": "#2"},
				"west": {"uv": [0, 0, 0.25, 1], "texture": "#2"},
				"up": {"uv": [0, 0, 0.5, 0.25], "texture": "#2"},
				"down": {"uv": [0, 0, 0.5, 0.25], "texture": "#2"}
			}
		},
		{
			"from": [7.5, 14.5, 0],
			"to": [9.5, 17, 7],
			"rotation": {"angle": 0, "axis": "y", "origin": [15, 22, 16]},
			"faces": {
				"north": {"uv": [0, 0, 0.5, 0.625], "texture": "#1"},
				"east": {"uv": [0, 0, 1.75, 0.625], "texture": "#1"},
				"south": {"uv": [0, 0, 0.5, 0.625], "texture": "#1"},
				"west": {"uv": [0, 0, 1.75, 0.625], "texture": "#1"},
				"up": {"uv": [0, 0, 0.5, 1.75], "texture": "#1"},
				"down": {"uv": [0, 0, 0.5, 1.75], "texture": "#1"}
			}
		},
		{
			"from": [7.5, 14.5, 7],
			"to": [9.5, 16.75, 8],
			"rotation": {"angle": 0, "axis": "y", "origin": [15, 22, 17]},
			"faces": {
				"north": {"uv": [0, 0, 0.5, 0.5625], "texture": "#1"},
				"east": {"uv": [0, 0, 0.25, 0.5625], "texture": "#1"},
				"south": {"uv": [0, 0, 0.5, 0.5625], "texture": "#1"},
				"west": {"uv": [0, 0, 0.25, 0.5625], "texture": "#1"},
				"up": {"uv": [0, 0, 0.5, 0.25], "texture": "#1"},
				"down": {"uv": [0, 0, 0.5, 0.25], "texture": "#1"}
			}
		},
		{
			"from": [7.75, 5.75, 0.75],
			"to": [9.25, 8.25, 2.75],
			"rotation": {"angle": 45, "axis": "x", "origin": [15, 13.5, 10.75]},
			"faces": {
				"north": {"uv": [0, 0, 0.375, 0.625], "texture": "#1"},
				"east": {"uv": [0, 0, 0.5, 0.625], "texture": "#1"},
				"south": {"uv": [0, 0, 0.375, 0.625], "texture": "#1"},
				"west": {"uv": [0, 0, 0.5, 0.625], "texture": "#1"},
				"up": {"uv": [0, 0, 0.375, 0.5], "texture": "#1"},
				"down": {"uv": [0, 0, 0.375, 0.5], "texture": "#1"}
			}
		},
		{
			"from": [7, 13.25, 24],
			"to": [10, 14.5, 25],
			"rotation": {"angle": 0, "axis": "y", "origin": [16, 23, 32]},
			"faces": {
				"north": {"uv": [0, 0, 0.75, 0.3125], "texture": "#2"},
				"east": {"uv": [0, 0, 0.25, 0.3125], "texture": "#2"},
				"south": {"uv": [0, 0, 0.75, 0.3125], "texture": "#2"},
				"west": {"uv": [0, 0, 0.25, 0.3125], "texture": "#2"},
				"up": {"uv": [0, 0, 0.75, 0.25], "texture": "#2"},
				"down": {"uv": [0, 0, 0.75, 0.25], "texture": "#2"}
			}
		},
		{
			"from": [6.75, 12.75, 16.5],
			"to": [10.25, 14.75, 17.5],
			"rotation": {"angle": 0, "axis": "y", "origin": [16, 23, 24.5]},
			"faces": {
				"north": {"uv": [0, 0, 0.875, 0.5], "texture": "#2"},
				"east": {"uv": [0, 0, 0.25, 0.5], "texture": "#2"},
				"south": {"uv": [0, 0, 0.875, 0.5], "texture": "#2"},
				"west": {"uv": [0, 0, 0.25, 0.5], "texture": "#2"},
				"up": {"uv": [0, 0, 0.875, 0.25], "texture": "#2"},
				"down": {"uv": [0, 0, 0.875, 0.25], "texture": "#2"}
			}
		},
		{
			"from": [7.25, 14.5, 24],
			"to": [9.75, 16, 25],
			"rotation": {"angle": 0, "axis": "y", "origin": [16, 24.25, 32]},
			"faces": {
				"north": {"uv": [0, 0, 0.625, 0.375], "texture": "#2"},
				"east": {"uv": [0, 0, 0.25, 0.375], "texture": "#2"},
				"south": {"uv": [0, 0, 0.625, 0.375], "texture": "#2"},
				"west": {"uv": [0, 0, 0.25, 0.375], "texture": "#2"},
				"up": {"uv": [0, 0, 0.625, 0.25], "texture": "#2"},
				"down": {"uv": [0, 0, 0.625, 0.25], "texture": "#2"}
			}
		},
		{
			"from": [7.25, 14.5, 16.5],
			"to": [9.75, 16, 17.5],
			"rotation": {"angle": 0, "axis": "y", "origin": [16, 24.25, 24.5]},
			"faces": {
				"north": {"uv": [0, 0, 0.625, 0.375], "texture": "#2"},
				"east": {"uv": [0, 0, 0.25, 0.375], "texture": "#2"},
				"south": {"uv": [0, 0, 0.625, 0.375], "texture": "#2"},
				"west": {"uv": [0, 0, 0.25, 0.375], "texture": "#2"},
				"up": {"uv": [0, 0, 0.625, 0.25], "texture": "#2"},
				"down": {"uv": [0, 0, 0.625, 0.25], "texture": "#2"}
			}
		},
		{
			"from": [7.25, 12.5, 6.75],
			"to": [9.75, 16, 7.75],
			"rotation": {"angle": 0, "axis": "y", "origin": [15, 22, 14.75]},
			"faces": {
				"north": {"uv": [0, 0, 0.625, 0.875], "texture": "#1"},
				"east": {"uv": [0, 0, 0.25, 0.875], "texture": "#1"},
				"south": {"uv": [0, 0, 0.625, 0.875], "texture": "#1"},
				"west": {"uv": [0, 0, 0.25, 0.875], "texture": "#1"},
				"up": {"uv": [0, 0, 0.625, 0.25], "texture": "#1"},
				"down": {"uv": [0, 0, 0.625, 0.25], "texture": "#1"}
			}
		},
		{
			"from": [6.5, 15, 5.25],
			"to": [7.75, 15.75, 5.75],
			"rotation": {"angle": 0, "axis": "y", "origin": [14.5, 22, 13]},
			"faces": {
				"north": {"uv": [0, 0, 0.3125, 0.1875], "texture": "#2"},
				"east": {"uv": [0, 0, 0.125, 0.1875], "texture": "#2"},
				"south": {"uv": [0, 0, 0.3125, 0.1875], "texture": "#2"},
				"west": {"uv": [0, 0, 0.125, 0.1875], "texture": "#2"},
				"up": {"uv": [0, 0, 0.3125, 0.125], "texture": "#2"},
				"down": {"uv": [0, 0, 0.3125, 0.125], "texture": "#2"}
			}
		},
		{
			"from": [3.25, 17.75, 5],
			"to": [4.25, 19.5, 6],
			"rotation": {"angle": 22.5, "axis": "z", "origin": [11, 24.5, 13]},
			"faces": {
				"north": {"uv": [0, 0, 0.25, 0.4375], "texture": "#1"},
				"east": {"uv": [0, 0, 0.25, 0.4375], "texture": "#1"},
				"south": {"uv": [0, 0, 0.25, 0.4375], "texture": "#1"},
				"west": {"uv": [0, 0, 0.25, 0.4375], "texture": "#1"},
				"up": {"uv": [0, 0, 0.25, 0.25], "texture": "#1"},
				"down": {"uv": [0, 0, 0.25, 0.25], "texture": "#1"}
			}
		},
		{
			"from": [3.25, 19.5, 5.25],
			"to": [4.25, 19.75, 5.75],
			"rotation": {"angle": 22.5, "axis": "z", "origin": [11, 24.5, 13]},
			"faces": {
				"north": {"uv": [0, 0, 0.25, 0.0625], "texture": "#2"},
				"east": {"uv": [0, 0, 0.125, 0.0625], "texture": "#2"},
				"south": {"uv": [0, 0, 0.25, 0.0625], "texture": "#2"},
				"west": {"uv": [0, 0, 0.125, 0.0625], "texture": "#2"},
				"up": {"uv": [0, 0, 0.25, 0.125], "texture": "#2"},
				"down": {"uv": [0, 0, 0.25, 0.125], "texture": "#2"}
			}
		},
		{
			"from": [3, 17.5, 5.25],
			"to": [3.25, 19.5, 5.75],
			"rotation": {"angle": 22.5, "axis": "z", "origin": [11, 24.5, 13]},
			"faces": {
				"north": {"uv": [0, 0, 0.0625, 0.5], "texture": "#2"},
				"east": {"uv": [0, 0, 0.125, 0.5], "texture": "#2"},
				"south": {"uv": [0, 0, 0.0625, 0.5], "texture": "#2"},
				"west": {"uv": [0, 0, 0.125, 0.5], "texture": "#2"},
				"up": {"uv": [0, 0, 0.0625, 0.125], "texture": "#2"},
				"down": {"uv": [0, 0, 0.0625, 0.125], "texture": "#2"}
			}
		},
		{
			"from": [4.25, 17.5, 5.25],
			"to": [4.5, 19.5, 5.75],
			"rotation": {"angle": 22.5, "axis": "z", "origin": [11, 24.5, 13.25]},
			"faces": {
				"north": {"uv": [0, 0, 0.0625, 0.5], "texture": "#2"},
				"east": {"uv": [0, 0, 0.125, 0.5], "texture": "#2"},
				"south": {"uv": [0, 0, 0.0625, 0.5], "texture": "#2"},
				"west": {"uv": [0, 0, 0.125, 0.5], "texture": "#2"},
				"up": {"uv": [0, 0, 0.0625, 0.125], "texture": "#2"},
				"down": {"uv": [0, 0, 0.0625, 0.125], "texture": "#2"}
			}
		},
		{
			"from": [6.75, 12.75, 6.75],
			"to": [10.25, 15.25, 7.75],
			"rotation": {"angle": 0, "axis": "y", "origin": [14.5, 22, 14.75]},
			"faces": {
				"north": {"uv": [0, 0, 0.875, 0.625], "texture": "#1"},
				"east": {"uv": [0, 0, 0.25, 0.625], "texture": "#1"},
				"south": {"uv": [0, 0, 0.875, 0.625], "texture": "#1"},
				"west": {"uv": [0, 0, 0.25, 0.625], "texture": "#1"},
				"up": {"uv": [0, 0, 0.875, 0.25], "texture": "#1"},
				"down": {"uv": [0, 0, 0.875, 0.25], "texture": "#1"}
			}
		},
		{
			"from": [7, 15.5, 1],
			"to": [8, 16, 4],
			"rotation": {"angle": 0, "axis": "y", "origin": [15, 23, 9]},
			"faces": {
				"north": {"uv": [0, 0, 0.25, 0.125], "texture": "#2"},
				"east": {"uv": [0, 0, 0.75, 0.125], "texture": "#2"},
				"south": {"uv": [0, 0, 0.25, 0.125], "texture": "#2"},
				"west": {"uv": [0, 0, 0.75, 0.125], "texture": "#2"},
				"up": {"uv": [0, 0, 0.25, 0.75], "texture": "#2"},
				"down": {"uv": [0, 0, 0.25, 0.75], "texture": "#2"}
			}
		},
		{
			"from": [6.5, 13.5, 1.5],
			"to": [7.75, 15.5, 3.5],
			"rotation": {"angle": 0, "axis": "y", "origin": [14.75, 22.5, 9]},
			"faces": {
				"north": {"uv": [0, 0, 0.3125, 0.5], "texture": "#2"},
				"east": {"uv": [0, 0, 0.5, 0.5], "texture": "#2"},
				"south": {"uv": [0, 0, 0.3125, 0.5], "texture": "#2"},
				"west": {"uv": [0, 0, 0.5, 0.5], "texture": "#2"},
				"up": {"uv": [0, 0, 0.3125, 0.5], "texture": "#2"},
				"down": {"uv": [0, 0, 0.3125, 0.5], "texture": "#2"}
			}
		},
		{
			"from": [5.25, 14.25, 2.25],
			"to": [6.5, 14.75, 2.5],
			"rotation": {"angle": 0, "axis": "y", "origin": [13.5, 22.5, 9]},
			"faces": {
				"north": {"uv": [0, 0, 0.3125, 0.125], "texture": "#2"},
				"east": {"uv": [0, 0, 0.0625, 0.125], "texture": "#2"},
				"south": {"uv": [0, 0, 0.3125, 0.125], "texture": "#2"},
				"west": {"uv": [0, 0, 0.0625, 0.125], "texture": "#2"},
				"up": {"uv": [0, 0, 0.3125, 0.0625], "texture": "#2"},
				"down": {"uv": [0, 0, 0.3125, 0.0625], "texture": "#2"}
			}
		},
		{
			"from": [5.25, 14.25, 1.5],
			"to": [5.75, 14.75, 3.5],
			"rotation": {"angle": 0, "axis": "y", "origin": [13.5, 22.5, 9]},
			"faces": {
				"north": {"uv": [0, 0, 0.125, 0.125], "texture": "#3"},
				"east": {"uv": [0, 0, 0.5, 0.125], "texture": "#3"},
				"south": {"uv": [0, 0, 0.125, 0.125], "texture": "#3"},
				"west": {"uv": [0, 0, 0.5, 0.125], "texture": "#3"},
				"up": {"uv": [0, 0, 0.125, 0.5], "texture": "#3"},
				"down": {"uv": [0, 0, 0.125, 0.5], "texture": "#3"}
			}
		},
		{
			"from": [5.25, 13.5, 2.25],
			"to": [5.75, 15.5, 2.75],
			"rotation": {"angle": 0, "axis": "x", "origin": [13.5, 8, 10.5]},
			"faces": {
				"north": {"uv": [0, 0, 0.125, 0.5], "rotation": 180, "texture": "#3"},
				"east": {"uv": [0, 0, 0.5, 0.125], "rotation": 270, "texture": "#3"},
				"south": {"uv": [0, 0, 0.125, 0.5], "texture": "#3"},
				"west": {"uv": [0, 0, 0.5, 0.125], "rotation": 90, "texture": "#3"},
				"up": {"uv": [0, 0, 0.125, 0.125], "rotation": 180, "texture": "#3"},
				"down": {"uv": [0, 0, 0.125, 0.125], "texture": "#3"}
			}
		},
		{
			"from": [5.25, 13.5, 1],
			"to": [5.75, 15.5, 1.5],
			"rotation": {"angle": 0, "axis": "x", "origin": [13.5, 8, 9.25]},
			"faces": {
				"north": {"uv": [0, 0, 0.125, 0.5], "rotation": 180, "texture": "#3"},
				"east": {"uv": [0, 0, 0.5, 0.125], "rotation": 270, "texture": "#3"},
				"south": {"uv": [0, 0, 0.125, 0.5], "texture": "#3"},
				"west": {"uv": [0, 0, 0.5, 0.125], "rotation": 90, "texture": "#3"},
				"up": {"uv": [0, 0, 0.125, 0.125], "rotation": 180, "texture": "#3"},
				"down": {"uv": [0, 0, 0.125, 0.125], "texture": "#3"}
			}
		},
		{
			"from": [5.25, 13.5, 3.5],
			"to": [5.75, 15.5, 4],
			"rotation": {"angle": 0, "axis": "x", "origin": [13.5, 8, 11.75]},
			"faces": {
				"north": {"uv": [0, 0, 0.125, 0.5], "rotation": 180, "texture": "#3"},
				"east": {"uv": [0, 0, 0.5, 0.125], "rotation": 270, "texture": "#3"},
				"south": {"uv": [0, 0, 0.125, 0.5], "texture": "#3"},
				"west": {"uv": [0, 0, 0.5, 0.125], "rotation": 90, "texture": "#3"},
				"up": {"uv": [0, 0, 0.125, 0.125], "rotation": 180, "texture": "#3"},
				"down": {"uv": [0, 0, 0.125, 0.125], "texture": "#3"}
			}
		},
		{
			"from": [5.25, 13, 1.5],
			"to": [5.75, 13.5, 3.5],
			"rotation": {"angle": 0, "axis": "y", "origin": [13.5, 21.25, 9]},
			"faces": {
				"north": {"uv": [0, 0, 0.125, 0.125], "texture": "#3"},
				"east": {"uv": [0, 0, 0.5, 0.125], "texture": "#3"},
				"south": {"uv": [0, 0, 0.125, 0.125], "texture": "#3"},
				"west": {"uv": [0, 0, 0.5, 0.125], "texture": "#3"},
				"up": {"uv": [0, 0, 0.125, 0.5], "texture": "#3"},
				"down": {"uv": [0, 0, 0.125, 0.5], "texture": "#3"}
			}
		},
		{
			"from": [5.25, 15.5, 1.5],
			"to": [5.75, 16, 3.5],
			"rotation": {"angle": 0, "axis": "y", "origin": [13.5, 23.75, 9]},
			"faces": {
				"north": {"uv": [0, 0, 0.125, 0.125], "texture": "#3"},
				"east": {"uv": [0, 0, 0.5, 0.125], "texture": "#3"},
				"south": {"uv": [0, 0, 0.125, 0.125], "texture": "#3"},
				"west": {"uv": [0, 0, 0.5, 0.125], "texture": "#3"},
				"up": {"uv": [0, 0, 0.125, 0.5], "texture": "#3"},
				"down": {"uv": [0, 0, 0.125, 0.5], "texture": "#3"}
			}
		},
		{
			"from": [7, 14.5, 1],
			"to": [8, 15.5, 1.5],
			"rotation": {"angle": 0, "axis": "y", "origin": [15, 22.5, 9]},
			"faces": {
				"north": {"uv": [0, 0, 0.25, 0.25], "texture": "#2"},
				"east": {"uv": [0, 0, 0.125, 0.25], "texture": "#2"},
				"south": {"uv": [0, 0, 0.25, 0.25], "texture": "#2"},
				"west": {"uv": [0, 0, 0.125, 0.25], "texture": "#2"},
				"up": {"uv": [0, 0, 0.25, 0.125], "texture": "#2"},
				"down": {"uv": [0, 0, 0.25, 0.125], "texture": "#2"}
			}
		},
		{
			"from": [7, 14.5, 3.5],
			"to": [8, 15.5, 4],
			"rotation": {"angle": 0, "axis": "y", "origin": [15, 22.5, 11.5]},
			"faces": {
				"north": {"uv": [0, 0, 0.25, 0.25], "texture": "#2"},
				"east": {"uv": [0, 0, 0.125, 0.25], "texture": "#2"},
				"south": {"uv": [0, 0, 0.25, 0.25], "texture": "#2"},
				"west": {"uv": [0, 0, 0.125, 0.25], "texture": "#2"},
				"up": {"uv": [0, 0, 0.25, 0.125], "texture": "#2"},
				"down": {"uv": [0, 0, 0.25, 0.125], "texture": "#2"}
			}
		}
	],
	"display": {
		"thirdperson_righthand": {
			"rotation": [0, -180, 0],
			"translation": [0, -3, -1],
			"scale": [0.65, 0.65, 0.54]
		},
		"thirdperson_lefthand": {
			"rotation": [0, -180, 0],
			"translation": [0, -3, -1],
			"scale": [0.65, 0.65, 0.54]
		},
		"firstperson_righthand": {
			"rotation": [0, 179, 0],
			"translation": [4, -1.25, -0.5],
			"scale": [0.75, 0.75, 0.75]
		},
		"firstperson_lefthand": {
			"rotation": [0, 171, 0],
			"translation": [4, -1.75, -0.5],
			"scale": [0.75, 0.75, 0.75]
		},
		"ground": {
			"rotation": [-180, 0, 90],
			"translation": [0, -0.5, 0],
			"scale": [0.6, 0.6, 0.54]
		},
		"gui": {
			"rotation": [53, -127, 0],
			"translation": [0, -0.5, 0],
			"scale": [0.38, 0.38, 0.38]
		},
		"fixed": {
			"rotation": [90, 0, 90],
			"translation": [13, -7, -2],
			"scale": [2, 2, 2]
		}
	}
}