{
	"credit": "Made with Blockbench",
	"textures": {
		"0": "./microfone",
		"particle": "./microfone"
	},
	"elements": [
		{
			"from": [4.5, 0, 3],
			"to": [5.5, 2, 4],
			"rotation": {"angle": 0, "axis": "y", "origin": [12.5, 8, 11]},
			"faces": {
				"north": {"uv": [0, 0, 1, 2], "texture": "#0"},
				"east": {"uv": [0, 0, 1, 2], "texture": "#0"},
				"south": {"uv": [0, 0, 1, 2], "texture": "#0"},
				"west": {"uv": [0, 0, 1, 2], "texture": "#0"},
				"up": {"uv": [0, 0, 1, 1], "texture": "#0"},
				"down": {"uv": [0, 0, 1, 1], "texture": "#0"}
			}
		},
		{
			"from": [-2.75, 1, 6.25],
			"to": [2.25, 2, 7.25],
			"rotation": {"angle": -45, "axis": "y", "origin": [5.25, 9, 14.25]},
			"faces": {
				"north": {"uv": [0, 0, 5, 1], "texture": "#0"},
				"east": {"uv": [0, 0, 1, 1], "texture": "#0"},
				"south": {"uv": [0, 0, 5, 1], "texture": "#0"},
				"west": {"uv": [0, 0, 1, 1], "texture": "#0"},
				"up": {"uv": [0, 0, 5, 1], "texture": "#0"},
				"down": {"uv": [0, 0, 5, 1], "texture": "#0"}
			}
		},
		{
			"from": [8, 1, -4.5],
			"to": [9, 2, 0.5],
			"rotation": {"angle": -45, "axis": "y", "origin": [1, 9, 3.5]},
			"faces": {
				"north": {"uv": [0, 0, 1, 1], "texture": "#0"},
				"east": {"uv": [0, 0, 5, 1], "texture": "#0"},
				"south": {"uv": [0, 0, 1, 1], "texture": "#0"},
				"west": {"uv": [0, 0, 5, 1], "texture": "#0"},
				"up": {"uv": [0, 0, 5, 1], "rotation": 90, "texture": "#0"},
				"down": {"uv": [0, 0, 5, 1], "rotation": 270, "texture": "#0"}
			}
		},
		{
			"from": [8, 1, 7],
			"to": [9, 2, 10],
			"rotation": {"angle": 0, "axis": "y", "origin": [12, 9, 15]},
			"faces": {
				"north": {"uv": [0, 0, 1, 1], "texture": "#0"},
				"east": {"uv": [0, 0, 3, 1], "texture": "#0"},
				"south": {"uv": [0, 0, 1, 1], "texture": "#0"},
				"west": {"uv": [0, 0, 3, 1], "texture": "#0"},
				"up": {"uv": [0, 0, 1, 3], "texture": "#0"},
				"down": {"uv": [0, 0, 1, 3], "texture": "#0"}
			}
		},
		{
			"from": [8, 1, 6],
			"to": [9, 16, 7],
			"rotation": {"angle": 0, "axis": "y", "origin": [12, 9, 14]},
			"faces": {
				"north": {"uv": [1, 0, 2, 15], "texture": "#0"},
				"east": {"uv": [1, 0, 2, 15], "texture": "#0"},
				"south": {"uv": [1, 0, 2, 15], "texture": "#0"},
				"west": {"uv": [1, 0, 2, 15], "texture": "#0"},
				"up": {"uv": [0, 0, 1, 1], "texture": "#0"},
				"down": {"uv": [0, 0, 1, 1], "texture": "#0"}
			}
		},
		{
			"from": [8, 14, 3],
			"to": [9, 25, 4],
			"rotation": {"angle": -45, "axis": "x", "origin": [12, 22, 11]},
			"faces": {
				"north": {"uv": [0, 5, 1, 16], "texture": "#0"},
				"east": {"uv": [0, 5, 1, 16], "texture": "#0"},
				"south": {"uv": [0, 5, 1, 16], "texture": "#0"},
				"west": {"uv": [0, 5, 1, 16], "texture": "#0"},
				"up": {"uv": [0, 0, 1, 1], "texture": "#0"},
				"down": {"uv": [0, 15, 1, 16], "texture": "#0"}
			}
		},
		{
			"from": [8, 18.25, 2],
			"to": [9, 19.25, 6],
			"rotation": {"angle": 0, "axis": "x", "origin": [12, 26.25, 6]},
			"faces": {
				"north": {"uv": [15, 15, 16, 16], "rotation": 180, "texture": "#0"},
				"east": {"uv": [15, 12, 16, 16], "rotation": 90, "texture": "#0"},
				"south": {"uv": [15, 15, 16, 16], "texture": "#0"},
				"west": {"uv": [15, 12, 16, 16], "rotation": 270, "texture": "#0"},
				"up": {"uv": [15, 12, 16, 16], "texture": "#0"},
				"down": {"uv": [15, 12, 16, 16], "rotation": 180, "texture": "#0"}
			}
		},
		{
			"from": [7.5, 18, 3.75],
			"to": [9.5, 19, 4.75],
			"rotation": {"angle": 0, "axis": "x", "origin": [10.5, 26, 5.75]},
			"faces": {
				"north": {"uv": [0, 0, 2, 1], "rotation": 180, "texture": "#0"},
				"east": {"uv": [0, 0, 1, 1], "rotation": 90, "texture": "#0"},
				"south": {"uv": [0, 0, 2, 1], "texture": "#0"},
				"west": {"uv": [0, 0, 1, 1], "rotation": 270, "texture": "#0"},
				"up": {"uv": [0, 0, 2, 1], "texture": "#0"},
				"down": {"uv": [0, 0, 2, 1], "rotation": 180, "texture": "#0"}
			}
		},
		{
			"from": [7.75, 18, 1.25],
			"to": [9.25, 19.5, 2.75],
			"rotation": {"angle": 0, "axis": "x", "origin": [12, 26.25, 2.75]},
			"faces": {
				"north": {"uv": [14, 0, 15.5, 1.5], "rotation": 180, "texture": "#0"},
				"east": {"uv": [14, 0, 15.5, 1.5], "rotation": 90, "texture": "#0"},
				"south": {"uv": [14, 0, 15.5, 1.5], "texture": "#0"},
				"west": {"uv": [14, 0, 15.5, 1.5], "rotation": 270, "texture": "#0"},
				"up": {"uv": [14, 0, 15.5, 1.5], "texture": "#0"},
				"down": {"uv": [14, 0, 15.5, 1.5], "rotation": 180, "texture": "#0"}
			}
		},
		{
			"from": [8, 0, 10],
			"to": [9, 2, 11],
			"rotation": {"angle": 0, "axis": "y", "origin": [16, 8, 18]},
			"faces": {
				"north": {"uv": [0, 0, 1, 2], "texture": "#0"},
				"east": {"uv": [0, 0, 1, 2], "texture": "#0"},
				"south": {"uv": [0, 0, 1, 2], "texture": "#0"},
				"west": {"uv": [0, 0, 1, 2], "texture": "#0"},
				"up": {"uv": [0, 0, 1, 1], "texture": "#0"},
				"down": {"uv": [0, 0, 1, 1], "texture": "#0"}
			}
		},
		{
			"from": [11.75, 0, 2.75],
			"to": [12.75, 2, 3.75],
			"rotation": {"angle": 0, "axis": "y", "origin": [19.75, 8, 10.75]},
			"faces": {
				"north": {"uv": [0, 0, 1, 2], "texture": "#0"},
				"east": {"uv": [0, 0, 1, 2], "texture": "#0"},
				"south": {"uv": [0, 0, 1, 2], "texture": "#0"},
				"west": {"uv": [0, 0, 1, 2], "texture": "#0"},
				"up": {"uv": [0, 0, 1, 1], "texture": "#0"},
				"down": {"uv": [0, 0, 1, 1], "texture": "#0"}
			}
		}
	],
	"display": {
		"thirdperson_righthand": {
			"rotation": [0, 146, 0],
			"translation": [1, -2.25, 0.5]
		},
		"thirdperson_lefthand": {
			"rotation": [0, 146, 0],
			"translation": [0, -2.5, -0.5]
		},
		"firstperson_righthand": {
			"rotation": [-4, 113, 8.5],
			"translation": [1.5, -3.5, 0]
		},
		"firstperson_lefthand": {
			"rotation": [-4, 113, 8.5],
			"translation": [1, -4, 0]
		},
		"ground": {
			"translation": [0, 5.75, 0]
		},
		"gui": {
			"rotation": [20.25, 124.5, -5.75],
			"translation": [1.5, 0, 0],
			"scale": [0.7, 0.6, 0.7]
		},
		"fixed": {
			"rotation": [-90, 0, 0],
			"translation": [-1, 2, -15],
			"scale": [2.1, 2.1, 2.1]
		}
	}
}