{
	"credit": "Made with Blockbench",
	"textures": {
		"0": "./gus",
		"particle": "./gus"
	},
	"elements": [
		{
			"from": [6.5, 1.5, 10.5],
			"to": [9.5, 2.5, 13.5],
			"rotation": {"angle": 0, "axis": "y", "origin": [15, 9.5, 19]},
			"faces": {
				"north": {"uv": [0, 0, 3, 1], "texture": "#0"},
				"east": {"uv": [0, 0, 3, 1], "texture": "#0"},
				"south": {"uv": [0, 0, 3, 1], "texture": "#0"},
				"west": {"uv": [0, 0, 3, 1], "texture": "#0"},
				"up": {"uv": [0, 0, 3, 3], "texture": "#0"},
				"down": {"uv": [0, 0, 3, 3], "texture": "#0"}
			}
		},
		{
			"from": [6.5, 6.5, 8],
			"to": [9.5, 9, 9],
			"rotation": {"angle": 0, "axis": "y", "origin": [15, 8, 19]},
			"faces": {
				"north": {"uv": [0, 0, 3, 2.5], "texture": "#0"},
				"east": {"uv": [0, 0, 1, 2.5], "texture": "#0"},
				"south": {"uv": [0, 0, 3, 2.5], "texture": "#0"},
				"west": {"uv": [0, 0, 1, 2.5], "texture": "#0"},
				"up": {"uv": [0, 0, 3, 1], "texture": "#0"},
				"down": {"uv": [0, 0, 3, 1], "texture": "#0"}
			}
		},
		{
			"from": [6.5, 6.5, 2.25],
			"to": [9.5, 9.5, 3.25],
			"rotation": {"angle": 0, "axis": "y", "origin": [15, 8, 14.75]},
			"faces": {
				"north": {"uv": [0, 0, 3, 3], "texture": "#0"},
				"east": {"uv": [0, 0, 1, 3], "texture": "#0"},
				"south": {"uv": [0, 0, 3, 3], "texture": "#0"},
				"west": {"uv": [0, 0, 1, 3], "texture": "#0"},
				"up": {"uv": [0, 0, 3, 1], "texture": "#0"},
				"down": {"uv": [0, 0, 3, 1], "texture": "#0"}
			}
		},
		{
			"from": [6.75, 6.75, 6],
			"to": [9.25, 9.25, 6.5],
			"rotation": {"angle": 0, "axis": "y", "origin": [15, 8, 18.5]},
			"faces": {
				"north": {"uv": [13, 13, 15.5, 15.5], "texture": "#0"},
				"east": {"uv": [15, 13, 15.5, 15.5], "texture": "#0"},
				"south": {"uv": [13, 13, 15.5, 15.5], "texture": "#0"},
				"west": {"uv": [15, 13, 15.5, 15.5], "texture": "#0"},
				"up": {"uv": [13, 15, 15.5, 15.5], "texture": "#0"},
				"down": {"uv": [13, 15, 15.5, 15.5], "texture": "#0"}
			}
		},
		{
			"from": [9.25, 6, -1.25],
			"to": [10.25, 10, 1],
			"rotation": {"angle": 0, "axis": "y", "origin": [18.25, 8, 12.5]},
			"faces": {
				"north": {"uv": [0, 0, 1, 4], "texture": "#0"},
				"east": {"uv": [0, 0, 2.25, 4], "texture": "#0"},
				"south": {"uv": [0, 0, 1, 4], "texture": "#0"},
				"west": {"uv": [0, 0, 2.25, 4], "texture": "#0"},
				"up": {"uv": [0, 0, 1, 2.25], "texture": "#0"},
				"down": {"uv": [0, 0, 1, 2.25], "texture": "#0"}
			}
		},
		{
			"from": [5.75, 6, -1.25],
			"to": [6.75, 10, 1],
			"rotation": {"angle": 0, "axis": "y", "origin": [14.75, 8, 12.5]},
			"faces": {
				"north": {"uv": [0, 0, 1, 4], "texture": "#0"},
				"east": {"uv": [0, 0, 2.25, 4], "texture": "#0"},
				"south": {"uv": [0, 0, 1, 4], "texture": "#0"},
				"west": {"uv": [0, 0, 2.25, 4], "texture": "#0"},
				"up": {"uv": [0, 0, 1, 2.25], "texture": "#0"},
				"down": {"uv": [0, 0, 1, 2.25], "texture": "#0"}
			}
		},
		{
			"from": [6, 5.75, -1.25],
			"to": [10, 6.75, 1],
			"rotation": {"angle": 0, "axis": "y", "origin": [15, 4.75, 12.5]},
			"faces": {
				"north": {"uv": [0, 0, 4, 1], "texture": "#0"},
				"east": {"uv": [0, 0, 2.25, 1], "texture": "#0"},
				"south": {"uv": [0, 0, 4, 1], "texture": "#0"},
				"west": {"uv": [0, 0, 2.25, 1], "texture": "#0"},
				"up": {"uv": [0, 0, 4, 2.25], "texture": "#0"},
				"down": {"uv": [0, 0, 4, 2.25], "texture": "#0"}
			}
		},
		{
			"from": [6, 9.25, -1.25],
			"to": [10, 10.25, 1],
			"rotation": {"angle": 0, "axis": "y", "origin": [15, 8.25, 12.5]},
			"faces": {
				"north": {"uv": [0, 0, 4, 1], "texture": "#0"},
				"east": {"uv": [0, 0, 2.25, 1], "texture": "#0"},
				"south": {"uv": [0, 0, 4, 1], "texture": "#0"},
				"west": {"uv": [0, 0, 2.25, 1], "texture": "#0"},
				"up": {"uv": [0, 0, 4, 2.25], "texture": "#0"},
				"down": {"uv": [0, 0, 4, 2.25], "texture": "#0"}
			}
		},
		{
			"from": [6, 6, 1],
			"to": [10, 10, 2],
			"rotation": {"angle": 0, "axis": "y", "origin": [15, 8, 13.5]},
			"faces": {
				"north": {"uv": [0, 0, 4, 4], "texture": "#0"},
				"east": {"uv": [0, 0, 1, 4], "texture": "#0"},
				"south": {"uv": [0, 0, 4, 4], "texture": "#0"},
				"west": {"uv": [0, 0, 1, 4], "texture": "#0"},
				"up": {"uv": [0, 0, 4, 1], "texture": "#0"},
				"down": {"uv": [0, 0, 4, 1], "texture": "#0"}
			}
		},
		{
			"from": [6.25, 6.25, 1.75],
			"to": [9.75, 9.75, 2.75],
			"rotation": {"angle": 0, "axis": "y", "origin": [15, 8, 14.25]},
			"faces": {
				"north": {"uv": [0, 0, 3.5, 3.5], "texture": "#0"},
				"east": {"uv": [0, 0, 1, 3.5], "texture": "#0"},
				"south": {"uv": [0, 0, 3.5, 3.5], "texture": "#0"},
				"west": {"uv": [0, 0, 1, 3.5], "texture": "#0"},
				"up": {"uv": [0, 0, 3.5, 1], "texture": "#0"},
				"down": {"uv": [0, 0, 3.5, 1], "texture": "#0"}
			}
		},
		{
			"from": [6.25, 6.25, 3.25],
			"to": [9.75, 9.75, 3.75],
			"rotation": {"angle": 0, "axis": "y", "origin": [15, 8, 15.75]},
			"faces": {
				"north": {"uv": [0, 0, 3.5, 3.5], "texture": "#0"},
				"east": {"uv": [0, 0, 0.5, 3.5], "texture": "#0"},
				"south": {"uv": [0, 0, 3.5, 3.5], "texture": "#0"},
				"west": {"uv": [0, 0, 0.5, 3.5], "texture": "#0"},
				"up": {"uv": [0, 0, 3.5, 0.5], "texture": "#0"},
				"down": {"uv": [0, 0, 3.5, 0.5], "texture": "#0"}
			}
		},
		{
			"from": [6.25, 6.25, 5.25],
			"to": [9.75, 9.75, 6.25],
			"rotation": {"angle": 0, "axis": "y", "origin": [15, 8, 18.25]},
			"faces": {
				"north": {"uv": [12, 12, 15.5, 15.5], "texture": "#0"},
				"east": {"uv": [14, 12, 15, 15.5], "texture": "#0"},
				"south": {"uv": [12, 12, 15.5, 15.5], "texture": "#0"},
				"west": {"uv": [15, 12, 16, 15.5], "texture": "#0"},
				"up": {"uv": [12, 14, 15.5, 15], "texture": "#0"},
				"down": {"uv": [12, 15, 15.5, 16], "texture": "#0"}
			}
		},
		{
			"from": [6, 6, 3.75],
			"to": [10, 10, 4.75],
			"rotation": {"angle": 0, "axis": "y", "origin": [15, 8, 16.75]},
			"faces": {
				"north": {"uv": [12, 12, 16, 16], "texture": "#0"},
				"east": {"uv": [15, 12, 16, 16], "texture": "#0"},
				"south": {"uv": [12, 12, 16, 16], "texture": "#0"},
				"west": {"uv": [15, 12, 16, 16], "texture": "#0"},
				"up": {"uv": [12, 15, 16, 16], "texture": "#0"},
				"down": {"uv": [12, 15, 16, 16], "texture": "#0"}
			}
		},
		{
			"from": [6.5, 6.5, 4.75],
			"to": [9.5, 9.5, 5.25],
			"rotation": {"angle": 0, "axis": "y", "origin": [15, 8, 17.25]},
			"faces": {
				"north": {"uv": [13, 13, 16, 16], "texture": "#0"},
				"east": {"uv": [15, 13, 15.5, 16], "texture": "#0"},
				"south": {"uv": [13, 13, 16, 16], "texture": "#0"},
				"west": {"uv": [15, 13, 15.5, 16], "texture": "#0"},
				"up": {"uv": [13, 15, 16, 15.5], "texture": "#0"},
				"down": {"uv": [13, 15, 16, 15.5], "texture": "#0"}
			}
		},
		{
			"from": [6.5, 6.5, 6.5],
			"to": [9.5, 9.5, 7.5],
			"rotation": {"angle": 0, "axis": "y", "origin": [15, 8, 19.5]},
			"faces": {
				"north": {"uv": [13, 13, 16, 16], "texture": "#0"},
				"east": {"uv": [15, 13, 16, 16], "texture": "#0"},
				"south": {"uv": [13, 13, 16, 16], "texture": "#0"},
				"west": {"uv": [15, 13, 16, 16], "texture": "#0"},
				"up": {"uv": [13, 15, 16, 16], "texture": "#0"},
				"down": {"uv": [13, 15, 16, 16], "texture": "#0"}
			}
		},
		{
			"from": [7.25, 7.25, 5.25],
			"to": [8.75, 8.75, 9],
			"rotation": {"angle": 0, "axis": "y", "origin": [15, 8, 19]},
			"faces": {
				"north": {"uv": [0, 0, 1.5, 1.5], "texture": "#0"},
				"east": {"uv": [0, 0, 3.75, 1.5], "texture": "#0"},
				"south": {"uv": [0, 0, 1.5, 1.5], "texture": "#0"},
				"west": {"uv": [0, 0, 3.75, 1.5], "texture": "#0"},
				"up": {"uv": [0, 0, 1.5, 3.75], "texture": "#0"},
				"down": {"uv": [0, 0, 1.5, 3.75], "texture": "#0"}
			}
		},
		{
			"from": [6.5, 6.5, 9],
			"to": [9.5, 9.75, 15],
			"rotation": {"angle": 0, "axis": "y", "origin": [15, 8, 19]},
			"faces": {
				"north": {"uv": [0, 0, 3, 3.25], "texture": "#0"},
				"east": {"uv": [0, 0, 6, 3.25], "texture": "#0"},
				"south": {"uv": [0, 0, 3, 3.25], "texture": "#0"},
				"west": {"uv": [0, 0, 6, 3.25], "texture": "#0"},
				"up": {"uv": [0, 0, 3, 6], "texture": "#0"},
				"down": {"uv": [0, 0, 3, 6], "texture": "#0"}
			}
		},
		{
			"from": [7.25, 10.22836, 9.60195],
			"to": [9, 11.72836, 13.85195],
			"rotation": {"angle": 0, "axis": "x", "origin": [14.5, 18.25, 21.25]},
			"faces": {
				"north": {"uv": [9, 13, 12, 16], "texture": "#0"},
				"east": {"uv": [0, 0, 4.25, 1.5], "texture": "#0"},
				"south": {"uv": [9, 13, 12, 16], "texture": "#0"},
				"west": {"uv": [0, 0, 4.25, 1.5], "texture": "#0"},
				"up": {"uv": [0, 0, 1.75, 4.25], "texture": "#0"},
				"down": {"uv": [0, 0, 1.75, 4.25], "texture": "#0"}
			}
		},
		{
			"from": [7.75, 9.47836, 12.10195],
			"to": [8.75, 10.47836, 12.85195],
			"rotation": {"angle": 0, "axis": "x", "origin": [14.75, 17.25, 21.25]},
			"faces": {
				"north": {"uv": [0, 0, 1, 1], "texture": "#0"},
				"east": {"uv": [0, 0, 0.75, 1], "texture": "#0"},
				"south": {"uv": [0, 0, 1, 1], "texture": "#0"},
				"west": {"uv": [0, 0, 0.75, 1], "texture": "#0"},
				"up": {"uv": [0, 0, 1, 0.75], "texture": "#0"},
				"down": {"uv": [0, 0, 1, 0.75], "texture": "#0"}
			}
		},
		{
			"from": [8, 8.97836, 2.10195],
			"to": [9, 9.97836, 4.10195],
			"rotation": {"angle": -45, "axis": "x", "origin": [15, 16.75, 11.25]},
			"faces": {
				"north": {"uv": [0, 0, 1, 1], "texture": "#0"},
				"east": {"uv": [0, 0, 2, 1], "texture": "#0"},
				"south": {"uv": [0, 0, 1, 1], "texture": "#0"},
				"west": {"uv": [0, 0, 2, 1], "texture": "#0"},
				"up": {"uv": [0, 0, 1, 2], "texture": "#0"},
				"down": {"uv": [0, 0, 1, 2], "texture": "#0"}
			}
		},
		{
			"from": [7, 2, 11],
			"to": [9, 9, 13],
			"rotation": {"angle": 0, "axis": "y", "origin": [15, 8, 19]},
			"faces": {
				"north": {"uv": [0, 0, 2, 7], "texture": "#0"},
				"east": {"uv": [0, 0, 2, 7], "texture": "#0"},
				"south": {"uv": [0, 0, 2, 7], "texture": "#0"},
				"west": {"uv": [0, 0, 2, 7], "texture": "#0"},
				"up": {"uv": [0, 0, 2, 2], "texture": "#0"},
				"down": {"uv": [0, 0, 2, 2], "texture": "#0"}
			}
		}
	],
	"display": {
		"thirdperson_righthand": {
			"translation": [0, 1.75, -2],
			"scale": [0.75, 0.75, 0.75]
		},
		"thirdperson_lefthand": {
			"translation": [0, 1.5, -2],
			"scale": [0.75, 0.75, 0.75]
		},
		"firstperson_righthand": {
			"rotation": [2, -5, 2],
			"translation": [1.5, 0.75, -0.75]
		},
		"firstperson_lefthand": {
			"rotation": [8, -10, 5],
			"translation": [2, 2, 1],
			"scale": [0.75, 0.75, 0.75]
		},
		"ground": {
			"rotation": [0, 0, 90]
		},
		"gui": {
			"rotation": [28, -68, 16],
			"translation": [-1, 0.5, 0],
			"scale": [0.85, 0.85, 0.85]
		},
		"fixed": {
			"rotation": [0, 90, 0],
			"translation": [0, 0, -1.25]
		}
	},
	"groups": [
		{
			"name": "group",
			"origin": [8, 8, 8],
			"children": [0, 1, 2, 3, 4, 5, 6, 7, 8, 9, 10, 11, 12, 13, 14, 15, 16, 17, 18, 19, 20]
		}
	]
}