{
	"credit": "Made with Blockbench",
	"textures": {
		"0": "./skeleton",
		"1": "./hat",
		"particle": "./skeleton"
	},
	"elements": [
		{
			"from": [5, 3, 6],
			"to": [11, 9, 9],
			"rotation": {"angle": 0, "axis": "y", "origin": [13, 11, 14]},
			"faces": {
				"north": {"uv": [9, 0, 15, 6], "texture": "#0"},
				"east": {"uv": [6, 0, 9, 6], "texture": "#0"},
				"south": {"uv": [9, 0, 15, 6], "texture": "#0"},
				"west": {"uv": [6, 0, 9, 6], "texture": "#0"},
				"up": {"uv": [6, 0, 12, 3], "texture": "#0"},
				"down": {"uv": [6, 0, 10, 3], "texture": "#0"}
			}
		},
		{
			"from": [6, 0, 6.5],
			"to": [10, 3, 8.5],
			"rotation": {"angle": 0, "axis": "y", "origin": [14, 8, 15.5]},
			"faces": {
				"north": {"uv": [0, 6, 4, 9], "texture": "#0"},
				"east": {"uv": [11, 6, 13, 9], "texture": "#0"},
				"south": {"uv": [7, 6, 11, 9], "texture": "#0"},
				"west": {"uv": [5, 6, 7, 9], "texture": "#0"},
				"up": {"uv": [0, 0, 4, 2], "texture": "#0"},
				"down": {"uv": [13, 6, 16, 9], "texture": "#0"}
			}
		},
		{
			"from": [6.5, 2.5, 2],
			"to": [9.5, 3.5, 4],
			"rotation": {"angle": -22.5, "axis": "x", "origin": [15, 10.5, 11]},
			"faces": {
				"north": {"uv": [13, 6, 16, 7], "texture": "#0"},
				"east": {"uv": [14, 6, 16, 7], "texture": "#0"},
				"south": {"uv": [0, 0, 3, 1], "texture": "#0"},
				"west": {"uv": [13, 6, 15, 7], "texture": "#0"},
				"up": {"uv": [13, 6, 16, 8], "texture": "#0"},
				"down": {"uv": [13, 6, 16, 8], "texture": "#0"}
			}
		},
		{
			"from": [3, 3.5, 6.5],
			"to": [5, 8, 8.5],
			"rotation": {"angle": 0, "axis": "y", "origin": [11, 12, 14.5]},
			"faces": {
				"north": {"uv": [0, 9, 2, 13], "texture": "#0"},
				"east": {"uv": [0, 9, 2, 13], "texture": "#0"},
				"south": {"uv": [0, 9, 2, 13], "texture": "#0"},
				"west": {"uv": [0, 9, 2, 13], "texture": "#0"},
				"up": {"uv": [0, 9, 2, 11], "texture": "#0"},
				"down": {"uv": [0, 12, 2, 14], "texture": "#0"}
			}
		},
		{
			"from": [11, 3.5, 6.5],
			"to": [13, 8, 8.5],
			"rotation": {"angle": 0, "axis": "y", "origin": [19, 12, 14.5]},
			"faces": {
				"north": {"uv": [0, 9, 2, 13], "texture": "#0"},
				"east": {"uv": [0, 9, 2, 13], "texture": "#0"},
				"south": {"uv": [0, 9, 2, 13], "texture": "#0"},
				"west": {"uv": [0, 9, 2, 13], "texture": "#0"},
				"up": {"uv": [0, 9, 2, 11], "texture": "#0"},
				"down": {"uv": [0, 12, 2, 14], "texture": "#0"}
			}
		},
		{
			"from": [2.8, 8, 6.3],
			"to": [5, 9, 8.7],
			"rotation": {"angle": 0, "axis": "y", "origin": [12, 16, 14.5]},
			"faces": {
				"north": {"uv": [2, 9, 4.2, 10], "texture": "#0"},
				"east": {"uv": [2, 9, 4.4, 10], "texture": "#0"},
				"south": {"uv": [2, 9, 4.2, 10], "texture": "#0"},
				"west": {"uv": [2, 9, 4.4, 10], "texture": "#0"},
				"up": {"uv": [2, 9, 4.2, 11.4], "texture": "#0"},
				"down": {"uv": [2, 9, 4.2, 11.4], "texture": "#0"}
			}
		},
		{
			"from": [11, 8, 6.3],
			"to": [13.2, 9, 8.7],
			"rotation": {"angle": 0, "axis": "y", "origin": [20.2, 16, 14.5]},
			"faces": {
				"north": {"uv": [2, 9, 4.2, 10], "texture": "#0"},
				"east": {"uv": [2, 9, 4.4, 10], "texture": "#0"},
				"south": {"uv": [2, 9, 4.2, 10], "texture": "#0"},
				"west": {"uv": [2, 9, 4.4, 10], "texture": "#0"},
				"up": {"uv": [2, 9, 4.2, 11.4], "texture": "#0"},
				"down": {"uv": [2, 9, 4.2, 11.4], "texture": "#0"}
			}
		},
		{
			"from": [3.3, 2.1, 6.7],
			"to": [3.8, 3.5, 8.3],
			"rotation": {"angle": 0, "axis": "y", "origin": [10.8, 9.5, 14.5]},
			"faces": {
				"north": {"uv": [0, 6, 0.5, 7.4], "texture": "#0"},
				"east": {"uv": [3, 6, 4.6, 7.4], "texture": "#0"},
				"south": {"uv": [0, 6, 0.5, 7.4], "texture": "#0"},
				"west": {"uv": [3, 6, 4.6, 7.4], "texture": "#0"},
				"up": {"uv": [0, 6, 0.5, 7.6], "texture": "#0"},
				"down": {"uv": [0, 6, 0.5, 7.6], "texture": "#0"}
			}
		},
		{
			"from": [12.2, 2.1, 6.7],
			"to": [12.7, 3.5, 8.3],
			"rotation": {"angle": 0, "axis": "y", "origin": [19.7, 9.5, 14.5]},
			"faces": {
				"north": {"uv": [0, 6, 0.5, 7.4], "texture": "#0"},
				"east": {"uv": [3, 6, 4.6, 7.4], "texture": "#0"},
				"south": {"uv": [0, 6, 0.5, 7.4], "texture": "#0"},
				"west": {"uv": [3, 6, 4.6, 7.4], "texture": "#0"},
				"up": {"uv": [0, 6, 0.5, 7.6], "texture": "#0"},
				"down": {"uv": [0, 6, 0.5, 7.6], "texture": "#0"}
			}
		},
		{
			"from": [3.8, 3, 6.7],
			"to": [4.8, 3.5, 8.3],
			"rotation": {"angle": 0, "axis": "y", "origin": [11.8, 9.5, 14.5]},
			"faces": {
				"north": {"uv": [0, 6, 1, 6.5], "texture": "#0"},
				"east": {"uv": [0, 6, 1.6, 6.5], "texture": "#0"},
				"south": {"uv": [0, 6, 1, 6.5], "texture": "#0"},
				"west": {"uv": [0, 0, 1.6, 0.5], "texture": "#0"},
				"up": {"uv": [3, 6, 4, 7.6], "texture": "#0"},
				"down": {"uv": [3, 6, 4, 7.6], "texture": "#0"}
			}
		},
		{
			"from": [11.2, 3, 6.7],
			"to": [12.2, 3.5, 8.3],
			"rotation": {"angle": 0, "axis": "y", "origin": [19.2, 9.5, 14.5]},
			"faces": {
				"north": {"uv": [0, 6, 1, 6.5], "texture": "#0"},
				"east": {"uv": [0, 0, 1.6, 0.5], "texture": "#0"},
				"south": {"uv": [0, 6, 1, 6.5], "texture": "#0"},
				"west": {"uv": [0, 6, 1.6, 6.5], "texture": "#0"},
				"up": {"uv": [3, 6, 4, 7.6], "texture": "#0"},
				"down": {"uv": [3, 6, 4, 7.6], "texture": "#0"}
			}
		},
		{
			"from": [4.3, 2.5, 6.7],
			"to": [4.8, 3, 7.2],
			"rotation": {"angle": 0, "axis": "y", "origin": [11.8, 9, 14.5]},
			"faces": {
				"north": {"uv": [0, 6, 0.5, 6.5], "texture": "#0"},
				"east": {"uv": [0, 6, 0.5, 6.5], "texture": "#0"},
				"south": {"uv": [0, 6, 0.5, 6.5], "texture": "#0"},
				"west": {"uv": [0, 6, 0.5, 6.5], "texture": "#0"},
				"up": {"uv": [0, 0, 0.5, 0.5], "texture": "#0"},
				"down": {"uv": [0, 6, 0.5, 6.5], "texture": "#0"}
			}
		},
		{
			"from": [11.2, 2.5, 6.7],
			"to": [11.7, 3, 7.2],
			"rotation": {"angle": 0, "axis": "y", "origin": [18.7, 9, 14.5]},
			"faces": {
				"north": {"uv": [0, 6, 0.5, 6.5], "texture": "#0"},
				"east": {"uv": [0, 6, 0.5, 6.5], "texture": "#0"},
				"south": {"uv": [0, 6, 0.5, 6.5], "texture": "#0"},
				"west": {"uv": [0, 6, 0.5, 6.5], "texture": "#0"},
				"up": {"uv": [0, 0, 0.5, 0.5], "texture": "#0"},
				"down": {"uv": [0, 6, 0.5, 6.5], "texture": "#0"}
			}
		},
		{
			"from": [5, 9, 4.4],
			"to": [11, 15, 10.4],
			"rotation": {"angle": 0, "axis": "y", "origin": [13, 17, 12.4]},
			"faces": {
				"north": {"uv": [10, 9, 16, 15], "texture": "#0"},
				"east": {"uv": [6, 10, 10, 14], "texture": "#0"},
				"south": {"uv": [5, 9, 9, 13], "texture": "#0"},
				"west": {"uv": [5, 10, 9, 14], "texture": "#0"},
				"up": {"uv": [5, 9, 9, 13], "texture": "#0"},
				"down": {"uv": [9, 12, 10, 14], "texture": "#0"}
			}
		},
		{
			"from": [3, 9, 5.4],
			"to": [5, 11, 9.4],
			"rotation": {"angle": 0, "axis": "y", "origin": [7, 17, 12.4]},
			"faces": {
				"north": {"uv": [3, 6, 5, 8], "texture": "#0"},
				"east": {"uv": [5, 9, 10, 14], "texture": "#0"},
				"south": {"uv": [3, 6, 5, 8], "texture": "#0"},
				"west": {"uv": [3, 6, 5, 8], "texture": "#0"},
				"up": {"uv": [3, 6, 5, 8], "texture": "#0"},
				"down": {"uv": [3, 6, 5, 8], "texture": "#0"}
			}
		},
		{
			"from": [3.3, 11.3, 5.6],
			"to": [5, 13, 9.2],
			"rotation": {"angle": 0, "axis": "y", "origin": [7, 19.3, 12.4]},
			"faces": {
				"north": {"uv": [3, 6, 5, 8], "texture": "#0"},
				"east": {"uv": [5, 9, 10, 14], "texture": "#0"},
				"south": {"uv": [3, 6, 5, 8], "texture": "#0"},
				"west": {"uv": [3, 6, 5, 8], "texture": "#0"},
				"up": {"uv": [3, 6, 5, 8], "texture": "#0"},
				"down": {"uv": [3, 6, 5, 8], "texture": "#0"}
			}
		},
		{
			"from": [11, 9, 5.4],
			"to": [13, 11, 9.4],
			"rotation": {"angle": 0, "axis": "y", "origin": [15, 17, 12.4]},
			"faces": {
				"north": {"uv": [3, 6, 5, 8], "texture": "#0"},
				"east": {"uv": [3, 6, 5, 8], "texture": "#0"},
				"south": {"uv": [3, 6, 5, 8], "texture": "#0"},
				"west": {"uv": [5, 9, 10, 14], "texture": "#0"},
				"up": {"uv": [3, 6, 5, 8], "texture": "#0"},
				"down": {"uv": [3, 6, 5, 8], "texture": "#0"}
			}
		},
		{
			"from": [11, 11.3, 5.6],
			"to": [12.7, 13, 9.2],
			"rotation": {"angle": 0, "axis": "y", "origin": [15, 19.3, 12.4]},
			"faces": {
				"north": {"uv": [3, 6, 5, 8], "texture": "#0"},
				"east": {"uv": [3, 6, 5, 8], "texture": "#0"},
				"south": {"uv": [3, 6, 5, 8], "texture": "#0"},
				"west": {"uv": [5, 9, 10, 14], "texture": "#0"},
				"up": {"uv": [3, 6, 5, 8], "texture": "#0"},
				"down": {"uv": [3, 6, 5, 8], "texture": "#0"}
			}
		},
		{
			"from": [7.3, 9.5, 3.4],
			"to": [8.7, 12.5, 5.4],
			"rotation": {"angle": 0, "axis": "x", "origin": [15, 19.5, 12.4]},
			"faces": {
				"north": {"uv": [12, 12, 14, 13], "texture": "#0"},
				"east": {"uv": [12, 12, 14, 13], "texture": "#0"},
				"south": {"uv": [0, 0, 3, 1], "texture": "#0"},
				"west": {"uv": [12, 12, 14, 13], "texture": "#0"},
				"up": {"uv": [12, 12, 14, 13], "texture": "#0"},
				"down": {"uv": [12, 12, 14, 13], "texture": "#0"}
			}
		},
		{
			"from": [6, 15, 4.3],
			"to": [8, 17, 10.5],
			"rotation": {"angle": 45, "axis": "z", "origin": [14, 23, 12.4]},
			"faces": {
				"north": {"uv": [12, 0, 14, 2], "texture": "#1"},
				"east": {"uv": [10, 3, 16, 9], "texture": "#1"},
				"south": {"uv": [13, 0, 15, 2], "texture": "#1"},
				"west": {"uv": [6, 9, 12, 11], "texture": "#1"},
				"up": {"uv": [0, 3, 2, 9], "texture": "#1"},
				"down": {"uv": [0, 3, 2, 9], "texture": "#1"}
			}
		},
		{
			"from": [-6, 15, 4.3],
			"to": [-4, 17, 10.5],
			"rotation": {"angle": 45, "axis": "z", "origin": [2, 23, 12.4]},
			"faces": {
				"north": {"uv": [12, 0, 14, 2], "texture": "#1"},
				"east": {"uv": [6, 9, 12, 11], "texture": "#1"},
				"south": {"uv": [12, 0, 14, 2], "texture": "#1"},
				"west": {"uv": [6, 9, 12, 11], "texture": "#1"},
				"up": {"uv": [0, 3, 5, 9], "texture": "#1"},
				"down": {"uv": [0, 3, 2, 9], "texture": "#1"}
			}
		},
		{
			"from": [5, 15.5, 4.4],
			"to": [7, 19.5, 10.4],
			"rotation": {"angle": -22.5, "axis": "z", "origin": [-1, 23.5, 12.4]},
			"faces": {
				"north": {"uv": [4, 0, 8, 2], "rotation": 90, "texture": "#1"},
				"east": {"uv": [0, 0, 4, 3], "rotation": 270, "texture": "#1"},
				"south": {"uv": [4, 0, 8, 2], "rotation": 270, "texture": "#1"},
				"west": {"uv": [0, 3, 4, 9], "rotation": 270, "texture": "#1"},
				"up": {"uv": [6, 10, 12, 12], "rotation": 270, "texture": "#1"},
				"down": {"uv": [0, 0, 6, 2], "rotation": 270, "texture": "#1"}
			}
		},
		{
			"from": [10.2, 10.2, 4.4],
			"to": [12.2, 14.2, 10.4],
			"rotation": {"angle": 22.5, "axis": "z", "origin": [4.2, 17.9, 12.4]},
			"faces": {
				"north": {"uv": [8, 0, 12, 2], "rotation": 90, "texture": "#1"},
				"east": {"uv": [0, 3, 4, 9], "rotation": 270, "texture": "#1"},
				"south": {"uv": [8, 0, 12, 2], "rotation": 270, "texture": "#1"},
				"west": {"uv": [0, 0, 4, 3], "rotation": 270, "texture": "#1"},
				"up": {"uv": [6, 11, 12, 13], "rotation": 270, "texture": "#1"},
				"down": {"uv": [0, 0, 6, 2], "rotation": 270, "texture": "#1"}
			}
		},
		{
			"from": [7.9, 9.6, 4.5],
			"to": [9.9, 13.6, 10.3],
			"rotation": {"angle": 45, "axis": "z", "origin": [1.9, 17.3, 12.4]},
			"faces": {
				"north": {"uv": [8, 0, 12, 2], "rotation": 90, "texture": "#1"},
				"east": {"uv": [0, 3, 4, 9], "rotation": 270, "texture": "#1"},
				"south": {"uv": [8, 0, 12, 2], "rotation": 270, "texture": "#1"},
				"west": {"uv": [0, 0, 4, 2.8], "rotation": 270, "texture": "#1"},
				"up": {"uv": [0, 0, 5.8, 2], "rotation": 270, "texture": "#1"},
				"down": {"uv": [0, 0, 5.8, 2], "rotation": 270, "texture": "#1"}
			}
		},
		{
			"from": [5.8, 15, 4.3],
			"to": [10.2, 20.6, 10.5],
			"rotation": {"angle": 0, "axis": "z", "origin": [1.9, 12.6, 12.4]},
			"faces": {
				"north": {"uv": [0, 0, 4, 4], "rotation": 180, "texture": "#1"},
				"east": {"uv": [0, 9, 6, 13], "rotation": 180, "texture": "#1"},
				"south": {"uv": [0, 0, 4, 4], "rotation": 180, "texture": "#1"},
				"west": {"uv": [0, 9, 6, 13], "rotation": 180, "texture": "#1"},
				"up": {"uv": [0, 3, 4, 9], "rotation": 180, "texture": "#1"},
				"down": {"uv": [0, 0, 4, 2.6], "rotation": 180, "texture": "#1"}
			}
		},
		{
			"from": [3.3, 13, 4.6],
			"to": [12.7, 17.6, 10.2],
			"rotation": {"angle": 0, "axis": "z", "origin": [1.9, 9.6, 12.4]},
			"faces": {
				"north": {"uv": [0, 0, 4, 3], "rotation": 180, "texture": "#1"},
				"east": {"uv": [0, 0, 5.6, 2], "rotation": 180, "texture": "#1"},
				"south": {"uv": [0, 0, 4, 3], "rotation": 180, "texture": "#1"},
				"west": {"uv": [0, 0, 5.6, 2], "rotation": 180, "texture": "#1"},
				"up": {"uv": [0, 0, 5, 5.6], "rotation": 180, "texture": "#1"},
				"down": {"uv": [0, 0, 4, 2.6], "rotation": 180, "texture": "#1"}
			}
		},
		{
			"from": [10.2, 19.4, 4.5],
			"to": [12.2, 23.4, 10.3],
			"rotation": {"angle": -45, "axis": "z", "origin": [4.2, 27.1, 12.4]},
			"faces": {
				"north": {"uv": [4, 0, 8, 2], "rotation": 90, "texture": "#1"},
				"east": {"uv": [0, 0, 4, 2.8], "rotation": 270, "texture": "#1"},
				"south": {"uv": [4, 0, 8, 2], "rotation": 270, "texture": "#1"},
				"west": {"uv": [0, 3, 4, 9], "rotation": 270, "texture": "#1"},
				"up": {"uv": [0, 0, 5.8, 2], "rotation": 270, "texture": "#1"},
				"down": {"uv": [0, 0, 5.8, 2], "rotation": 270, "texture": "#1"}
			}
		},
		{
			"from": [5.3, 5.3, 5.6],
			"to": [5.7, 5.7, 6],
			"rotation": {"angle": 0, "axis": "y", "origin": [13, 13, 12.9]},
			"faces": {
				"north": {"uv": [2, 9, 3, 10], "texture": "#0"},
				"east": {"uv": [2, 9, 3, 10], "texture": "#0"},
				"south": {"uv": [2, 9, 3, 10], "texture": "#0"},
				"west": {"uv": [2, 9, 3, 10], "texture": "#0"},
				"up": {"uv": [2, 9, 3, 10], "texture": "#0"},
				"down": {"uv": [2, 9, 3, 10], "texture": "#0"}
			}
		},
		{
			"from": [10.3, 5.3, 5.6],
			"to": [10.7, 5.7, 6],
			"rotation": {"angle": 0, "axis": "y", "origin": [18, 13, 12.9]},
			"faces": {
				"north": {"uv": [2, 9, 3, 10], "texture": "#0"},
				"east": {"uv": [2, 9, 3, 10], "texture": "#0"},
				"south": {"uv": [2, 9, 3, 10], "texture": "#0"},
				"west": {"uv": [2, 9, 3, 10], "texture": "#0"},
				"up": {"uv": [2, 9, 3, 10], "texture": "#0"},
				"down": {"uv": [2, 9, 3, 10], "texture": "#0"}
			}
		},
		{
			"from": [5.3, 7.3, 5.6],
			"to": [5.7, 7.7, 6],
			"rotation": {"angle": 0, "axis": "y", "origin": [13, 15, 12.9]},
			"faces": {
				"north": {"uv": [2, 9, 3, 10], "texture": "#0"},
				"east": {"uv": [2, 9, 3, 10], "texture": "#0"},
				"south": {"uv": [2, 9, 3, 10], "texture": "#0"},
				"west": {"uv": [2, 9, 3, 10], "texture": "#0"},
				"up": {"uv": [2, 9, 3, 10], "texture": "#0"},
				"down": {"uv": [2, 9, 3, 10], "texture": "#0"}
			}
		},
		{
			"from": [10.3, 7.3, 5.6],
			"to": [10.7, 7.7, 6],
			"rotation": {"angle": 0, "axis": "y", "origin": [18, 15, 12.9]},
			"faces": {
				"north": {"uv": [2, 9, 3, 10], "texture": "#0"},
				"east": {"uv": [2, 9, 3, 10], "texture": "#0"},
				"south": {"uv": [2, 9, 3, 10], "texture": "#0"},
				"west": {"uv": [2, 9, 3, 10], "texture": "#0"},
				"up": {"uv": [2, 9, 3, 10], "texture": "#0"},
				"down": {"uv": [2, 9, 3, 10], "texture": "#0"}
			}
		},
		{
			"from": [5.3, 6.3, 5.6],
			"to": [5.7, 6.7, 6],
			"rotation": {"angle": 0, "axis": "y", "origin": [13, 14, 12.9]},
			"faces": {
				"north": {"uv": [2, 9, 3, 10], "texture": "#0"},
				"east": {"uv": [2, 9, 3, 10], "texture": "#0"},
				"south": {"uv": [2, 9, 3, 10], "texture": "#0"},
				"west": {"uv": [2, 9, 3, 10], "texture": "#0"},
				"up": {"uv": [2, 9, 3, 10], "texture": "#0"},
				"down": {"uv": [2, 9, 3, 10], "texture": "#0"}
			}
		},
		{
			"from": [10.3, 6.3, 5.6],
			"to": [10.7, 6.7, 6],
			"rotation": {"angle": 0, "axis": "y", "origin": [18, 14, 12.9]},
			"faces": {
				"north": {"uv": [2, 9, 3, 10], "texture": "#0"},
				"east": {"uv": [2, 9, 3, 10], "texture": "#0"},
				"south": {"uv": [2, 9, 3, 10], "texture": "#0"},
				"west": {"uv": [2, 9, 3, 10], "texture": "#0"},
				"up": {"uv": [2, 9, 3, 10], "texture": "#0"},
				"down": {"uv": [2, 9, 3, 10], "texture": "#0"}
			}
		},
		{
			"from": [5.3, 8.3, 5.6],
			"to": [5.7, 8.7, 6],
			"rotation": {"angle": 0, "axis": "y", "origin": [13, 16, 12.9]},
			"faces": {
				"north": {"uv": [2, 9, 3, 10], "texture": "#0"},
				"east": {"uv": [2, 9, 3, 10], "texture": "#0"},
				"south": {"uv": [2, 9, 3, 10], "texture": "#0"},
				"west": {"uv": [2, 9, 3, 10], "texture": "#0"},
				"up": {"uv": [2, 9, 3, 10], "texture": "#0"},
				"down": {"uv": [2, 9, 3, 10], "texture": "#0"}
			}
		},
		{
			"from": [10.3, 8.3, 5.6],
			"to": [10.7, 8.7, 6],
			"rotation": {"angle": 0, "axis": "y", "origin": [18, 16, 12.9]},
			"faces": {
				"north": {"uv": [2, 9, 3, 10], "texture": "#0"},
				"east": {"uv": [2, 9, 3, 10], "texture": "#0"},
				"south": {"uv": [2, 9, 3, 10], "texture": "#0"},
				"west": {"uv": [2, 9, 3, 10], "texture": "#0"},
				"up": {"uv": [2, 9, 3, 10], "texture": "#0"},
				"down": {"uv": [2, 9, 3, 10], "texture": "#0"}
			}
		}
	],
	"display": {
		"thirdperson_righthand": {
			"scale": [0.5, 0.5, 0.5]
		},
		"thirdperson_lefthand": {
			"scale": [0.5, 0.5, 0.5]
		},
		"firstperson_righthand": {
			"translation": [0, 3.25, 0],
			"scale": [0.7, 0.7, 0.7]
		},
		"firstperson_lefthand": {
			"translation": [-1.5, 0, 0.25],
			"scale": [0.7, 0.7, 0.7]
		},
		"ground": {
			"translation": [0, 4.75, 0],
			"scale": [0.6, 0.6, 0.6]
		},
		"gui": {
			"rotation": [21, 158, 0],
			"translation": [0, -1, 0],
			"scale": [0.7, 0.7, 0.7]
		},
		"fixed": {
			"rotation": [-90, 0, 0],
			"translation": [0.25, 0, -9.75],
			"scale": [1.3, 1.3, 1.3]
		}
	}
}