{
	"credit": "Made with Blockbench",
	"textures": {
		"0": "./gold",
		"1": "./rubin",
		"2": "./black",
		"3": "./blue",
		"particle": "./gold"
	},
	"elements": [
		{
			"from": [6, 0, 7],
			"to": [10, 1, 8],
			"rotation": {"angle": 0, "axis": "y", "origin": [15, 8, 15]},
			"faces": {
				"north": {"uv": [0, 0, 4, 1], "texture": "#0"},
				"east": {"uv": [0, 0, 1, 1], "texture": "#0"},
				"south": {"uv": [0, 0, 4, 1], "texture": "#0"},
				"west": {"uv": [0, 0, 1, 1], "texture": "#0"},
				"up": {"uv": [0, 0, 4, 1], "texture": "#0"},
				"down": {"uv": [0, 0, 4, 1], "texture": "#0"}
			}
		},
		{
			"from": [6, 1, 7],
			"to": [7, 3, 8],
			"rotation": {"angle": 0, "axis": "y", "origin": [15, 9, 15]},
			"faces": {
				"north": {"uv": [0, 0, 1, 2], "texture": "#0"},
				"east": {"uv": [0, 0, 1, 2], "texture": "#0"},
				"south": {"uv": [0, 0, 1, 2], "texture": "#0"},
				"west": {"uv": [0, 0, 1, 2], "texture": "#0"},
				"up": {"uv": [0, 0, 1, 1], "texture": "#0"},
				"down": {"uv": [0, 0, 1, 1], "texture": "#0"}
			}
		},
		{
			"from": [9, 1, 7],
			"to": [10, 3, 8],
			"rotation": {"angle": 0, "axis": "y", "origin": [18, 9, 15]},
			"faces": {
				"north": {"uv": [0, 0, 1, 2], "texture": "#0"},
				"east": {"uv": [0, 0, 1, 2], "texture": "#0"},
				"south": {"uv": [0, 0, 1, 2], "texture": "#0"},
				"west": {"uv": [0, 0, 1, 2], "texture": "#0"},
				"up": {"uv": [0, 0, 1, 1], "texture": "#0"},
				"down": {"uv": [0, 0, 1, 1], "texture": "#0"}
			}
		},
		{
			"from": [6, 3, 7],
			"to": [10, 4, 8],
			"rotation": {"angle": 0, "axis": "y", "origin": [15, 11, 15]},
			"faces": {
				"north": {"uv": [0, 0, 4, 1], "texture": "#0"},
				"east": {"uv": [0, 0, 1, 1], "texture": "#0"},
				"south": {"uv": [0, 0, 4, 1], "texture": "#0"},
				"west": {"uv": [0, 0, 1, 1], "texture": "#0"},
				"up": {"uv": [0, 0, 4, 1], "texture": "#0"},
				"down": {"uv": [0, 0, 4, 1], "texture": "#0"}
			}
		},
		{
			"from": [7.5, 4, 7],
			"to": [8.5, 4.5, 8],
			"rotation": {"angle": 0, "axis": "y", "origin": [14.5, 11.75, 15]},
			"faces": {
				"north": {"uv": [0, 0, 4, 1], "texture": "#0"},
				"east": {"uv": [0, 0, 1, 1], "texture": "#0"},
				"south": {"uv": [0, 0, 4, 1], "texture": "#0"},
				"west": {"uv": [0, 0, 1, 1], "texture": "#0"},
				"up": {"uv": [0, 0, 4, 1], "texture": "#0"},
				"down": {"uv": [0, 0, 4, 1], "texture": "#0"}
			}
		},
		{
			"from": [7.25, 4.5, 6.75],
			"to": [8.75, 5.25, 8.25],
			"rotation": {"angle": 0, "axis": "y", "origin": [15.5, 12.5, 15]},
			"faces": {
				"north": {"uv": [0, 0, 1.5, 0.75], "texture": "#1"},
				"east": {"uv": [0, 0, 1.5, 0.75], "texture": "#1"},
				"south": {"uv": [0, 0, 1.5, 0.75], "texture": "#1"},
				"west": {"uv": [0, 0, 1.5, 0.75], "texture": "#1"},
				"up": {"uv": [0, 0, 1.5, 1.5], "texture": "#1"},
				"down": {"uv": [0, 0, 1.5, 1.5], "texture": "#1"}
			}
		},
		{
			"from": [7.5, 5.25, 7],
			"to": [8.5, 5.5, 8],
			"rotation": {"angle": 0, "axis": "y", "origin": [15.5, 13, 15]},
			"faces": {
				"north": {"uv": [0, 0, 1, 0.25], "texture": "#1"},
				"east": {"uv": [0, 0, 1, 0.25], "texture": "#1"},
				"south": {"uv": [0, 0, 1, 0.25], "texture": "#1"},
				"west": {"uv": [0, 0, 1, 0.25], "texture": "#1"},
				"up": {"uv": [0, 0, 1, 1], "texture": "#1"},
				"down": {"uv": [0, 0, 1, 1], "texture": "#1"}
			}
		},
		{
			"from": [6, -0.25, 5.5],
			"to": [10, 3, 9.5],
			"rotation": {"angle": 0, "axis": "y", "origin": [18, 10, 14.5]},
			"faces": {
				"north": {"uv": [0, 0, 4, 3.25], "texture": "#2"},
				"east": {"uv": [0, 0, 4, 3.25], "texture": "#2"},
				"south": {"uv": [0, 0, 4, 3.25], "texture": "#2"},
				"west": {"uv": [0, 0, 4, 3.25], "texture": "#2"},
				"up": {"uv": [0, 0, 4, 4], "texture": "#3"},
				"down": {"uv": [0, 0, 4, 4], "texture": "#2"}
			}
		},
		{
			"from": [5, 0, 5.5],
			"to": [6, 3.25, 9.5],
			"rotation": {"angle": 0, "axis": "y", "origin": [14, 10, 14.5]},
			"faces": {
				"north": {"uv": [0, 0, 1, 3.25], "texture": "#2"},
				"east": {"uv": [0, 0, 4, 3.25], "texture": "#2"},
				"south": {"uv": [0, 0, 1, 3.25], "texture": "#2"},
				"west": {"uv": [0, 0, 4, 3.25], "texture": "#2"},
				"up": {"uv": [0, 0, 1, 4], "texture": "#2"},
				"down": {"uv": [0, 0, 1, 4], "texture": "#2"}
			}
		},
		{
			"from": [5, -0.5, 2.25],
			"to": [6, 3.5, 4],
			"rotation": {"angle": -22.5, "axis": "x", "origin": [19, 8.5, -4.5]},
			"faces": {
				"north": {"uv": [0, 0, 1, 4], "rotation": 180, "texture": "#2"},
				"east": {"uv": [0, 0, 4, 1.75], "rotation": 90, "texture": "#2"},
				"south": {"uv": [0, 0, 1, 4], "texture": "#2"},
				"west": {"uv": [0, 0, 4, 1.75], "rotation": 270, "texture": "#2"},
				"up": {"uv": [0, 0, 1, 1.75], "texture": "#2"},
				"down": {"uv": [0, 0, 1, 1.75], "rotation": 180, "texture": "#2"}
			}
		},
		{
			"from": [6, 0, 9.5],
			"to": [10, 3.25, 10.5],
			"rotation": {"angle": 0, "axis": "y", "origin": [15, 10, 15.5]},
			"faces": {
				"north": {"uv": [0, 0, 4, 3.25], "texture": "#2"},
				"east": {"uv": [0, 0, 1, 3.25], "texture": "#2"},
				"south": {"uv": [0, 0, 4, 3.25], "texture": "#2"},
				"west": {"uv": [0, 0, 1, 3.25], "texture": "#2"},
				"up": {"uv": [0, 0, 4, 1], "texture": "#2"},
				"down": {"uv": [0, 0, 4, 1], "texture": "#2"}
			}
		},
		{
			"from": [6, 3.5, 2.25],
			"to": [10, 4.5, 4],
			"rotation": {"angle": -22.5, "axis": "x", "origin": [19, 8.5, -4.5]},
			"faces": {
				"north": {"uv": [0, 0, 4, 1], "rotation": 180, "texture": "#2"},
				"east": {"uv": [0, 0, 1, 1.75], "rotation": 90, "texture": "#2"},
				"south": {"uv": [0, 0, 4, 1], "texture": "#2"},
				"west": {"uv": [0, 0, 1, 1.75], "rotation": 270, "texture": "#2"},
				"up": {"uv": [0, 0, 4, 1.75], "texture": "#2"},
				"down": {"uv": [0, 0, 4, 1.75], "rotation": 180, "texture": "#2"}
			}
		},
		{
			"from": [6, 0, 4.5],
			"to": [10, 3.5, 5.5],
			"rotation": {"angle": 0, "axis": "y", "origin": [15, 10, 10.5]},
			"faces": {
				"north": {"uv": [0, 0, 4, 3.5], "texture": "#2"},
				"east": {"uv": [0, 0, 1, 3.5], "texture": "#2"},
				"south": {"uv": [0, 0, 4, 3.5], "texture": "#3"},
				"west": {"uv": [0, 0, 1, 3.5], "texture": "#2"},
				"up": {"uv": [0, 0, 4, 1], "texture": "#3"},
				"down": {"uv": [0, 0, 4, 1], "texture": "#2"}
			}
		},
		{
			"from": [6, 4.5, 0.25],
			"to": [10, 8, 1.25],
			"rotation": {"angle": -22.5, "axis": "x", "origin": [15, 14.5, 6.25]},
			"faces": {
				"north": {"uv": [0, 0, 4, 3.5], "texture": "#2"},
				"east": {"uv": [0, 0, 1, 3.5], "texture": "#2"},
				"south": {"uv": [0, 0, 4, 3.5], "texture": "#3"},
				"west": {"uv": [0, 0, 1, 3.5], "texture": "#2"},
				"up": {"uv": [0, 0, 4, 1], "texture": "#2"},
				"down": {"uv": [0, 0, 4, 1], "texture": "#3"}
			}
		},
		{
			"from": [10, 0, 5.5],
			"to": [11, 3.25, 9.5],
			"rotation": {"angle": 0, "axis": "y", "origin": [19, 10, 14.5]},
			"faces": {
				"north": {"uv": [0, 0, 1, 3.25], "texture": "#2"},
				"east": {"uv": [0, 0, 4, 3.25], "texture": "#2"},
				"south": {"uv": [0, 0, 1, 3.25], "texture": "#2"},
				"west": {"uv": [0, 0, 4, 3.25], "texture": "#2"},
				"up": {"uv": [0, 0, 1, 4], "texture": "#2"},
				"down": {"uv": [0, 0, 1, 4], "texture": "#2"}
			}
		},
		{
			"from": [10, -0.5, 2.25],
			"to": [11, 3.5, 4],
			"rotation": {"angle": -22.5, "axis": "x", "origin": [19, 8.5, -4.5]},
			"faces": {
				"north": {"uv": [0, 0, 1, 4], "rotation": 180, "texture": "#2"},
				"east": {"uv": [0, 0, 4, 1.75], "rotation": 90, "texture": "#2"},
				"south": {"uv": [0, 0, 1, 4], "texture": "#2"},
				"west": {"uv": [0, 0, 4, 1.75], "rotation": 270, "texture": "#2"},
				"up": {"uv": [0, 0, 1, 1.75], "texture": "#2"},
				"down": {"uv": [0, 0, 1, 1.75], "rotation": 180, "texture": "#2"}
			}
		}
	],
	"display": {
		"thirdperson_righthand": {
			"rotation": [0, -171, 0],
			"translation": [0, 4, 1.25],
			"scale": [0.5, 0.5, 0.5]
		},
		"thirdperson_lefthand": {
			"rotation": [0, -144, 0],
			"translation": [-0.25, 4, 1],
			"scale": [0.5, 0.5, 0.5]
		},
		"firstperson_righthand": {
			"rotation": [0, -50, 0],
			"translation": [0, 3.75, 0],
			"scale": [0.6, 0.6, 0.8]
		},
		"firstperson_lefthand": {
			"rotation": [0, -79, -2],
			"translation": [0.5, 4.5, 0],
			"scale": [0.6, 0.6, 0.8]
		},
		"ground": {
			"translation": [0, 1.5, 0],
			"scale": [0.6, 0.6, 0.6]
		},
		"gui": {
			"rotation": [13, -23, 0],
			"translation": [-0.25, 4.25, 0],
			"scale": [0.95, 0.95, 0.95]
		},
		"fixed": {
			"rotation": [-90, 0, 0],
			"translation": [0, 0.5, -8]
		}
	}
}