{
	"credit": "Made with Blockbench",
	"textures": {
		"0": "./boxing",
		"particle": "./boxing"
	},
	"elements": [
		{
			"from": [6, 0, 6],
			"to": [10, 2, 10],
			"rotation": {"angle": 0, "axis": "y", "origin": [17, 8, 14]},
			"faces": {
				"north": {"uv": [12, 0, 16, 2], "texture": "#0"},
				"east": {"uv": [12, 0, 16, 2], "texture": "#0"},
				"south": {"uv": [12, 0, 16, 2], "texture": "#0"},
				"west": {"uv": [12, 0, 16, 2], "texture": "#0"},
				"up": {"uv": [0, 0, 4, 4], "texture": "#0"},
				"down": {"uv": [0, 0, 4, 4], "texture": "#0"}
			}
		},
		{
			"from": [5, 2, 6],
			"to": [11, 7, 11],
			"rotation": {"angle": 0, "axis": "y", "origin": [17, 10, 14]},
			"faces": {
				"north": {"uv": [0, 11, 6, 16], "texture": "#0"},
				"east": {"uv": [10, 11, 16, 16], "texture": "#0"},
				"south": {"uv": [0, 6, 6, 11], "texture": "#0"},
				"west": {"uv": [10, 0, 16, 5], "texture": "#0"},
				"up": {"uv": [0, 0, 6, 6], "texture": "#0"},
				"down": {"uv": [0, 0, 6, 6], "texture": "#0"}
			}
		}
	],
	"display": {
		"thirdperson_righthand": {
			"rotation": [-88, -90, 0],
			"translation": [0, -1.75, -3.5],
			"scale": [1.03, 1.03, 1.03]
		},
		"thirdperson_lefthand": {
			"rotation": [-88, -90, 0],
			"translation": [0, -1.75, -3.5],
			"scale": [1.03, 1.03, 1.03]
		},
		"firstperson_righthand": {
			"rotation": [-84, -114, 0],
			"translation": [0.5, 3, -0.5]
		},
		"firstperson_lefthand": {
			"rotation": [-84, -114, 0],
			"translation": [0.5, 0, -0.5]
		},
		"ground": {
			"translation": [0, 5.25, 0]
		},
		"gui": {
			"rotation": [30, -26, 42],
			"translation": [-2.5, 3.5, 0]
		},
		"fixed": {
			"translation": [0, 4.5, 0]
		}
	}
}