{
	"credit": "Made with Blockbench",
	"textures": {
		"1": "./white_terracotta",
		"2": "./yellow_concrete",
		"3": "./brown_wool",
		"5": "/red_concrete",
		"7": "./yellow_terracotta",
		"particle": "./yellow_terracotta"
	},
	"elements": [
		{
			"from": [4.66066, 2.40503, 5],
			"to": [6.06066, 3.40503, 10.2],
			"rotation": {"angle": 45, "axis": "z", "origin": [5.06066, 2.30503, 7.7]},
			"faces": {
				"north": {"uv": [0, 0, 1, 1.4], "rotation": 90, "texture": "#7"},
				"east": {"uv": [0, 0, 5.2, 1], "rotation": 180, "texture": "#7"},
				"south": {"uv": [0, 0, 1, 1.4], "rotation": 270, "texture": "#7"},
				"west": {"uv": [0, 0, 5.2, 1], "texture": "#7"},
				"up": {"uv": [0, 0, 5.2, 1.4], "rotation": 270, "texture": "#7"},
				"down": {"uv": [0, 0, 5.2, 1.4], "rotation": 270, "texture": "#7"}
			}
		},
		{
			"from": [5, 1.72929, 4.38492],
			"to": [10, 3.12929, 5.38492],
			"rotation": {"angle": 45, "axis": "x", "origin": [7.5, 2.72929, 5.48492]},
			"faces": {
				"north": {"uv": [0, 0, 5, 1.4], "texture": "#7"},
				"east": {"uv": [0, 0, 1, 1.4], "texture": "#7"},
				"south": {"uv": [0, 0, 5, 1.4], "texture": "#7"},
				"west": {"uv": [0, 0, 1, 1.4], "texture": "#7"},
				"up": {"uv": [0, 0, 5, 1], "texture": "#7"},
				"down": {"uv": [0, 0, 5, 1], "texture": "#7"}
			}
		},
		{
			"from": [5, 2.8, 5],
			"to": [10, 3.8, 10.2],
			"rotation": {"angle": 0, "axis": "y", "origin": [8, 7, 8]},
			"faces": {
				"north": {"uv": [0, 0, 5, 1], "texture": "#7"},
				"east": {"uv": [0, 0, 5.2, 1], "texture": "#7"},
				"south": {"uv": [0, 0, 5, 1], "texture": "#7"},
				"west": {"uv": [0, 0, 5.2, 1], "texture": "#7"},
				"up": {"uv": [0, 0, 5, 5.2], "texture": "#7"},
				"down": {"uv": [0, 0, 5, 5.2], "texture": "#7"}
			}
		},
		{
			"from": [4, 1.8, 5],
			"to": [11, 2.8, 10.2],
			"rotation": {"angle": 0, "axis": "y", "origin": [8, 7, 8]},
			"faces": {
				"north": {"uv": [0, 0, 7, 1], "texture": "#7"},
				"east": {"uv": [0, 0, 5.2, 1], "texture": "#7"},
				"south": {"uv": [0, 0, 7, 1], "texture": "#7"},
				"west": {"uv": [0, 0, 5.2, 1], "texture": "#7"},
				"up": {"uv": [0, 0, 7, 5.2], "texture": "#7"},
				"down": {"uv": [0, 0, 7, 5.2], "texture": "#1"}
			}
		},
		{
			"from": [5, 1.8, 4],
			"to": [10, 2.8, 11.2],
			"rotation": {"angle": 0, "axis": "y", "origin": [8, 7, 8]},
			"faces": {
				"north": {"uv": [0, 0, 5, 1], "texture": "#7"},
				"east": {"uv": [0, 0, 7.2, 1], "texture": "#7"},
				"south": {"uv": [0, 0, 5, 1], "texture": "#7"},
				"west": {"uv": [0, 0, 7.2, 1], "texture": "#7"},
				"up": {"uv": [0, 0, 5, 7.2], "texture": "#7"},
				"down": {"uv": [0, 0, 7, 5.2], "texture": "#1"}
			}
		},
		{
			"from": [9.61508, 1.72929, 5],
			"to": [10.61508, 3.12929, 10.2],
			"rotation": {"angle": 45, "axis": "z", "origin": [9.51508, 2.72929, 7.5]},
			"faces": {
				"north": {"uv": [0, 0, 1, 1.4], "texture": "#7"},
				"east": {"uv": [0, 0, 5.2, 1.4], "texture": "#7"},
				"south": {"uv": [0, 0, 1, 1.4], "texture": "#7"},
				"west": {"uv": [0, 0, 5.2, 1.4], "texture": "#7"},
				"up": {"uv": [0, 0, 5.2, 1], "rotation": 90, "texture": "#7"},
				"down": {"uv": [0, 0, 5.2, 1], "rotation": 270, "texture": "#7"}
			}
		},
		{
			"from": [5, 0.4565, 10.34228],
			"to": [10, 1.8565, 11.34228],
			"rotation": {"angle": -45, "axis": "x", "origin": [7.5, 1.4565, 8.44228]},
			"faces": {
				"north": {"uv": [0, 0, 5, 1.4], "texture": "#7"},
				"east": {"uv": [0, 0, 1, 1.4], "texture": "#7"},
				"south": {"uv": [0, 0, 5, 1.4], "texture": "#7"},
				"west": {"uv": [0, 0, 1, 1.4], "texture": "#7"},
				"up": {"uv": [0, 0, 5, 1], "texture": "#7"},
				"down": {"uv": [0, 0, 5, 1], "texture": "#7"}
			}
		},
		{
			"from": [9.61508, 1.72929, 5],
			"to": [10.61508, 3.12929, 10.2],
			"rotation": {"angle": 45, "axis": "z", "origin": [9.51508, 2.72929, 7.5]},
			"faces": {
				"north": {"uv": [0, 0, 1, 1.4], "texture": "#7"},
				"east": {"uv": [0, 0, 5.2, 1.4], "texture": "#7"},
				"south": {"uv": [0, 0, 1, 1.4], "texture": "#7"},
				"west": {"uv": [0, 0, 5.2, 1.4], "texture": "#7"},
				"up": {"uv": [0, 0, 5.2, 1], "rotation": 90, "texture": "#7"},
				"down": {"uv": [0, 0, 5.2, 1], "rotation": 270, "texture": "#7"}
			}
		},
		{
			"from": [5, 0, 4],
			"to": [10, 1, 11.2],
			"faces": {
				"north": {"uv": [0, 0, 5, 1], "texture": "#7"},
				"east": {"uv": [0, 0, 7.2, 1], "texture": "#7"},
				"south": {"uv": [0, 0, 5, 1], "texture": "#7"},
				"west": {"uv": [0, 0, 7.2, 1], "texture": "#7"},
				"up": {"uv": [0, 0, 7, 5.2], "texture": "#1"},
				"down": {"uv": [0, 0, 5, 7.2], "texture": "#7"}
			}
		},
		{
			"from": [4, 0, 5],
			"to": [11, 1, 10.2],
			"faces": {
				"north": {"uv": [0, 0, 7, 1], "texture": "#7"},
				"east": {"uv": [0, 0, 5.2, 1], "texture": "#7"},
				"south": {"uv": [0, 0, 7, 1], "texture": "#7"},
				"west": {"uv": [0, 0, 5.2, 1], "texture": "#7"},
				"up": {"uv": [0, 0, 7, 5.2], "texture": "#1"},
				"down": {"uv": [0, 0, 7, 5.2], "texture": "#7"}
			}
		},
		{
			"from": [6.75, 3.05, 4.2],
			"to": [7, 3.3, 4.45],
			"rotation": {"angle": 0, "axis": "y", "origin": [8, 7, 8]},
			"faces": {
				"north": {"uv": [0, 0, 0.25, 0.25], "texture": "#1"},
				"east": {"uv": [0, 0, 0.25, 0.25], "texture": "#1"},
				"south": {"uv": [0, 0, 0.25, 0.25], "texture": "#1"},
				"west": {"uv": [0, 0, 0.25, 0.25], "texture": "#1"},
				"up": {"uv": [0, 0, 0.25, 0.25], "texture": "#1"},
				"down": {"uv": [0, 0, 0.25, 0.25], "texture": "#1"}
			}
		},
		{
			"from": [7.75, 3.55, 4.7],
			"to": [8, 3.8, 4.95],
			"rotation": {"angle": 0, "axis": "y", "origin": [8, 7, 8]},
			"faces": {
				"north": {"uv": [0, 0, 0.25, 0.25], "texture": "#1"},
				"east": {"uv": [0, 0, 0.25, 0.25], "texture": "#1"},
				"south": {"uv": [0, 0, 0.25, 0.25], "texture": "#1"},
				"west": {"uv": [0, 0, 0.25, 0.25], "texture": "#1"},
				"up": {"uv": [0, 0, 0.25, 0.25], "texture": "#1"},
				"down": {"uv": [0, 0, 0.25, 0.25], "texture": "#1"}
			}
		},
		{
			"from": [8.75, 3.05, 4.2],
			"to": [9, 3.3, 4.45],
			"rotation": {"angle": 0, "axis": "y", "origin": [8, 7, 8]},
			"faces": {
				"north": {"uv": [0, 0, 0.25, 0.25], "texture": "#1"},
				"east": {"uv": [0, 0, 0.25, 0.25], "texture": "#1"},
				"south": {"uv": [0, 0, 0.25, 0.25], "texture": "#1"},
				"west": {"uv": [0, 0, 0.25, 0.25], "texture": "#1"},
				"up": {"uv": [0, 0, 0.25, 0.25], "texture": "#1"},
				"down": {"uv": [0, 0, 0.25, 0.25], "texture": "#1"}
			}
		},
		{
			"from": [7.75, 3.7, 5.7],
			"to": [8, 3.95, 5.95],
			"rotation": {"angle": 0, "axis": "y", "origin": [8, 7, 8]},
			"faces": {
				"north": {"uv": [0, 0, 0.25, 0.25], "texture": "#1"},
				"east": {"uv": [0, 0, 0.25, 0.25], "texture": "#1"},
				"south": {"uv": [0, 0, 0.25, 0.25], "texture": "#1"},
				"west": {"uv": [0, 0, 0.25, 0.25], "texture": "#1"},
				"up": {"uv": [0, 0, 0.25, 0.25], "texture": "#1"},
				"down": {"uv": [0, 0, 0.25, 0.25], "texture": "#1"}
			}
		},
		{
			"from": [7.75, 3.7, 7.7],
			"to": [8, 3.95, 7.95],
			"rotation": {"angle": 0, "axis": "y", "origin": [8, 7, 8]},
			"faces": {
				"north": {"uv": [0, 0, 0.25, 0.25], "texture": "#1"},
				"east": {"uv": [0, 0, 0.25, 0.25], "texture": "#1"},
				"south": {"uv": [0, 0, 0.25, 0.25], "texture": "#1"},
				"west": {"uv": [0, 0, 0.25, 0.25], "texture": "#1"},
				"up": {"uv": [0, 0, 0.25, 0.25], "texture": "#1"},
				"down": {"uv": [0, 0, 0.25, 0.25], "texture": "#1"}
			}
		},
		{
			"from": [8.5, 3.7, 8.2],
			"to": [8.75, 3.95, 8.45],
			"rotation": {"angle": 0, "axis": "y", "origin": [8, 7, 8]},
			"faces": {
				"north": {"uv": [0, 0, 0.25, 0.25], "texture": "#1"},
				"east": {"uv": [0, 0, 0.25, 0.25], "texture": "#1"},
				"south": {"uv": [0, 0, 0.25, 0.25], "texture": "#1"},
				"west": {"uv": [0, 0, 0.25, 0.25], "texture": "#1"},
				"up": {"uv": [0, 0, 0.25, 0.25], "texture": "#1"},
				"down": {"uv": [0, 0, 0.25, 0.25], "texture": "#1"}
			}
		},
		{
			"from": [8.5, 3.7, 6.45],
			"to": [8.75, 3.95, 6.7],
			"rotation": {"angle": 0, "axis": "y", "origin": [8, 7, 8]},
			"faces": {
				"north": {"uv": [0, 0, 0.25, 0.25], "texture": "#1"},
				"east": {"uv": [0, 0, 0.25, 0.25], "texture": "#1"},
				"south": {"uv": [0, 0, 0.25, 0.25], "texture": "#1"},
				"west": {"uv": [0, 0, 0.25, 0.25], "texture": "#1"},
				"up": {"uv": [0, 0, 0.25, 0.25], "texture": "#1"},
				"down": {"uv": [0, 0, 0.25, 0.25], "texture": "#1"}
			}
		},
		{
			"from": [6.5, 3.7, 6.7],
			"to": [6.75, 3.95, 6.95],
			"rotation": {"angle": 0, "axis": "y", "origin": [8, 7, 8]},
			"faces": {
				"north": {"uv": [0, 0, 0.25, 0.25], "texture": "#1"},
				"east": {"uv": [0, 0, 0.25, 0.25], "texture": "#1"},
				"south": {"uv": [0, 0, 0.25, 0.25], "texture": "#1"},
				"west": {"uv": [0, 0, 0.25, 0.25], "texture": "#1"},
				"up": {"uv": [0, 0, 0.25, 0.25], "texture": "#1"},
				"down": {"uv": [0, 0, 0.25, 0.25], "texture": "#1"}
			}
		},
		{
			"from": [5.5, 3.7, 9.2],
			"to": [5.75, 3.95, 9.45],
			"rotation": {"angle": 0, "axis": "y", "origin": [8, 7, 8]},
			"faces": {
				"north": {"uv": [0, 0, 0.25, 0.25], "texture": "#1"},
				"east": {"uv": [0, 0, 0.25, 0.25], "texture": "#1"},
				"south": {"uv": [0, 0, 0.25, 0.25], "texture": "#1"},
				"west": {"uv": [0, 0, 0.25, 0.25], "texture": "#1"},
				"up": {"uv": [0, 0, 0.25, 0.25], "texture": "#1"},
				"down": {"uv": [0, 0, 0.25, 0.25], "texture": "#1"}
			}
		},
		{
			"from": [6.5, 3.7, 8.45],
			"to": [6.75, 3.95, 8.7],
			"rotation": {"angle": 0, "axis": "y", "origin": [8, 7, 8]},
			"faces": {
				"north": {"uv": [0, 0, 0.25, 0.25], "texture": "#1"},
				"east": {"uv": [0, 0, 0.25, 0.25], "texture": "#1"},
				"south": {"uv": [0, 0, 0.25, 0.25], "texture": "#1"},
				"west": {"uv": [0, 0, 0.25, 0.25], "texture": "#1"},
				"up": {"uv": [0, 0, 0.25, 0.25], "texture": "#1"},
				"down": {"uv": [0, 0, 0.25, 0.25], "texture": "#1"}
			}
		},
		{
			"from": [5.5, 3.7, 6.45],
			"to": [5.75, 3.95, 6.7],
			"rotation": {"angle": 0, "axis": "y", "origin": [8, 7, 8]},
			"faces": {
				"north": {"uv": [0, 0, 0.25, 0.25], "texture": "#1"},
				"east": {"uv": [0, 0, 0.25, 0.25], "texture": "#1"},
				"south": {"uv": [0, 0, 0.25, 0.25], "texture": "#1"},
				"west": {"uv": [0, 0, 0.25, 0.25], "texture": "#1"},
				"up": {"uv": [0, 0, 0.25, 0.25], "texture": "#1"},
				"down": {"uv": [0, 0, 0.25, 0.25], "texture": "#1"}
			}
		},
		{
			"from": [5.5, 3.7, 7.7],
			"to": [5.75, 3.95, 7.95],
			"rotation": {"angle": 0, "axis": "y", "origin": [8, 7, 8]},
			"faces": {
				"north": {"uv": [0, 0, 0.25, 0.25], "texture": "#1"},
				"east": {"uv": [0, 0, 0.25, 0.25], "texture": "#1"},
				"south": {"uv": [0, 0, 0.25, 0.25], "texture": "#1"},
				"west": {"uv": [0, 0, 0.25, 0.25], "texture": "#1"},
				"up": {"uv": [0, 0, 0.25, 0.25], "texture": "#1"},
				"down": {"uv": [0, 0, 0.25, 0.25], "texture": "#1"}
			}
		},
		{
			"from": [7.75, 3.7, 9.45],
			"to": [8, 3.95, 9.7],
			"rotation": {"angle": 0, "axis": "y", "origin": [8, 7, 8]},
			"faces": {
				"north": {"uv": [0, 0, 0.25, 0.25], "texture": "#1"},
				"east": {"uv": [0, 0, 0.25, 0.25], "texture": "#1"},
				"south": {"uv": [0, 0, 0.25, 0.25], "texture": "#1"},
				"west": {"uv": [0, 0, 0.25, 0.25], "texture": "#1"},
				"up": {"uv": [0, 0, 0.25, 0.25], "texture": "#1"},
				"down": {"uv": [0, 0, 0.25, 0.25], "texture": "#1"}
			}
		},
		{
			"from": [4.7, 3.55, 9],
			"to": [4.95, 3.8, 9.25],
			"rotation": {"angle": 0, "axis": "y", "origin": [8, 7, 8]},
			"faces": {
				"north": {"uv": [0, 0, 0.25, 0.25], "texture": "#1"},
				"east": {"uv": [0, 0, 0.25, 0.25], "texture": "#1"},
				"south": {"uv": [0, 0, 0.25, 0.25], "texture": "#1"},
				"west": {"uv": [0, 0, 0.25, 0.25], "texture": "#1"},
				"up": {"uv": [0, 0, 0.25, 0.25], "rotation": 270, "texture": "#1"},
				"down": {"uv": [0, 0, 0.25, 0.25], "rotation": 90, "texture": "#1"}
			}
		},
		{
			"from": [4.7, 3.55, 7],
			"to": [4.95, 3.8, 7.25],
			"rotation": {"angle": 0, "axis": "y", "origin": [8, 7, 8]},
			"faces": {
				"north": {"uv": [0, 0, 0.25, 0.25], "texture": "#1"},
				"east": {"uv": [0, 0, 0.25, 0.25], "texture": "#1"},
				"south": {"uv": [0, 0, 0.25, 0.25], "texture": "#1"},
				"west": {"uv": [0, 0, 0.25, 0.25], "texture": "#1"},
				"up": {"uv": [0, 0, 0.25, 0.25], "rotation": 270, "texture": "#1"},
				"down": {"uv": [0, 0, 0.25, 0.25], "rotation": 90, "texture": "#1"}
			}
		},
		{
			"from": [4.2, 3.05, 6],
			"to": [4.45, 3.3, 6.25],
			"rotation": {"angle": 0, "axis": "y", "origin": [8, 7, 8]},
			"faces": {
				"north": {"uv": [0, 0, 0.25, 0.25], "texture": "#1"},
				"east": {"uv": [0, 0, 0.25, 0.25], "texture": "#1"},
				"south": {"uv": [0, 0, 0.25, 0.25], "texture": "#1"},
				"west": {"uv": [0, 0, 0.25, 0.25], "texture": "#1"},
				"up": {"uv": [0, 0, 0.25, 0.25], "rotation": 270, "texture": "#1"},
				"down": {"uv": [0, 0, 0.25, 0.25], "rotation": 90, "texture": "#1"}
			}
		},
		{
			"from": [4.2, 3.05, 8],
			"to": [4.45, 3.3, 8.25],
			"rotation": {"angle": 0, "axis": "y", "origin": [8, 7, 8]},
			"faces": {
				"north": {"uv": [0, 0, 0.25, 0.25], "texture": "#1"},
				"east": {"uv": [0, 0, 0.25, 0.25], "texture": "#1"},
				"south": {"uv": [0, 0, 0.25, 0.25], "texture": "#1"},
				"west": {"uv": [0, 0, 0.25, 0.25], "texture": "#1"},
				"up": {"uv": [0, 0, 0.25, 0.25], "rotation": 270, "texture": "#1"},
				"down": {"uv": [0, 0, 0.25, 0.25], "rotation": 90, "texture": "#1"}
			}
		},
		{
			"from": [10.55, 3.05, 6.75],
			"to": [10.8, 3.3, 7],
			"rotation": {"angle": 0, "axis": "y", "origin": [8, 7, 8]},
			"faces": {
				"north": {"uv": [0, 0, 0.25, 0.25], "texture": "#1"},
				"east": {"uv": [0, 0, 0.25, 0.25], "texture": "#1"},
				"south": {"uv": [0, 0, 0.25, 0.25], "texture": "#1"},
				"west": {"uv": [0, 0, 0.25, 0.25], "texture": "#1"},
				"up": {"uv": [0, 0, 0.25, 0.25], "rotation": 90, "texture": "#1"},
				"down": {"uv": [0, 0, 0.25, 0.25], "rotation": 270, "texture": "#1"}
			}
		},
		{
			"from": [10.05, 3.55, 7.75],
			"to": [10.3, 3.8, 8],
			"rotation": {"angle": 0, "axis": "y", "origin": [8, 7, 8]},
			"faces": {
				"north": {"uv": [0, 0, 0.25, 0.25], "texture": "#1"},
				"east": {"uv": [0, 0, 0.25, 0.25], "texture": "#1"},
				"south": {"uv": [0, 0, 0.25, 0.25], "texture": "#1"},
				"west": {"uv": [0, 0, 0.25, 0.25], "texture": "#1"},
				"up": {"uv": [0, 0, 0.25, 0.25], "rotation": 90, "texture": "#1"},
				"down": {"uv": [0, 0, 0.25, 0.25], "rotation": 270, "texture": "#1"}
			}
		},
		{
			"from": [10.55, 3.05, 8.75],
			"to": [10.8, 3.3, 9],
			"rotation": {"angle": 0, "axis": "y", "origin": [8, 7, 8]},
			"faces": {
				"north": {"uv": [0, 0, 0.25, 0.25], "texture": "#1"},
				"east": {"uv": [0, 0, 0.25, 0.25], "texture": "#1"},
				"south": {"uv": [0, 0, 0.25, 0.25], "texture": "#1"},
				"west": {"uv": [0, 0, 0.25, 0.25], "texture": "#1"},
				"up": {"uv": [0, 0, 0.25, 0.25], "rotation": 90, "texture": "#1"},
				"down": {"uv": [0, 0, 0.25, 0.25], "rotation": 270, "texture": "#1"}
			}
		},
		{
			"from": [8.1, 2.975, 10.8],
			"to": [8.35, 3.225, 11.05],
			"rotation": {"angle": 0, "axis": "y", "origin": [8, 7, 8]},
			"faces": {
				"north": {"uv": [0, 0, 0.25, 0.25], "texture": "#1"},
				"east": {"uv": [0, 0, 0.25, 0.25], "texture": "#1"},
				"south": {"uv": [0, 0, 0.25, 0.25], "texture": "#1"},
				"west": {"uv": [0, 0, 0.25, 0.25], "texture": "#1"},
				"up": {"uv": [0, 0, 0.25, 0.25], "rotation": 180, "texture": "#1"},
				"down": {"uv": [0, 0, 0.25, 0.25], "rotation": 180, "texture": "#1"}
			}
		},
		{
			"from": [9.1, 3.475, 10.3],
			"to": [9.35, 3.725, 10.55],
			"rotation": {"angle": 0, "axis": "y", "origin": [8, 7, 8]},
			"faces": {
				"north": {"uv": [0, 0, 0.25, 0.25], "texture": "#1"},
				"east": {"uv": [0, 0, 0.25, 0.25], "texture": "#1"},
				"south": {"uv": [0, 0, 0.25, 0.25], "texture": "#1"},
				"west": {"uv": [0, 0, 0.25, 0.25], "texture": "#1"},
				"up": {"uv": [0, 0, 0.25, 0.25], "rotation": 180, "texture": "#1"},
				"down": {"uv": [0, 0, 0.25, 0.25], "rotation": 180, "texture": "#1"}
			}
		},
		{
			"from": [7.1, 3.475, 10.3],
			"to": [7.35, 3.725, 10.55],
			"rotation": {"angle": 0, "axis": "y", "origin": [8, 7, 8]},
			"faces": {
				"north": {"uv": [0, 0, 0.25, 0.25], "texture": "#1"},
				"east": {"uv": [0, 0, 0.25, 0.25], "texture": "#1"},
				"south": {"uv": [0, 0, 0.25, 0.25], "texture": "#1"},
				"west": {"uv": [0, 0, 0.25, 0.25], "texture": "#1"},
				"up": {"uv": [0, 0, 0.25, 0.25], "rotation": 180, "texture": "#1"},
				"down": {"uv": [0, 0, 0.25, 0.25], "rotation": 180, "texture": "#1"}
			}
		},
		{
			"from": [6.1, 2.975, 10.8],
			"to": [6.35, 3.225, 11.05],
			"rotation": {"angle": 0, "axis": "y", "origin": [8, 7, 8]},
			"faces": {
				"north": {"uv": [0, 0, 0.25, 0.25], "texture": "#1"},
				"east": {"uv": [0, 0, 0.25, 0.25], "texture": "#1"},
				"south": {"uv": [0, 0, 0.25, 0.25], "texture": "#1"},
				"west": {"uv": [0, 0, 0.25, 0.25], "texture": "#1"},
				"up": {"uv": [0, 0, 0.25, 0.25], "rotation": 180, "texture": "#1"},
				"down": {"uv": [0, 0, 0.25, 0.25], "rotation": 180, "texture": "#1"}
			}
		},
		{
			"from": [5.2, 1, 4.7],
			"to": [9.8, 1.6, 10.5],
			"faces": {
				"north": {"uv": [0, 0, 4.6, 0.6], "texture": "#3"},
				"east": {"uv": [0, 0, 5.8, 0.6], "texture": "#3"},
				"south": {"uv": [0, 0, 4.6, 0.6], "texture": "#3"},
				"west": {"uv": [0, 0, 5.8, 0.6], "texture": "#3"},
				"up": {"uv": [0, 0, 4.6, 5.8], "texture": "#3"},
				"down": {"uv": [0, 0, 4.6, 5.8], "texture": "#3"}
			}
		},
		{
			"from": [4.6, 1, 5.3],
			"to": [10.4, 1.6, 9.9],
			"faces": {
				"north": {"uv": [0, 0, 5.8, 0.6], "texture": "#3"},
				"east": {"uv": [0, 0, 4.6, 0.6], "texture": "#3"},
				"south": {"uv": [0, 0, 5.8, 0.6], "texture": "#3"},
				"west": {"uv": [0, 0, 4.6, 0.6], "texture": "#3"},
				"up": {"uv": [0, 0, 4.6, 5.8], "rotation": 270, "texture": "#3"},
				"down": {"uv": [0, 0, 4.6, 5.8], "rotation": 90, "texture": "#3"}
			}
		},
		{
			"from": [5.25, 1.6, 5.75],
			"to": [10.75, 1.7, 11.25],
			"rotation": {"angle": -22.5, "axis": "y", "origin": [9, 1.5, 7]},
			"faces": {
				"north": {"uv": [0, 0, 5.5, 0.1], "texture": "#2"},
				"east": {"uv": [0, 0, 5.5, 0.1], "texture": "#2"},
				"south": {"uv": [0, 0, 5.5, 0.1], "texture": "#2"},
				"west": {"uv": [0, 0, 5.5, 0.1], "texture": "#2"},
				"up": {"uv": [0, 0, 5.5, 5.5], "texture": "#2"},
				"down": {"uv": [0, 0, 5.5, 5.5], "texture": "#2"}
			}
		},
		{
			"from": [5.75, 1.6, 5.75],
			"to": [10.75, 1.7, 11.5],
			"rotation": {"angle": -45, "axis": "y", "origin": [9, 1.5, 7]},
			"faces": {
				"north": {"uv": [0, 0, 5, 0.1], "texture": "#2"},
				"east": {"uv": [0, 0, 5.75, 0.1], "texture": "#2"},
				"south": {"uv": [0, 0, 5, 0.1], "texture": "#2"},
				"west": {"uv": [0, 0, 5.75, 0.1], "texture": "#2"},
				"up": {"uv": [0, 0, 5, 5.75], "texture": "#2"},
				"down": {"uv": [0, 0, 5, 5.75], "texture": "#2"}
			}
		},
		{
			"from": [8.4, 1.7, 4.4],
			"to": [9.9, 2, 6],
			"faces": {
				"north": {"uv": [0, 0, 1.5, 0.3], "texture": "#5"},
				"east": {"uv": [0, 0, 1.6, 0.3], "texture": "#5"},
				"south": {"uv": [0, 0, 1.5, 0.3], "texture": "#5"},
				"west": {"uv": [0, 0, 1.6, 0.3], "texture": "#5"},
				"up": {"uv": [0, 0, 1.5, 1.6], "texture": "#5"},
				"down": {"uv": [0, 0, 1.5, 1.6], "texture": "#5"}
			}
		},
		{
			"from": [8.1, 1.7, 4.7],
			"to": [10.1, 2, 5.7],
			"faces": {
				"north": {"uv": [0, 0, 2, 0.3], "texture": "#5"},
				"east": {"uv": [0, 0, 1, 0.3], "texture": "#5"},
				"south": {"uv": [0, 0, 2, 0.3], "texture": "#5"},
				"west": {"uv": [0, 0, 1, 0.3], "texture": "#5"},
				"up": {"uv": [0, 0, 2, 1], "texture": "#5"},
				"down": {"uv": [0, 0, 2, 1], "texture": "#5"}
			}
		},
		{
			"from": [8.6, 1.7, 4.2],
			"to": [9.6, 2, 6.2],
			"faces": {
				"north": {"uv": [0, 0, 1, 0.3], "texture": "#5"},
				"east": {"uv": [0, 0, 2, 0.3], "texture": "#5"},
				"south": {"uv": [0, 0, 1, 0.3], "texture": "#5"},
				"west": {"uv": [0, 0, 2, 0.3], "texture": "#5"},
				"up": {"uv": [0, 0, 1, 2], "texture": "#5"},
				"down": {"uv": [0, 0, 1, 2], "texture": "#5"}
			}
		},
		{
			"from": [4.7, 1.7, 4.6],
			"to": [6.2, 2, 6.2],
			"rotation": {"angle": 22.5, "axis": "y", "origin": [5.41667, 1.85, 5.2]},
			"faces": {
				"north": {"uv": [0, 0, 1.5, 0.3], "texture": "#5"},
				"east": {"uv": [0, 0, 1.6, 0.3], "texture": "#5"},
				"south": {"uv": [0, 0, 1.5, 0.3], "texture": "#5"},
				"west": {"uv": [0, 0, 1.6, 0.3], "texture": "#5"},
				"up": {"uv": [0, 0, 1.5, 1.6], "texture": "#5"},
				"down": {"uv": [0, 0, 1.5, 1.6], "texture": "#5"}
			}
		},
		{
			"from": [4.4, 1.7, 4.9],
			"to": [6.4, 2, 5.9],
			"rotation": {"angle": 22.5, "axis": "y", "origin": [5.41667, 1.85, 5.2]},
			"faces": {
				"north": {"uv": [0, 0, 2, 0.3], "texture": "#5"},
				"east": {"uv": [0, 0, 1, 0.3], "texture": "#5"},
				"south": {"uv": [0, 0, 2, 0.3], "texture": "#5"},
				"west": {"uv": [0, 0, 1, 0.3], "texture": "#5"},
				"up": {"uv": [0, 0, 2, 1], "texture": "#5"},
				"down": {"uv": [0, 0, 2, 1], "texture": "#5"}
			}
		},
		{
			"from": [4.9, 1.7, 4.4],
			"to": [5.9, 2, 6.4],
			"rotation": {"angle": 22.5, "axis": "y", "origin": [5.41667, 1.85, 5.2]},
			"faces": {
				"north": {"uv": [0, 0, 1, 0.3], "texture": "#5"},
				"east": {"uv": [0, 0, 2, 0.3], "texture": "#5"},
				"south": {"uv": [0, 0, 1, 0.3], "texture": "#5"},
				"west": {"uv": [0, 0, 2, 0.3], "texture": "#5"},
				"up": {"uv": [0, 0, 1, 2], "texture": "#5"},
				"down": {"uv": [0, 0, 1, 2], "texture": "#5"}
			}
		},
		{
			"from": [4.2, 1.7, 9.4],
			"to": [5.7, 2, 11],
			"rotation": {"angle": 22.5, "axis": "y", "origin": [5.41667, 1.85, 5.2]},
			"faces": {
				"north": {"uv": [0, 0, 1.5, 0.3], "texture": "#5"},
				"east": {"uv": [0, 0, 1.6, 0.3], "texture": "#5"},
				"south": {"uv": [0, 0, 1.5, 0.3], "texture": "#5"},
				"west": {"uv": [0, 0, 1.6, 0.3], "texture": "#5"},
				"up": {"uv": [0, 0, 1.5, 1.6], "texture": "#5"},
				"down": {"uv": [0, 0, 1.5, 1.6], "texture": "#5"}
			}
		},
		{
			"from": [3.9, 1.7, 9.7],
			"to": [5.9, 2, 10.7],
			"rotation": {"angle": 22.5, "axis": "y", "origin": [5.41667, 1.85, 5.2]},
			"faces": {
				"north": {"uv": [0, 0, 2, 0.3], "texture": "#5"},
				"east": {"uv": [0, 0, 1, 0.3], "texture": "#5"},
				"south": {"uv": [0, 0, 2, 0.3], "texture": "#5"},
				"west": {"uv": [0, 0, 1, 0.3], "texture": "#5"},
				"up": {"uv": [0, 0, 2, 1], "texture": "#5"},
				"down": {"uv": [0, 0, 2, 1], "texture": "#5"}
			}
		},
		{
			"from": [4.4, 1.7, 9.2],
			"to": [5.4, 2, 11.2],
			"rotation": {"angle": 22.5, "axis": "y", "origin": [5.41667, 1.85, 5.2]},
			"faces": {
				"north": {"uv": [0, 0, 1, 0.3], "texture": "#5"},
				"east": {"uv": [0, 0, 2, 0.3], "texture": "#5"},
				"south": {"uv": [0, 0, 1, 0.3], "texture": "#5"},
				"west": {"uv": [0, 0, 2, 0.3], "texture": "#5"},
				"up": {"uv": [0, 0, 1, 2], "texture": "#5"},
				"down": {"uv": [0, 0, 1, 2], "texture": "#5"}
			}
		},
		{
			"from": [4.4491, 1.7, 6.66871],
			"to": [5.9491, 2, 8.26871],
			"rotation": {"angle": 45, "axis": "y", "origin": [5.16577, 1.85, 7.46871]},
			"faces": {
				"north": {"uv": [0, 0, 1.5, 0.3], "texture": "#5"},
				"east": {"uv": [0, 0, 1.6, 0.3], "texture": "#5"},
				"south": {"uv": [0, 0, 1.5, 0.3], "texture": "#5"},
				"west": {"uv": [0, 0, 1.6, 0.3], "texture": "#5"},
				"up": {"uv": [0, 0, 1.5, 1.6], "texture": "#5"},
				"down": {"uv": [0, 0, 1.5, 1.6], "texture": "#5"}
			}
		},
		{
			"from": [4.1491, 1.7, 6.96871],
			"to": [6.1491, 2, 7.96871],
			"rotation": {"angle": 45, "axis": "y", "origin": [5.16577, 1.85, 7.46871]},
			"faces": {
				"north": {"uv": [0, 0, 2, 0.3], "texture": "#5"},
				"east": {"uv": [0, 0, 1, 0.3], "texture": "#5"},
				"south": {"uv": [0, 0, 2, 0.3], "texture": "#5"},
				"west": {"uv": [0, 0, 1, 0.3], "texture": "#5"},
				"up": {"uv": [0, 0, 2, 1], "texture": "#5"},
				"down": {"uv": [0, 0, 2, 1], "texture": "#5"}
			}
		},
		{
			"from": [4.6491, 1.7, 6.46871],
			"to": [5.6491, 2, 8.46871],
			"rotation": {"angle": 45, "axis": "y", "origin": [5.16577, 1.85, 7.46871]},
			"faces": {
				"north": {"uv": [0, 0, 1, 0.3], "texture": "#5"},
				"east": {"uv": [0, 0, 2, 0.3], "texture": "#5"},
				"south": {"uv": [0, 0, 1, 0.3], "texture": "#5"},
				"west": {"uv": [0, 0, 2, 0.3], "texture": "#5"},
				"up": {"uv": [0, 0, 1, 2], "texture": "#5"},
				"down": {"uv": [0, 0, 1, 2], "texture": "#5"}
			}
		},
		{
			"from": [8.2491, 1.7, 9.86871],
			"to": [9.7491, 2, 11.46871],
			"rotation": {"angle": 45, "axis": "y", "origin": [5.16577, 1.85, 7.46871]},
			"faces": {
				"north": {"uv": [0, 0, 1.5, 0.3], "texture": "#5"},
				"east": {"uv": [0, 0, 1.6, 0.3], "texture": "#5"},
				"south": {"uv": [0, 0, 1.5, 0.3], "texture": "#5"},
				"west": {"uv": [0, 0, 1.6, 0.3], "texture": "#5"},
				"up": {"uv": [0, 0, 1.5, 1.6], "texture": "#5"},
				"down": {"uv": [0, 0, 1.5, 1.6], "texture": "#5"}
			}
		},
		{
			"from": [7.9491, 1.7, 10.16871],
			"to": [9.9491, 2, 11.16871],
			"rotation": {"angle": 45, "axis": "y", "origin": [5.16577, 1.85, 7.46871]},
			"faces": {
				"north": {"uv": [0, 0, 2, 0.3], "texture": "#5"},
				"east": {"uv": [0, 0, 1, 0.3], "texture": "#5"},
				"south": {"uv": [0, 0, 2, 0.3], "texture": "#5"},
				"west": {"uv": [0, 0, 1, 0.3], "texture": "#5"},
				"up": {"uv": [0, 0, 2, 1], "texture": "#5"},
				"down": {"uv": [0, 0, 2, 1], "texture": "#5"}
			}
		},
		{
			"from": [8.4491, 1.7, 9.66871],
			"to": [9.4491, 2, 11.66871],
			"rotation": {"angle": 45, "axis": "y", "origin": [5.16577, 1.85, 7.46871]},
			"faces": {
				"north": {"uv": [0, 0, 1, 0.3], "texture": "#5"},
				"east": {"uv": [0, 0, 2, 0.3], "texture": "#5"},
				"south": {"uv": [0, 0, 1, 0.3], "texture": "#5"},
				"west": {"uv": [0, 0, 2, 0.3], "texture": "#5"},
				"up": {"uv": [0, 0, 1, 2], "texture": "#5"},
				"down": {"uv": [0, 0, 1, 2], "texture": "#5"}
			}
		},
		{
			"from": [6.2491, 1.7, 11.06871],
			"to": [7.7491, 2, 12.66871],
			"rotation": {"angle": 45, "axis": "y", "origin": [5.16577, 1.85, 7.46871]},
			"faces": {
				"north": {"uv": [0, 0, 1.5, 0.3], "texture": "#5"},
				"east": {"uv": [0, 0, 1.6, 0.3], "texture": "#5"},
				"south": {"uv": [0, 0, 1.5, 0.3], "texture": "#5"},
				"west": {"uv": [0, 0, 1.6, 0.3], "texture": "#5"},
				"up": {"uv": [0, 0, 1.5, 1.6], "texture": "#5"},
				"down": {"uv": [0, 0, 1.5, 1.6], "texture": "#5"}
			}
		},
		{
			"from": [5.9491, 1.7, 11.36871],
			"to": [7.9491, 2, 12.36871],
			"rotation": {"angle": 45, "axis": "y", "origin": [5.16577, 1.85, 7.46871]},
			"faces": {
				"north": {"uv": [0, 0, 2, 0.3], "texture": "#5"},
				"east": {"uv": [0, 0, 1, 0.3], "texture": "#5"},
				"south": {"uv": [0, 0, 2, 0.3], "texture": "#5"},
				"west": {"uv": [0, 0, 1, 0.3], "texture": "#5"},
				"up": {"uv": [0, 0, 2, 1], "texture": "#5"},
				"down": {"uv": [0, 0, 2, 1], "texture": "#5"}
			}
		},
		{
			"from": [6.4491, 1.7, 10.86871],
			"to": [7.4491, 2, 12.86871],
			"rotation": {"angle": 45, "axis": "y", "origin": [5.16577, 1.85, 7.46871]},
			"faces": {
				"north": {"uv": [0, 0, 1, 0.3], "texture": "#5"},
				"east": {"uv": [0, 0, 2, 0.3], "texture": "#5"},
				"south": {"uv": [0, 0, 1, 0.3], "texture": "#5"},
				"west": {"uv": [0, 0, 2, 0.3], "texture": "#5"},
				"up": {"uv": [0, 0, 1, 2], "texture": "#5"},
				"down": {"uv": [0, 0, 1, 2], "texture": "#5"}
			}
		},
		{
			"from": [7.6491, 1.7, 6.66871],
			"to": [9.1491, 2, 8.26871],
			"rotation": {"angle": 45, "axis": "y", "origin": [5.16577, 1.85, 7.46871]},
			"faces": {
				"north": {"uv": [0, 0, 1.5, 0.3], "texture": "#5"},
				"east": {"uv": [0, 0, 1.6, 0.3], "texture": "#5"},
				"south": {"uv": [0, 0, 1.5, 0.3], "texture": "#5"},
				"west": {"uv": [0, 0, 1.6, 0.3], "texture": "#5"},
				"up": {"uv": [0, 0, 1.5, 1.6], "texture": "#5"},
				"down": {"uv": [0, 0, 1.5, 1.6], "texture": "#5"}
			}
		},
		{
			"from": [7.3491, 1.7, 6.96871],
			"to": [9.3491, 2, 7.96871],
			"rotation": {"angle": 45, "axis": "y", "origin": [5.16577, 1.85, 7.46871]},
			"faces": {
				"north": {"uv": [0, 0, 2, 0.3], "texture": "#5"},
				"east": {"uv": [0, 0, 1, 0.3], "texture": "#5"},
				"south": {"uv": [0, 0, 2, 0.3], "texture": "#5"},
				"west": {"uv": [0, 0, 1, 0.3], "texture": "#5"},
				"up": {"uv": [0, 0, 2, 1], "texture": "#5"},
				"down": {"uv": [0, 0, 2, 1], "texture": "#5"}
			}
		},
		{
			"from": [7.8491, 1.7, 6.46871],
			"to": [8.8491, 2, 8.46871],
			"rotation": {"angle": 45, "axis": "y", "origin": [5.16577, 1.85, 7.46871]},
			"faces": {
				"north": {"uv": [0, 0, 1, 0.3], "texture": "#5"},
				"east": {"uv": [0, 0, 2, 0.3], "texture": "#5"},
				"south": {"uv": [0, 0, 1, 0.3], "texture": "#5"},
				"west": {"uv": [0, 0, 2, 0.3], "texture": "#5"},
				"up": {"uv": [0, 0, 1, 2], "texture": "#5"},
				"down": {"uv": [0, 0, 1, 2], "texture": "#5"}
			}
		},
		{
			"from": [5.2491, 1.7, 8.36871],
			"to": [6.7491, 2, 9.96871],
			"rotation": {"angle": 45, "axis": "y", "origin": [5.16577, 1.85, 7.46871]},
			"faces": {
				"north": {"uv": [0, 0, 1.5, 0.3], "texture": "#5"},
				"east": {"uv": [0, 0, 1.6, 0.3], "texture": "#5"},
				"south": {"uv": [0, 0, 1.5, 0.3], "texture": "#5"},
				"west": {"uv": [0, 0, 1.6, 0.3], "texture": "#5"},
				"up": {"uv": [0, 0, 1.5, 1.6], "texture": "#5"},
				"down": {"uv": [0, 0, 1.5, 1.6], "texture": "#5"}
			}
		},
		{
			"from": [4.9491, 1.7, 8.66871],
			"to": [6.9491, 2, 9.66871],
			"rotation": {"angle": 45, "axis": "y", "origin": [5.16577, 1.85, 7.46871]},
			"faces": {
				"north": {"uv": [0, 0, 2, 0.3], "texture": "#5"},
				"east": {"uv": [0, 0, 1, 0.3], "texture": "#5"},
				"south": {"uv": [0, 0, 2, 0.3], "texture": "#5"},
				"west": {"uv": [0, 0, 1, 0.3], "texture": "#5"},
				"up": {"uv": [0, 0, 2, 1], "texture": "#5"},
				"down": {"uv": [0, 0, 2, 1], "texture": "#5"}
			}
		},
		{
			"from": [5.4491, 1.7, 8.16871],
			"to": [6.4491, 2, 10.16871],
			"rotation": {"angle": 45, "axis": "y", "origin": [5.16577, 1.85, 7.46871]},
			"faces": {
				"north": {"uv": [0, 0, 1, 0.3], "texture": "#5"},
				"east": {"uv": [0, 0, 2, 0.3], "texture": "#5"},
				"south": {"uv": [0, 0, 1, 0.3], "texture": "#5"},
				"west": {"uv": [0, 0, 2, 0.3], "texture": "#5"},
				"up": {"uv": [0, 0, 1, 2], "texture": "#5"},
				"down": {"uv": [0, 0, 1, 2], "texture": "#5"}
			}
		},
		{
			"from": [5.4491, 1.7, 9.26871],
			"to": [6.9491, 2, 10.86871],
			"rotation": {"angle": 45, "axis": "y", "origin": [5.16577, 1.85, 7.46871]},
			"faces": {
				"north": {"uv": [0, 0, 1.5, 0.3], "texture": "#5"},
				"east": {"uv": [0, 0, 1.6, 0.3], "texture": "#5"},
				"south": {"uv": [0, 0, 1.5, 0.3], "texture": "#5"},
				"west": {"uv": [0, 0, 1.6, 0.3], "texture": "#5"},
				"up": {"uv": [0, 0, 1.5, 1.6], "texture": "#5"},
				"down": {"uv": [0, 0, 1.5, 1.6], "texture": "#5"}
			}
		},
		{
			"from": [5.1491, 1.7, 9.56871],
			"to": [7.1491, 2, 10.56871],
			"rotation": {"angle": 45, "axis": "y", "origin": [5.16577, 1.85, 7.46871]},
			"faces": {
				"north": {"uv": [0, 0, 2, 0.3], "texture": "#5"},
				"east": {"uv": [0, 0, 1, 0.3], "texture": "#5"},
				"south": {"uv": [0, 0, 2, 0.3], "texture": "#5"},
				"west": {"uv": [0, 0, 1, 0.3], "texture": "#5"},
				"up": {"uv": [0, 0, 2, 1], "texture": "#5"},
				"down": {"uv": [0, 0, 2, 1], "texture": "#5"}
			}
		},
		{
			"from": [5.6491, 1.7, 9.06871],
			"to": [6.6491, 2, 11.06871],
			"rotation": {"angle": 45, "axis": "y", "origin": [5.16577, 1.85, 7.46871]},
			"faces": {
				"north": {"uv": [0, 0, 1, 0.3], "texture": "#5"},
				"east": {"uv": [0, 0, 2, 0.3], "texture": "#5"},
				"south": {"uv": [0, 0, 1, 0.3], "texture": "#5"},
				"west": {"uv": [0, 0, 2, 0.3], "texture": "#5"},
				"up": {"uv": [0, 0, 1, 2], "texture": "#5"},
				"down": {"uv": [0, 0, 1, 2], "texture": "#5"}
			}
		},
		{
			"from": [6.5491, 1.7, 9.26871],
			"to": [8.0491, 2, 10.86871],
			"rotation": {"angle": 45, "axis": "y", "origin": [5.16577, 1.85, 7.46871]},
			"faces": {
				"north": {"uv": [0, 0, 1.5, 0.3], "texture": "#5"},
				"east": {"uv": [0, 0, 1.6, 0.3], "texture": "#5"},
				"south": {"uv": [0, 0, 1.5, 0.3], "texture": "#5"},
				"west": {"uv": [0, 0, 1.6, 0.3], "texture": "#5"},
				"up": {"uv": [0, 0, 1.5, 1.6], "texture": "#5"},
				"down": {"uv": [0, 0, 1.5, 1.6], "texture": "#5"}
			}
		},
		{
			"from": [6.2491, 1.7, 9.56871],
			"to": [8.2491, 2, 10.56871],
			"rotation": {"angle": 45, "axis": "y", "origin": [5.16577, 1.85, 7.46871]},
			"faces": {
				"north": {"uv": [0, 0, 2, 0.3], "texture": "#5"},
				"east": {"uv": [0, 0, 1, 0.3], "texture": "#5"},
				"south": {"uv": [0, 0, 2, 0.3], "texture": "#5"},
				"west": {"uv": [0, 0, 1, 0.3], "texture": "#5"},
				"up": {"uv": [0, 0, 2, 1], "texture": "#5"},
				"down": {"uv": [0, 0, 2, 1], "texture": "#5"}
			}
		},
		{
			"from": [6.7491, 1.7, 9.06871],
			"to": [7.7491, 2, 11.06871],
			"rotation": {"angle": 45, "axis": "y", "origin": [5.16577, 1.85, 7.46871]},
			"faces": {
				"north": {"uv": [0, 0, 1, 0.3], "texture": "#5"},
				"east": {"uv": [0, 0, 2, 0.3], "texture": "#5"},
				"south": {"uv": [0, 0, 1, 0.3], "texture": "#5"},
				"west": {"uv": [0, 0, 2, 0.3], "texture": "#5"},
				"up": {"uv": [0, 0, 1, 2], "texture": "#5"},
				"down": {"uv": [0, 0, 1, 2], "texture": "#5"}
			}
		}
	],
	"display": {
		"thirdperson_righthand": {
			"translation": [0, 4.25, 0],
			"scale": [0.56, 0.56, 0.56]
		},
		"thirdperson_lefthand": {
			"translation": [0, 4.25, 0],
			"scale": [0.56, 0.56, 0.56]
		},
		"firstperson_righthand": {
			"rotation": [0, 31, 0],
			"translation": [0, 5.25, 0],
			"scale": [0.66, 0.66, 0.66]
		},
		"firstperson_lefthand": {
			"rotation": [0, 31, 0],
			"translation": [0, 5.25, 0],
			"scale": [0.66, 0.66, 0.66]
		},
		"ground": {
			"translation": [0, 2.75, 0],
			"scale": [0.63, 0.63, 0.63]
		},
		"gui": {
			"rotation": [40, 34, -16],
			"translation": [2.25, 5.75, 0],
			"scale": [1.42, 1.42, 1.42]
		},
		"fixed": {
			"rotation": [-90, 1, 0],
			"translation": [0.75, 0, -12.25],
			"scale": [1.57, 1.57, 1.57]
		}
	},
	"groups": [
		{
			"name": "верхняя булка",
			"origin": [8, 8, 8],
			"children": [0, 1, 2, 3, 4, 5, 6, 7]
		},
		{
			"name": "нижняя булка",
			"origin": [8, 8, 8],
			"children": [8, 9]
		},
		{
			"name": "семена",
			"origin": [8, 8, 8],
			"children": [10, 11, 12, 13, 14, 15, 16, 17, 18, 19, 20, 21, 22, 23, 24, 25, 26, 27, 28, 29, 30, 31, 32, 33]
		},
		{
			"name": "котлета",
			"origin": [8, 8, 8],
			"children": [34, 35]
		},
		{
			"name": "сыр",
			"origin": [8, 8, 8],
			"children": [36, 37]
		},
		{
			"name": "помидоры",
			"origin": [8, 8, 8],
			"children": [38, 39, 40, 41, 42, 43, 44, 45, 46, 47, 48, 49, 50, 51, 52, 53, 54, 55, 56, 57, 58, 59, 60, 61, 62, 63, 64, 65, 66, 67]
		}
	]
}