{
	"credit": "Made with Blockbench",
	"textures": {
		"0": "./res",
		"particle": "./res"
	},
	"elements": [
		{
			"from": [7, 0, 7],
			"to": [9, 2, 9],
			"rotation": {"angle": 0, "axis": "y", "origin": [16, 8, 15]},
			"faces": {
				"north": {"uv": [0, 0, 2, 2], "texture": "#0"},
				"east": {"uv": [0, 0, 2, 2], "texture": "#0"},
				"south": {"uv": [0, 0, 2, 2], "texture": "#0"},
				"west": {"uv": [0, 0, 2, 2], "texture": "#0"},
				"up": {"uv": [0, 0, 2, 2], "texture": "#0"},
				"down": {"uv": [0, 0, 2, 2], "texture": "#0"}
			}
		}
	],
	"display": {
		"thirdperson_righthand": {
			"translation": [-0.75, 7.75, 0]
		},
		"thirdperson_lefthand": {
			"translation": [-1.5, 7.25, 0]
		},
		"firstperson_righthand": {
			"translation": [0, 7.75, 0]
		},
		"firstperson_lefthand": {
			"translation": [0, 8, 0]
		},
		"ground": {
			"translation": [0, 1.25, 0],
			"scale": [0.6, 0.6, 0.6]
		},
		"gui": {
			"rotation": [20, -23, 0],
			"translation": [0, 11.75, 0],
			"scale": [1.7, 1.7, 1.7]
		},
		"head": {
			"translation": [0, 6.25, -7.5],
			"scale": [1.3, 1.3, 1.3]
		},
		"fixed": {
			"translation": [0, 14, -2],
			"scale": [2, 2, 2]
		}
	}
}