{
	"credit": "Made with Blockbench",
	"textures": {
		"0": "./fready",
		"particle": "./fready"
	},
	"elements": [
		{
			"from": [7, 9.6, 8],
			"to": [9, 11.6, 10],
			"rotation": {"angle": 0, "axis": "y", "origin": [16, 17.6, 17.35]},
			"faces": {
				"north": {"uv": [0, 0, 1, 1], "texture": "#0"},
				"east": {"uv": [0, 0, 1, 1], "texture": "#0"},
				"south": {"uv": [0, 0, 1, 1], "texture": "#0"},
				"west": {"uv": [0, 0, 1, 1], "texture": "#0"},
				"up": {"uv": [3, 0, 4, 1], "texture": "#0"},
				"down": {"uv": [1, 1, 2, 2], "texture": "#0"}
			}
		},
		{
			"from": [6, 5, 7],
			"to": [10, 9, 11],
			"rotation": {"angle": 0, "axis": "y", "origin": [15.85, 13, 17]},
			"faces": {
				"north": {"uv": [8, 8, 12, 12], "texture": "#0"},
				"east": {"uv": [5, 12, 9, 16], "texture": "#0"},
				"south": {"uv": [12, 12, 16, 15.6], "texture": "#0"},
				"west": {"uv": [0, 8, 4, 12], "texture": "#0"},
				"up": {"uv": [5, 9, 9, 13], "texture": "#0"},
				"down": {"uv": [10, 10, 14, 14], "texture": "#0"}
			}
		},
		{
			"from": [8.4, 7.05, 6.9],
			"to": [9.5, 8.15, 7],
			"rotation": {"angle": 0, "axis": "y", "origin": [16.5, 15.05, 14.5]},
			"faces": {
				"north": {"uv": [0, 0, 2, 2], "texture": "#0"},
				"east": {"uv": [0, 13, 1, 14], "texture": "#0"},
				"south": {"uv": [0, 15, 1, 16], "texture": "#0"},
				"west": {"uv": [0, 13, 1, 15], "texture": "#0"},
				"up": {"uv": [3, 13, 4, 14], "texture": "#0"},
				"down": {"uv": [0, 15, 1, 16], "texture": "#0"}
			}
		},
		{
			"from": [6.5, 7.05, 6.9],
			"to": [7.6, 8.15, 7],
			"rotation": {"angle": 0, "axis": "y", "origin": [14.6, 15.05, 13.9]},
			"faces": {
				"north": {"uv": [1, 0, 3, 2], "texture": "#0"},
				"east": {"uv": [0, 13, 1, 15], "texture": "#0"},
				"south": {"uv": [0, 15, 1, 16], "texture": "#0"},
				"west": {"uv": [1, 14, 2, 15], "texture": "#0"},
				"up": {"uv": [2, 14, 3, 15], "texture": "#0"},
				"down": {"uv": [0, 15, 1, 16], "texture": "#0"}
			}
		},
		{
			"from": [7.5, 6.2, 6],
			"to": [8.5, 6.7, 6.5],
			"rotation": {"angle": 0, "axis": "y", "origin": [15.6, 14.2, 13.5]},
			"faces": {
				"north": {"uv": [0, 0, 1, 0.5], "texture": "#0"},
				"east": {"uv": [0, 0, 1, 0.5], "texture": "#0"},
				"south": {"uv": [0, 0, 1, 0.5], "texture": "#0"},
				"west": {"uv": [0, 0, 1, 0.5], "texture": "#0"},
				"up": {"uv": [0, 0, 1, 0.5], "texture": "#0"},
				"down": {"uv": [0, 0, 1, 0.5], "texture": "#0"}
			}
		},
		{
			"from": [6, 5.3, 6.5],
			"to": [10, 6.3, 7],
			"rotation": {"angle": 0, "axis": "y", "origin": [14.6, 13.3, 14]},
			"faces": {
				"north": {"uv": [12, 2, 16, 3], "texture": "#0"},
				"east": {"uv": [11, 3, 15, 4], "texture": "#0"},
				"south": {"uv": [0, 0, 4, 1], "texture": "#0"},
				"west": {"uv": [10, 6, 14, 7], "texture": "#0"},
				"up": {"uv": [9, 4, 13, 5], "texture": "#0"},
				"down": {"uv": [12, 2, 16, 3], "texture": "#0"}
			}
		},
		{
			"from": [6.5, 6.3, 6.5],
			"to": [9.5, 7.05, 7],
			"rotation": {"angle": 0, "axis": "y", "origin": [14.6, 14.3, 14]},
			"faces": {
				"north": {"uv": [11, 6, 14, 7], "texture": "#0"},
				"east": {"uv": [11, 2, 14, 2.5], "texture": "#0"},
				"south": {"uv": [0, 0, 3, 0.5], "texture": "#0"},
				"west": {"uv": [13, 2, 16, 2.5], "texture": "#0"},
				"up": {"uv": [10, 4, 13, 4.5], "texture": "#0"},
				"down": {"uv": [0, 0, 3, 0.5], "texture": "#0"}
			}
		},
		{
			"from": [6.2, 15.35, 8.5],
			"to": [7.7, 16.85, 9.5],
			"rotation": {"angle": -45, "axis": "z", "origin": [-0.2, 8.45, 17.5]},
			"faces": {
				"north": {"uv": [11, 5, 13, 7], "rotation": 180, "texture": "#0"},
				"east": {"uv": [13, 13, 14, 15], "rotation": 180, "texture": "#0"},
				"south": {"uv": [8, 7, 10, 9], "rotation": 180, "texture": "#0"},
				"west": {"uv": [14, 12, 15, 14], "rotation": 180, "texture": "#0"},
				"up": {"uv": [14, 12, 16, 13], "rotation": 180, "texture": "#0"},
				"down": {"uv": [2, 14, 4, 15], "rotation": 180, "texture": "#0"}
			}
		},
		{
			"from": [1.7, 15.35, 8.5],
			"to": [3.2, 16.85, 9.5],
			"rotation": {"angle": -45, "axis": "z", "origin": [-4.7, 8.45, 17.5]},
			"faces": {
				"north": {"uv": [9, 5, 11, 7], "rotation": 180, "texture": "#0"},
				"east": {"uv": [13, 13, 14, 15], "rotation": 180, "texture": "#0"},
				"south": {"uv": [8, 7, 10, 9], "rotation": 180, "texture": "#0"},
				"west": {"uv": [14, 12, 15, 14], "rotation": 180, "texture": "#0"},
				"up": {"uv": [14, 12, 16, 13], "rotation": 180, "texture": "#0"},
				"down": {"uv": [2, 14, 4, 15], "rotation": 180, "texture": "#0"}
			}
		},
		{
			"from": [6.5, 8.6, 7.5],
			"to": [9.5, 9.6, 10.5],
			"rotation": {"angle": 0, "axis": "y", "origin": [14.8, 16.6, 15.5]},
			"faces": {
				"north": {"uv": [5, 4, 7, 5], "texture": "#0"},
				"east": {"uv": [2, 2, 4, 3], "texture": "#0"},
				"south": {"uv": [2, 6, 4, 7], "texture": "#0"},
				"west": {"uv": [4, 2, 6, 3], "texture": "#0"},
				"up": {"uv": [0, 5, 2, 6], "texture": "#0"},
				"down": {"uv": [0, 14, 2, 16], "texture": "#0"}
			}
		},
		{
			"from": [6.1, 2, 7.9],
			"to": [9.9, 3.4, 9.7],
			"rotation": {"angle": 0, "axis": "y", "origin": [15.6, 10, 15]},
			"faces": {
				"north": {"uv": [12, 4, 16, 6], "texture": "#0"},
				"east": {"uv": [8, 10, 8.1, 11.4], "texture": "#0"},
				"south": {"uv": [1, 11, 4, 13], "texture": "#0"},
				"west": {"uv": [9, 10, 12, 12], "texture": "#0"},
				"up": {"uv": [8, 10, 11.8, 11.4], "texture": "#0"},
				"down": {"uv": [4, 13, 7.8, 14.4], "texture": "#0"}
			}
		},
		{
			"from": [5.5, 0, 8],
			"to": [10.5, 5, 10],
			"rotation": {"angle": 0, "axis": "y", "origin": [17.6, 8, 16]},
			"faces": {
				"north": {"uv": [4, 10, 9, 15], "texture": "#0"},
				"east": {"uv": [6, 8, 8, 13], "texture": "#0"},
				"south": {"uv": [0, 11, 5, 16], "texture": "#0"},
				"west": {"uv": [5, 9, 7, 14], "texture": "#0"},
				"up": {"uv": [4, 9, 9, 11], "texture": "#0"},
				"down": {"uv": [11, 10, 16, 12], "texture": "#0"}
			}
		},
		{
			"from": [8.5, 3.4, 7.1],
			"to": [10, 4.9, 8.1],
			"rotation": {"angle": 0, "axis": "y", "origin": [16.75, 11.4, 15]},
			"faces": {
				"north": {"uv": [0, 0, 1.5, 1.5], "texture": "#0"},
				"east": {"uv": [4, 3, 5.5, 4.5], "texture": "#0"},
				"south": {"uv": [0, 0, 1.5, 1.5], "texture": "#0"},
				"west": {"uv": [0, 5, 1.5, 6.5], "texture": "#0"},
				"up": {"uv": [5, 5, 6.5, 6.5], "texture": "#0"},
				"down": {"uv": [0, 0, 1.5, 1.5], "texture": "#0"}
			}
		},
		{
			"from": [7.5, 3.65, 7.1],
			"to": [8.5, 4.65, 8.1],
			"rotation": {"angle": 0, "axis": "y", "origin": [15.5, 11.7, 15]},
			"faces": {
				"north": {"uv": [2, 4, 3, 5], "texture": "#0"},
				"east": {"uv": [0, 15, 1, 16], "texture": "#0"},
				"south": {"uv": [0, 15, 1, 16], "texture": "#0"},
				"west": {"uv": [0, 15, 1, 16], "texture": "#0"},
				"up": {"uv": [3, 4, 4, 5], "texture": "#0"},
				"down": {"uv": [3, 4, 4, 5], "texture": "#0"}
			}
		},
		{
			"from": [6, 3.4, 7],
			"to": [7.5, 4.9, 8],
			"rotation": {"angle": 0, "axis": "y", "origin": [14, 11.9, 15]},
			"faces": {
				"north": {"uv": [0, 0, 1.5, 1.5], "texture": "#0"},
				"east": {"uv": [4, 5, 5.5, 6.5], "texture": "#0"},
				"south": {"uv": [0, 14, 1.5, 15.5], "texture": "#0"},
				"west": {"uv": [3, 3, 4.5, 4.5], "texture": "#0"},
				"up": {"uv": [3, 5, 4.5, 6.5], "texture": "#0"},
				"down": {"uv": [3, 5, 4.5, 6.5], "texture": "#0"}
			}
		},
		{
			"from": [10.5, 3, 8],
			"to": [13.5, 5, 10],
			"rotation": {"angle": 0, "axis": "y", "origin": [20.6, 12, 16]},
			"faces": {
				"north": {"uv": [0, 14, 3, 16], "texture": "#0"},
				"east": {"uv": [0, 14, 2, 16], "texture": "#0"},
				"south": {"uv": [0, 14, 3, 16], "texture": "#0"},
				"west": {"uv": [0, 14, 2, 16], "texture": "#0"},
				"up": {"uv": [0, 14, 3, 16], "texture": "#0"},
				"down": {"uv": [0, 14, 3, 16], "texture": "#0"}
			}
		},
		{
			"from": [2.5, 3, 8],
			"to": [5.5, 5, 10],
			"rotation": {"angle": 0, "axis": "y", "origin": [12.35, 12, 16]},
			"faces": {
				"north": {"uv": [1, 10, 4, 12], "texture": "#0"},
				"east": {"uv": [8, 8, 10, 10], "texture": "#0"},
				"south": {"uv": [13, 14, 16, 16], "texture": "#0"},
				"west": {"uv": [6, 9, 8, 11], "texture": "#0"},
				"up": {"uv": [6, 9, 9, 11], "texture": "#0"},
				"down": {"uv": [7, 9, 10, 11], "texture": "#0"}
			}
		},
		{
			"from": [13.5, 3.1, 8.1],
			"to": [13.6, 4.9, 9.9],
			"rotation": {"angle": 0, "axis": "y", "origin": [5.8, 11.1, 3]},
			"faces": {
				"north": {"uv": [3, 12, 4, 13.8], "texture": "#0"},
				"east": {"uv": [7, 14, 9, 16], "texture": "#0"},
				"south": {"uv": [11, 10, 12, 11.8], "texture": "#0"},
				"west": {"uv": [4, 9, 6, 11], "texture": "#0"},
				"up": {"uv": [2, 9, 3, 10.8], "rotation": 180, "texture": "#0"},
				"down": {"uv": [13, 10, 14, 11.8], "rotation": 180, "texture": "#0"}
			}
		},
		{
			"from": [2.4, 3.1, 8.1],
			"to": [2.5, 4.9, 9.9],
			"rotation": {"angle": 0, "axis": "y", "origin": [-5.45, 11.1, 3]},
			"faces": {
				"north": {"uv": [0, 9, 1, 10.8], "texture": "#0"},
				"east": {"uv": [7, 14, 9, 16], "texture": "#0"},
				"south": {"uv": [8, 8, 9, 9.8], "texture": "#0"},
				"west": {"uv": [8, 14, 10, 16], "texture": "#0"},
				"up": {"uv": [9, 9, 10, 10.8], "rotation": 180, "texture": "#0"},
				"down": {"uv": [2, 14, 3, 15.8], "rotation": 180, "texture": "#0"}
			}
		},
		{
			"from": [5.7, 0, 5],
			"to": [7.7, 2, 8],
			"rotation": {"angle": 0, "axis": "y", "origin": [14.6, 8, 10]},
			"faces": {
				"north": {"uv": [6, 11, 8, 13], "texture": "#0"},
				"east": {"uv": [6, 9, 9, 11], "texture": "#0"},
				"south": {"uv": [9, 8, 11, 10], "texture": "#0"},
				"west": {"uv": [12, 11, 15, 13], "texture": "#0"},
				"up": {"uv": [14, 9, 16, 12], "texture": "#0"},
				"down": {"uv": [6, 11, 8, 14], "texture": "#0"}
			}
		},
		{
			"from": [5.8, 0.1, 4.9],
			"to": [7.6, 1.9, 5],
			"rotation": {"angle": 0, "axis": "y", "origin": [14.5, 8.1, 12]},
			"faces": {
				"north": {"uv": [6, 10, 7.8, 11.8], "texture": "#0"},
				"east": {"uv": [6, 12, 7.8, 13.8], "texture": "#0"},
				"south": {"uv": [5, 14, 6.8, 15.8], "texture": "#0"},
				"west": {"uv": [12, 11, 13.8, 12.8], "texture": "#0"},
				"up": {"uv": [2, 14, 3.8, 15.8], "texture": "#0"},
				"down": {"uv": [14, 9, 15.8, 10.8], "texture": "#0"}
			}
		},
		{
			"from": [8.3, 0, 5],
			"to": [10.3, 2, 8],
			"rotation": {"angle": 0, "axis": "y", "origin": [17.6, 8, 10]},
			"faces": {
				"north": {"uv": [7, 11, 9, 13], "texture": "#0"},
				"east": {"uv": [6, 9, 9, 11], "texture": "#0"},
				"south": {"uv": [11, 9, 13, 11], "texture": "#0"},
				"west": {"uv": [3, 9, 6, 11], "texture": "#0"},
				"up": {"uv": [7, 11, 9, 14], "texture": "#0"},
				"down": {"uv": [6, 11, 8, 14], "texture": "#0"}
			}
		},
		{
			"from": [8.5, 0.1, 4.9],
			"to": [10.3, 1.9, 5],
			"rotation": {"angle": 0, "axis": "y", "origin": [17.5, 8.1, 12]},
			"faces": {
				"north": {"uv": [9, 13, 10.8, 14.8], "texture": "#0"},
				"east": {"uv": [6, 10, 7.8, 11.8], "texture": "#0"},
				"south": {"uv": [4, 11, 5.8, 12.8], "texture": "#0"},
				"west": {"uv": [8, 10, 9.8, 11.8], "texture": "#0"},
				"up": {"uv": [0, 9, 1.8, 10.8], "texture": "#0"},
				"down": {"uv": [14, 12, 15.8, 13.8], "texture": "#0"}
			}
		}
	],
	"display": {
		"thirdperson_righthand": {
			"rotation": [67.75, 0, 0],
			"translation": [0, 2.5, 3.5],
			"scale": [0.65, 0.65, 0.65]
		},
		"thirdperson_lefthand": {
			"rotation": [67.75, 0, 0],
			"translation": [0, 2.5, 3.5],
			"scale": [0.65, 0.65, 0.65]
		},
		"firstperson_righthand": {
			"rotation": [0, 129.5, 0],
			"translation": [0.75, 4.5, -0.25]
		},
		"firstperson_lefthand": {
			"rotation": [0, 129.5, 0],
			"translation": [0.75, 4.5, -0.25]
		},
		"ground": {
			"translation": [0, 4, 0],
			"scale": [0.6, 0.6, 0.6]
		},
		"gui": {
			"rotation": [23.5, -163.75, 0],
			"translation": [0.25, 3, 0]
		},
		"fixed": {
			"rotation": [-90, 0, 0],
			"translation": [0, 0.25, -12],
			"scale": [1.6, 1.6, 1.6]
		}
	},
	"groups": [
		{
			"name": "Peluche",
			"origin": [8, 8, 8],
			"children": [0,
				{
					"name": "Cabeza",
					"origin": [-4.2, 8.2, 20.5],
					"children": [1, 2, 3,
						{
							"name": "Ocico",
							"origin": [16, 14.2, 16.5],
							"children": [4, 5, 6]
						},
						{
							"name": "Orejaizquierda",
							"origin": [8, 8, 8],
							"children": []
						},
						{
							"name": "Orejaderecha",
							"origin": [8, 8, 8],
							"children": [7, 8]
						}
					]
				}, 9,
				{
					"name": "Torso",
					"origin": [16, 10.3, 18],
					"children": [10, 11,
						{
							"name": "Pajarita",
							"origin": [16.9, 11.6, 18],
							"children": [12, 13, 14]
						}
					]
				},
				{
					"name": "Brazoderecho",
					"origin": [12.2, 11.1, 18],
					"children": [15]
				},
				{
					"name": "Brazoizquierdo",
					"origin": [8, 8, 8],
					"children": [16, 17, 18]
				},
				{
					"name": "Pata derecha",
					"origin": [8, 8, 8],
					"children": [19, 20]
				},
				{
					"name": "Pata izquierda",
					"origin": [17.6, 8, 10],
					"children": [21, 22]
				}
			]
		}
	]
}