{
	"credit": "Made with Blockbench",
	"textures": {
		"0": "./osnova",
		"1": "./mic",
		"particle": "./osnova"
	},
	"elements": [
		{
			"from": [2, -1, 3],
			"to": [16, 0, 12],
			"rotation": {"angle": 0, "axis": "y", "origin": [19, 8, 19]},
			"faces": {
				"north": {"uv": [0, 0, 14, 1], "texture": "#0"},
				"east": {"uv": [0, 0, 9, 1], "texture": "#0"},
				"south": {"uv": [0, 0, 14, 1], "texture": "#0"},
				"west": {"uv": [0, 0, 9, 1], "texture": "#0"},
				"up": {"uv": [0, 0, 14, 9], "texture": "#0"},
				"down": {"uv": [0, 0, 14, 9], "texture": "#0"}
			}
		},
		{
			"from": [2, 7, 3],
			"to": [16, 8, 12],
			"rotation": {"angle": 0, "axis": "y", "origin": [19, 15, 19]},
			"faces": {
				"north": {"uv": [0, 0, 14, 1], "texture": "#0"},
				"east": {"uv": [0, 0, 9, 1], "texture": "#0"},
				"south": {"uv": [0, 0, 14, 1], "texture": "#0"},
				"west": {"uv": [0, 0, 9, 1], "texture": "#0"},
				"up": {"uv": [0, 0, 14, 9], "texture": "#0"},
				"down": {"uv": [0, 0, 14, 9], "texture": "#0"}
			}
		},
		{
			"from": [2, 0, 3],
			"to": [5, 7, 12],
			"rotation": {"angle": 0, "axis": "y", "origin": [19, 9, 19]},
			"faces": {
				"north": {"uv": [10, 0, 16, 16], "texture": "#1"},
				"east": {"uv": [0, 0, 9, 7], "texture": "#0"},
				"south": {"uv": [0, 0, 3, 7], "texture": "#0"},
				"west": {"uv": [0, 0, 9, 7], "texture": "#0"},
				"up": {"uv": [0, 0, 3, 9], "texture": "#0"},
				"down": {"uv": [0, 0, 3, 9], "texture": "#0"}
			}
		},
		{
			"from": [3.25, 0, 2.5],
			"to": [3.75, 1.5, 3],
			"rotation": {"angle": 0, "axis": "y", "origin": [19, 8, 18]},
			"faces": {
				"north": {"uv": [12, 9, 12.5, 10.5], "texture": "#1"},
				"east": {"uv": [12, 10, 12.5, 11.5], "texture": "#1"},
				"south": {"uv": [13, 9, 13.5, 10.5], "texture": "#1"},
				"west": {"uv": [13, 10, 13.5, 11.5], "texture": "#1"},
				"up": {"uv": [12, 8, 12.5, 8.5], "texture": "#1"},
				"down": {"uv": [12, 9, 12.5, 9.5], "texture": "#1"}
			}
		},
		{
			"from": [3.25, 2, 2.5],
			"to": [3.75, 3.5, 3],
			"rotation": {"angle": 0, "axis": "y", "origin": [19, 10, 18]},
			"faces": {
				"north": {"uv": [13, 13, 13.5, 14.5], "texture": "#1"},
				"east": {"uv": [14, 13, 14.5, 14.5], "texture": "#1"},
				"south": {"uv": [12, 13, 12.5, 14.5], "texture": "#1"},
				"west": {"uv": [12, 13, 13, 14.5], "texture": "#1"},
				"up": {"uv": [12, 11, 12.5, 11.5], "texture": "#1"},
				"down": {"uv": [13, 13, 13.5, 13.5], "texture": "#1"}
			}
		},
		{
			"from": [5, 0, 4],
			"to": [6, 7, 12],
			"rotation": {"angle": 0, "axis": "y", "origin": [20, 9, 19]},
			"faces": {
				"north": {"uv": [0, 0, 1, 7], "texture": "#0"},
				"east": {"uv": [0, 0, 8, 7], "texture": "#0"},
				"south": {"uv": [0, 0, 1, 7], "texture": "#0"},
				"west": {"uv": [0, 0, 8, 7], "texture": "#0"},
				"up": {"uv": [0, 0, 1, 8], "texture": "#0"},
				"down": {"uv": [0, 0, 1, 8], "texture": "#0"}
			}
		},
		{
			"from": [6, 0, 11],
			"to": [15, 7, 12],
			"rotation": {"angle": 0, "axis": "y", "origin": [21, 9, 19]},
			"faces": {
				"north": {"uv": [0, 0, 9, 7], "texture": "#0"},
				"east": {"uv": [0, 0, 1, 7], "texture": "#0"},
				"south": {"uv": [0, 0, 9, 7], "texture": "#0"},
				"west": {"uv": [0, 0, 1, 7], "texture": "#0"},
				"up": {"uv": [0, 0, 9, 1], "texture": "#0"},
				"down": {"uv": [0, 0, 9, 1], "texture": "#0"}
			}
		},
		{
			"from": [5, 0, 3],
			"to": [16, 7, 4],
			"rotation": {"angle": 0, "axis": "y", "origin": [21, 9, 11]},
			"faces": {
				"north": {"uv": [0, 0, 11, 7], "texture": "#1"},
				"east": {"uv": [0, 0, 1, 7], "texture": "#1"},
				"south": {"uv": [0, 0, 11, 7], "texture": "#1"},
				"west": {"uv": [0, 0, 1, 7], "texture": "#1"},
				"up": {"uv": [0, 0, 11, 1], "texture": "#1"},
				"down": {"uv": [0, 0, 11, 1], "texture": "#1"}
			}
		},
		{
			"from": [7, 6, 2],
			"to": [14, 7, 3],
			"rotation": {"angle": 0, "axis": "y", "origin": [21, 9, 10]},
			"faces": {
				"north": {"uv": [1, 1, 8, 2], "texture": "#0"},
				"east": {"uv": [1, 2, 2, 3], "texture": "#0"},
				"south": {"uv": [2, 1, 9, 2], "texture": "#0"},
				"west": {"uv": [1, 1, 2, 2], "texture": "#0"},
				"up": {"uv": [3, 1, 10, 2], "texture": "#0"},
				"down": {"uv": [1, 6, 8, 7], "texture": "#0"}
			}
		},
		{
			"from": [15, 0, 4],
			"to": [16, 7, 12],
			"rotation": {"angle": 0, "axis": "y", "origin": [30, 9, 19]},
			"faces": {
				"north": {"uv": [0, 0, 1, 7], "texture": "#0"},
				"east": {"uv": [0, 0, 8, 7], "texture": "#0"},
				"south": {"uv": [0, 0, 1, 7], "texture": "#0"},
				"west": {"uv": [0, 0, 8, 7], "texture": "#0"},
				"up": {"uv": [0, 0, 1, 8], "texture": "#0"},
				"down": {"uv": [0, 0, 1, 8], "texture": "#0"}
			}
		}
	],
	"display": {
		"thirdperson_righthand": {
			"translation": [-6.75, 6, 0]
		},
		"thirdperson_lefthand": {
			"translation": [-5, 6, 0]
		},
		"firstperson_righthand": {
			"translation": [-9.75, 4.25, 1]
		},
		"firstperson_lefthand": {
			"translation": [-7.75, 4.75, 0.75]
		},
		"ground": {
			"translation": [0, 6.5, 0]
		},
		"gui": {
			"rotation": [17, 154, 0],
			"translation": [1, 3.25, 0],
			"scale": [0.8, 0.8, 0.8]
		},
		"fixed": {
			"rotation": [-90, 0, 0],
			"translation": [-2, 1, -17],
			"scale": [2, 2, 2]
		}
	}
}