{
	"credit": "Made with Blockbench",
	"textures": {
		"0": "./wood",
		"1": "./bint",
		"particle": "./wood"
	},
	"elements": [
		{
			"from": [6.5, 0, 6.5],
			"to": [9.5, 1, 9.5],
			"rotation": {"angle": 0, "axis": "y", "origin": [14, 8, 14]},
			"faces": {
				"north": {"uv": [0, 0, 3, 1], "texture": "#0"},
				"east": {"uv": [0, 0, 3, 1], "texture": "#0"},
				"south": {"uv": [0, 0, 3, 1], "texture": "#0"},
				"west": {"uv": [0, 0, 3, 1], "texture": "#0"},
				"up": {"uv": [0, 0, 3, 3], "texture": "#0"},
				"down": {"uv": [0, 0, 3, 3], "texture": "#0"}
			}
		},
		{
			"from": [7, 1, 7],
			"to": [9, 8, 9],
			"rotation": {"angle": 0, "axis": "y", "origin": [14, 9, 14]},
			"faces": {
				"north": {"uv": [0, 0, 2, 7], "texture": "#1"},
				"east": {"uv": [0, 0, 2, 7], "texture": "#1"},
				"south": {"uv": [0, 0, 2, 7], "texture": "#1"},
				"west": {"uv": [0, 0, 2, 7], "texture": "#1"},
				"up": {"uv": [0, 0, 2, 2], "texture": "#1"},
				"down": {"uv": [0, 0, 2, 2], "texture": "#1"}
			}
		},
		{
			"from": [6.75, 6, 6.75],
			"to": [9.25, 13, 9.25],
			"rotation": {"angle": 0, "axis": "y", "origin": [14, 14, 14]},
			"faces": {
				"north": {"uv": [0, 0, 2.5, 7], "texture": "#0"},
				"east": {"uv": [0, 0, 2.5, 7], "texture": "#0"},
				"south": {"uv": [0, 0, 2.5, 7], "texture": "#0"},
				"west": {"uv": [0, 0, 2.5, 7], "texture": "#0"},
				"up": {"uv": [0, 0, 2.5, 2.5], "texture": "#0"},
				"down": {"uv": [0, 0, 2.5, 2.5], "texture": "#0"}
			}
		},
		{
			"from": [6.5, 8, 6.5],
			"to": [9.5, 19, 9.5],
			"rotation": {"angle": 0, "axis": "y", "origin": [14, 17, 14]},
			"faces": {
				"north": {"uv": [0, 0, 3, 11], "texture": "#0"},
				"east": {"uv": [0, 0, 3, 11], "texture": "#0"},
				"south": {"uv": [0, 0, 3, 11], "texture": "#0"},
				"west": {"uv": [0, 0, 3, 11], "texture": "#0"},
				"up": {"uv": [0, 0, 3, 3], "texture": "#0"},
				"down": {"uv": [0, 0, 3, 3], "texture": "#0"}
			}
		},
		{
			"from": [6.75, 19, 6.75],
			"to": [9.25, 19.5, 9.25],
			"rotation": {"angle": 0, "axis": "y", "origin": [14, 27, 14]},
			"faces": {
				"north": {"uv": [0, 0, 2.5, 0.5], "texture": "#0"},
				"east": {"uv": [0, 0, 2.5, 0.5], "texture": "#0"},
				"south": {"uv": [0, 0, 2.5, 0.5], "texture": "#0"},
				"west": {"uv": [0, 0, 2.5, 0.5], "texture": "#0"},
				"up": {"uv": [0, 0, 2.5, 2.5], "texture": "#0"},
				"down": {"uv": [0, 0, 2.5, 2.5], "texture": "#0"}
			}
		}
	],
	"display": {
		"thirdperson_righthand": {
			"translation": [0, 2.5, 1.5],
			"scale": [0.9, 0.95, 0.9]
		},
		"thirdperson_lefthand": {
			"translation": [0, 2.5, 1.5],
			"scale": [0.9, 0.95, 0.9]
		},
		"firstperson_righthand": {
			"translation": [0.5, 2.75, 0]
		},
		"firstperson_lefthand": {
			"translation": [0.5, 4.25, 0]
		},
		"ground": {
			"translation": [0, 5.25, 0]
		},
		"gui": {
			"rotation": [0, 0, -40.75],
			"translation": [-1, -0.5, 0],
			"scale": [0.9, 0.9, 0.9]
		},
		"fixed": {
			"translation": [0, -1.75, 0]
		}
	}
}