{
	"credit": "Made with Blockbench",
	"textures": {
		"0": "./box",
		"particle": "./box"
	},
	"elements": [
		{
			"from": [1, 0, -5],
			"to": [10, 6, 12],
			"rotation": {"angle": 0, "axis": "y", "origin": [15, 8, 11]},
			"faces": {
				"north": {"uv": [10, 5, 15, 10], "texture": "#0"},
				"east": {"uv": [10, 5, 15, 10], "texture": "#0"},
				"south": {"uv": [10, 5, 15, 10], "texture": "#0"},
				"west": {"uv": [10, 5, 15, 10], "texture": "#0"},
				"up": {"uv": [10, 5, 15, 10], "texture": "#0"},
				"down": {"uv": [10, 5, 15, 10], "texture": "#0"}
			}
		},
		{
			"from": [4, 6, 2],
			"to": [7, 7, 5],
			"rotation": {"angle": 0, "axis": "y", "origin": [12, 14, 11]},
			"faces": {
				"north": {"uv": [5, 5, 8, 6], "texture": "#0"},
				"east": {"uv": [5, 5, 8, 6], "texture": "#0"},
				"south": {"uv": [5, 5, 8, 6], "texture": "#0"},
				"west": {"uv": [5, 5, 8, 6], "texture": "#0"},
				"up": {"uv": [5, 5, 8, 8], "texture": "#0"},
				"down": {"uv": [0, 0, 3, 3], "texture": "#0"}
			}
		}
	],
	"display": {
		"thirdperson_righthand": {
			"rotation": [0, 90, 0],
			"translation": [-2.25, 7.25, -0.75]
		},
		"thirdperson_lefthand": {
			"rotation": [0, 90, 0],
			"translation": [-1.5, 7.5, 1.25]
		},
		"firstperson_righthand": {
			"rotation": [0, 89, 0],
			"translation": [-3, 4.25, 0]
		},
		"firstperson_lefthand": {
			"rotation": [0, 82, 0],
			"translation": [-3.75, 4, 0]
		},
		"ground": {
			"translation": [0, 2.5, 0],
			"scale": [0.6, 0.6, 0.6]
		},
		"gui": {
			"rotation": [24, -15, 0],
			"translation": [0.75, 2.75, 0],
			"scale": [0.9, 0.9, 0.9]
		},
		"fixed": {
			"rotation": [-90, 0, 0],
			"translation": [2.25, 4.75, -7.25]
		}
	}
}