{
	"credit": "Made with Blockbench",
	"textures": {
		"0": "./box",
		"particle": "./box"
	},
	"elements": [
		{
			"from": [-8, 0, 5],
			"to": [1, 6, 15],
			"rotation": {"angle": 0, "axis": "y", "origin": [6, 8, 21]},
			"faces": {
				"north": {"uv": [10, 0, 15, 5], "texture": "#0"},
				"east": {"uv": [10, 0, 15, 5], "texture": "#0"},
				"south": {"uv": [10, 0, 15, 5], "texture": "#0"},
				"west": {"uv": [10, 0, 15, 5], "texture": "#0"},
				"up": {"uv": [10, 0, 15, 5], "texture": "#0"},
				"down": {"uv": [10, 0, 15, 5], "texture": "#0"}
			}
		},
		{
			"from": [3, 0, 14],
			"to": [12, 6, 24],
			"rotation": {"angle": 0, "axis": "y", "origin": [17, 8, 30]},
			"faces": {
				"north": {"uv": [5, 0, 10, 5], "texture": "#0"},
				"east": {"uv": [5, 0, 10, 5], "texture": "#0"},
				"south": {"uv": [5, 0, 10, 5], "texture": "#0"},
				"west": {"uv": [5, 0, 10, 5], "texture": "#0"},
				"up": {"uv": [5, 0, 10, 5], "texture": "#0"},
				"down": {"uv": [5, 0, 10, 5], "texture": "#0"}
			}
		},
		{
			"from": [5, 0, 0],
			"to": [14, 6, 10],
			"rotation": {"angle": 0, "axis": "y", "origin": [19, 8, 16]},
			"faces": {
				"north": {"uv": [0, 5, 5, 10], "texture": "#0"},
				"east": {"uv": [0, 5, 5, 10], "texture": "#0"},
				"south": {"uv": [0, 5, 5, 10], "texture": "#0"},
				"west": {"uv": [0, 5, 5, 10], "texture": "#0"},
				"up": {"uv": [0, 5, 5, 10], "texture": "#0"},
				"down": {"uv": [0, 5, 5, 10], "texture": "#0"}
			}
		},
		{
			"from": [-5, 6, 8],
			"to": [-2, 7, 11],
			"rotation": {"angle": 0, "axis": "y", "origin": [3, 14, 17]},
			"faces": {
				"north": {"uv": [5, 5, 8, 6], "texture": "#0"},
				"east": {"uv": [5, 5, 8, 6], "texture": "#0"},
				"south": {"uv": [5, 5, 8, 6], "texture": "#0"},
				"west": {"uv": [5, 5, 8, 6], "texture": "#0"},
				"up": {"uv": [5, 5, 8, 8], "texture": "#0"},
				"down": {"uv": [0, 0, 3, 3], "texture": "#0"}
			}
		},
		{
			"from": [6, 6, 17],
			"to": [9, 7, 20],
			"rotation": {"angle": 0, "axis": "y", "origin": [14, 14, 26]},
			"faces": {
				"north": {"uv": [5, 5, 8, 6], "texture": "#0"},
				"east": {"uv": [5, 5, 8, 6], "texture": "#0"},
				"south": {"uv": [5, 5, 8, 6], "texture": "#0"},
				"west": {"uv": [5, 5, 8, 6], "texture": "#0"},
				"up": {"uv": [5, 5, 8, 8], "texture": "#0"},
				"down": {"uv": [0, 0, 3, 3], "texture": "#0"}
			}
		},
		{
			"from": [8, 6, 3],
			"to": [11, 7, 6],
			"rotation": {"angle": 0, "axis": "y", "origin": [16, 14, 12]},
			"faces": {
				"north": {"uv": [5, 5, 8, 6], "texture": "#0"},
				"east": {"uv": [5, 5, 8, 6], "texture": "#0"},
				"south": {"uv": [5, 5, 8, 6], "texture": "#0"},
				"west": {"uv": [5, 5, 8, 6], "texture": "#0"},
				"up": {"uv": [5, 5, 8, 8], "texture": "#0"},
				"down": {"uv": [0, 0, 3, 3], "texture": "#0"}
			}
		}
	],
	"display": {
		"ground": {
			"translation": [0, 4.75, 0],
			"scale": [0.6, 0.6, 0.6]
		},
		"gui": {
			"rotation": [28, -30, 0],
			"translation": [2, 1.5, 0],
			"scale": [0.5, 0.5, 0.5]
		},
		"fixed": {
			"rotation": [-90, 0, 0],
			"translation": [5.5, -8, -15],
			"scale": [2, 2, 2]
		}
	}
}