{
	"credit": "Made with Blockbench",
	"textures": {
		"0": "./box",
		"particle": "./box"
	},
	"elements": [
		{
			"from": [-4, 0, 3],
			"to": [20, 5, 13],
			"rotation": {"angle": 0, "axis": "y", "origin": [19, 8, 19]},
			"faces": {
				"north": {"uv": [0, 0, 5, 5], "texture": "#0"},
				"east": {"uv": [0, 0, 5, 5], "texture": "#0"},
				"south": {"uv": [0, 0, 5, 5], "texture": "#0"},
				"west": {"uv": [0, 0, 5, 5], "texture": "#0"},
				"up": {"uv": [0, 0, 5, 5], "texture": "#0"},
				"down": {"uv": [0, 0, 5, 5], "texture": "#0"}
			}
		},
		{
			"from": [-4.2, 5, 2.8],
			"to": [20.2, 6, 13.2],
			"rotation": {"angle": 0, "axis": "y", "origin": [19, 13, 19]},
			"faces": {
				"north": {"uv": [0, 0, 5, 2], "texture": "#0"},
				"east": {"uv": [0, 0, 5, 2], "texture": "#0"},
				"south": {"uv": [0, 0, 5, 2], "texture": "#0"},
				"west": {"uv": [0, 0, 5, 2], "texture": "#0"},
				"up": {"uv": [0, 0, 5, 5], "texture": "#0"},
				"down": {"uv": [0, 0, 5, 5], "texture": "#0"}
			}
		},
		{
			"from": [5, 6, 6],
			"to": [11, 7, 10],
			"rotation": {"angle": 0, "axis": "y", "origin": [16, 14, 15]},
			"faces": {
				"north": {"uv": [0, 1, 5, 2], "texture": "#0"},
				"east": {"uv": [0, 3, 5, 4], "texture": "#0"},
				"south": {"uv": [0, 0, 5, 1], "texture": "#0"},
				"west": {"uv": [0, 0, 5, 1], "texture": "#0"},
				"up": {"uv": [0, 0, 5, 5], "texture": "#0"},
				"down": {"uv": [0, 0, 3, 3], "texture": "#0"}
			}
		}
	],
	"display": {
		"thirdperson_righthand": {
			"translation": [-6, 4.5, 0]
		},
		"thirdperson_lefthand": {
			"translation": [-5.5, 6.5, 0]
		},
		"firstperson_righthand": {
			"translation": [-6.75, 4.5, 0]
		},
		"firstperson_lefthand": {
			"translation": [-9, 4.75, 0]
		},
		"ground": {
			"translation": [0, 2, 0],
			"scale": [0.6, 0.6, 0.6]
		},
		"gui": {
			"rotation": [34, 25, 0],
			"translation": [0, 1.5, 0],
			"scale": [0.5, 0.5, 0.5]
		},
		"fixed": {
			"rotation": [-90, 0, 0],
			"translation": [0, 0, -11.75],
			"scale": [1.6, 1.6, 1.6]
		}
	}
}