{
	"credit": "Made with Blockbench",
	"texture_size": [48, 48],
	"textures": {
		"0": "./mauser",
		"particle": "./mauser"
	},
	"elements": [
		{
			"from": [7.5, 15.25, -3.5],
			"to": [8.5, 16.25, 4],
			"rotation": {"angle": 0, "axis": "y", "origin": [15.5, 23.25, 4.5]},
			"faces": {
				"north": {"uv": [0.33333, 9.33333, 0.66667, 9.66667], "texture": "#0"},
				"east": {"uv": [0, 0.66667, 5, 1.33333], "texture": "#0"},
				"south": {"uv": [0, 0, 1.5, 1.5], "texture": "#0"},
				"west": {"uv": [0, 0, 5, 0.66667], "texture": "#0"},
				"up": {"uv": [0, 1.33333, 0.66667, 6.33333], "texture": "#0"},
				"down": {"uv": [0, 1.33333, 0.66667, 6.33333], "rotation": 180, "texture": "#0"}
			}
		},
		{
			"from": [7.25, 15, 4],
			"to": [8.75, 16.5, 11.5],
			"rotation": {"angle": 0, "axis": "y", "origin": [15.25, 23, 12]},
			"faces": {
				"north": {"uv": [5, 0, 5.33333, 1], "texture": "#0"},
				"east": {"uv": [5, 1, 10, 2], "texture": "#0"},
				"south": {"uv": [9.66667, 0, 10, 1], "texture": "#0"},
				"west": {"uv": [5, 0, 10, 1], "texture": "#0"},
				"up": {"uv": [0.66667, 1.33333, 1.66667, 6.33333], "texture": "#0"},
				"down": {"uv": [0.33333, 9.33333, 0.66667, 9.66667], "texture": "#0"}
			}
		},
		{
			"from": [7, 11.5, 4.5],
			"to": [9, 15, 8],
			"rotation": {"angle": 0, "axis": "y", "origin": [15, 19.5, 12.5]},
			"faces": {
				"north": {"uv": [4, 2, 5.33267, 4.33267], "texture": "#0"},
				"east": {"uv": [1.66667, 3.66667, 4, 6], "texture": "#0"},
				"south": {"uv": [3.66667, 5.66667, 4, 6], "texture": "#0"},
				"west": {"uv": [1.66667, 1.33333, 4, 3.66667], "texture": "#0"},
				"up": {"uv": [1.66667, 1.33333, 4, 1.66667], "rotation": 90, "texture": "#0"},
				"down": {"uv": [0.33333, 9.66667, 0.66667, 10], "rotation": 90, "texture": "#0"}
			}
		},
		{
			"from": [8, 11.5, 8],
			"to": [8, 13.5, 10],
			"rotation": {"angle": 0, "axis": "y", "origin": [16, 19.5, 16]},
			"faces": {
				"north": {"uv": [0, 0, 0, 1.06667], "texture": "#0"},
				"east": {"uv": [6.66667, 4, 8, 5.33333], "texture": "#0"},
				"south": {"uv": [0, 0, 0, 1.06667], "texture": "#0"},
				"west": {"uv": [5.66667, 4, 7, 5.33333], "texture": "#0"},
				"up": {"uv": [0, 0, 0, 1.06667], "texture": "#0"},
				"down": {"uv": [0, 0, 0, 1.06667], "texture": "#0"}
			}
		},
		{
			"from": [8, 14.5, 11.5],
			"to": [8, 16.5, 13],
			"rotation": {"angle": 22.5, "axis": "x", "origin": [8, 14.5, 11.5]},
			"faces": {
				"north": {"uv": [0, 0, 0, 1.06667], "texture": "#0"},
				"east": {"uv": [8.66667, 3.66667, 9.66667, 5], "texture": "#0"},
				"south": {"uv": [0, 0, 0, 1.06667], "texture": "#0"},
				"west": {"uv": [8, 3.66667, 9, 5], "texture": "#0"},
				"up": {"uv": [0, 0, 0, 0.8], "texture": "#0"},
				"down": {"uv": [0, 0, 0, 0.8], "texture": "#0"}
			}
		},
		{
			"from": [8, 16.25, -3],
			"to": [8, 17.25, -1.5],
			"rotation": {"angle": 0, "axis": "y", "origin": [16, 24.25, 5]},
			"faces": {
				"north": {"uv": [0, 0, 0, 0.53333], "texture": "#0"},
				"east": {"uv": [4.66667, 4.33333, 5.66667, 5], "texture": "#0"},
				"south": {"uv": [0, 0, 0, 0.53333], "texture": "#0"},
				"west": {"uv": [4, 4.33333, 5, 5], "texture": "#0"},
				"up": {"uv": [0, 0, 0, 0.8], "texture": "#0"},
				"down": {"uv": [0, 0, 0, 0.8], "texture": "#0"}
			}
		},
		{
			"from": [7, 13.5, 8],
			"to": [9, 15, 12],
			"rotation": {"angle": 0, "axis": "y", "origin": [15, 21.5, 16]},
			"faces": {
				"north": {"uv": [0, 0, 1.06667, 0.8], "texture": "#0"},
				"east": {"uv": [5.33333, 3, 8, 4], "texture": "#0"},
				"south": {"uv": [5.33333, 3, 5.66667, 4], "texture": "#0"},
				"west": {"uv": [5.33333, 2, 8, 3], "texture": "#0"},
				"up": {"uv": [5.33333, 2, 8, 2.33333], "rotation": 90, "texture": "#0"},
				"down": {"uv": [0, 7.33333, 1.33333, 10], "texture": "#0"}
			}
		},
		{
			"from": [7.25, 12.5, 9],
			"to": [8.75, 15, 12],
			"rotation": {"angle": -22.5, "axis": "x", "origin": [8, 15, 12]},
			"faces": {
				"north": {"uv": [10, 2, 11, 3.66667], "texture": "#0"},
				"east": {"uv": [8, 2, 10, 3.66667], "texture": "#0"},
				"south": {"uv": [11, 2, 12, 3.66667], "texture": "#0"},
				"west": {"uv": [10, 0, 12, 1.66667], "texture": "#0"},
				"up": {"uv": [10, 0, 12, 0.33333], "rotation": 90, "texture": "#0"},
				"down": {"uv": [0, 0, 0.8, 1.6], "texture": "#0"}
			}
		},
		{
			"from": [7, 7.5, 10],
			"to": [9, 11.5, 13.5],
			"rotation": {"angle": -22.5, "axis": "x", "origin": [8.75, 11.5, 10]},
			"faces": {
				"north": {"uv": [1.66667, 6, 2, 8.66667], "texture": "#0"},
				"east": {"uv": [3.66667, 6, 6, 8.66667], "texture": "#0"},
				"south": {"uv": [3.66667, 6, 4, 8.66667], "texture": "#0"},
				"west": {"uv": [1.66667, 6, 4, 8.66667], "texture": "#0"},
				"up": {"uv": [1.66667, 6, 4, 6.33333], "rotation": 90, "texture": "#0"},
				"down": {"uv": [3.66667, 8, 4, 8.33333], "texture": "#0"}
			}
		}
	],
	"display": {
		"thirdperson_righthand": {
			"rotation": [1, 0, 3],
			"translation": [-0.25, -4.25, -1],
			"scale": [0.8, 0.8, 0.8]
		},
		"thirdperson_lefthand": {
			"rotation": [1, 0, 3],
			"translation": [-0.25, -4.25, -1],
			"scale": [0.8, 0.8, 0.8]
		},
		"firstperson_righthand": {
			"rotation": [23, 4, 6.5],
			"translation": [2.75, -3.25, -6.5]
		},
		"firstperson_lefthand": {
			"rotation": [23, 4, 6.5],
			"translation": [2.75, -3.25, -6.5]
		},
		"ground": {
			"rotation": [0, 0, 90],
			"translation": [3.75, -2.5, 1.25],
			"scale": [0.8, 0.8, 0.8]
		},
		"gui": {
			"rotation": [-35, 135, 5],
			"translation": [1.5, -4.25, -1.75],
			"scale": [0.95, 0.95, 0.95]
		},
		"head": {
			"rotation": [0, 45, 90],
			"translation": [5.75, 7.25, -2.25]
		},
		"fixed": {
			"rotation": [0, 90, 0],
			"translation": [2.5, -5.25, -1]
		}
	}
}