{
	"credit": "Made with Blockbench",
	"textures": {
		"0": "./black",
		"1": "./gray",
		"particle": "./black"
	},
	"elements": [
		{
			"from": [6, 0, 3],
			"to": [9, 3, 5],
			"rotation": {"angle": 0, "axis": "y", "origin": [12, 8, 11]},
			"faces": {
				"north": {"uv": [0, 0, 3, 3], "texture": "#1"},
				"east": {"uv": [0, 0, 2, 3], "texture": "#1"},
				"south": {"uv": [0, 0, 3, 3], "texture": "#1"},
				"west": {"uv": [0, 0, 2, 3], "texture": "#1"},
				"up": {"uv": [0, 0, 3, 2], "texture": "#1"},
				"down": {"uv": [0, 0, 3, 2], "texture": "#1"}
			}
		},
		{
			"from": [3, 0, 5],
			"to": [12, 3, 6],
			"rotation": {"angle": 0, "axis": "y", "origin": [12, 8, 13]},
			"faces": {
				"north": {"uv": [0, 0, 9, 3], "texture": "#0"},
				"east": {"uv": [0, 0, 1, 3], "texture": "#0"},
				"south": {"uv": [0, 0, 9, 3], "texture": "#0"},
				"west": {"uv": [0, 0, 1, 3], "texture": "#0"},
				"up": {"uv": [0, 0, 9, 1], "texture": "#0"},
				"down": {"uv": [0, 0, 9, 1], "texture": "#0"}
			}
		},
		{
			"from": [3, 0, 14],
			"to": [12, 3, 15],
			"rotation": {"angle": 0, "axis": "y", "origin": [12, 8, 22]},
			"faces": {
				"north": {"uv": [0, 0, 9, 3], "texture": "#0"},
				"east": {"uv": [0, 0, 1, 3], "texture": "#0"},
				"south": {"uv": [0, 0, 9, 3], "texture": "#0"},
				"west": {"uv": [0, 0, 1, 3], "texture": "#0"},
				"up": {"uv": [0, 0, 9, 1], "texture": "#0"},
				"down": {"uv": [0, 0, 9, 1], "texture": "#0"}
			}
		},
		{
			"from": [11.5, 0, 5.75],
			"to": [12.5, 3, 14.25],
			"rotation": {"angle": 0, "axis": "y", "origin": [20.5, 8, 14]},
			"faces": {
				"north": {"uv": [0, 0, 1, 3], "texture": "#0"},
				"east": {"uv": [0, 0, 8.5, 3], "texture": "#0"},
				"south": {"uv": [0, 0, 1, 3], "texture": "#0"},
				"west": {"uv": [0, 0, 8.5, 3], "texture": "#0"},
				"up": {"uv": [0, 0, 1, 8.5], "texture": "#0"},
				"down": {"uv": [0, 0, 1, 8.5], "texture": "#0"}
			}
		},
		{
			"from": [2.5, 0, 5.75],
			"to": [3.5, 3, 14.25],
			"rotation": {"angle": 0, "axis": "y", "origin": [11.5, 8, 14]},
			"faces": {
				"north": {"uv": [0, 0, 1, 3], "texture": "#0"},
				"east": {"uv": [0, 0, 8.5, 3], "texture": "#0"},
				"south": {"uv": [0, 0, 1, 3], "texture": "#0"},
				"west": {"uv": [0, 0, 8.5, 3], "texture": "#0"},
				"up": {"uv": [0, 0, 1, 8.5], "texture": "#0"},
				"down": {"uv": [0, 0, 1, 8.5], "texture": "#0"}
			}
		},
		{
			"from": [6.25, -3, 2],
			"to": [8.25, 0, 5],
			"rotation": {"angle": -22.5, "axis": "z", "origin": [12.25, 5, 10]},
			"faces": {
				"north": {"uv": [0, 0, 2, 3], "texture": "#0"},
				"east": {"uv": [0, 0, 3, 3], "texture": "#0"},
				"south": {"uv": [0, 0, 2, 3], "texture": "#0"},
				"west": {"uv": [0, 0, 3, 3], "texture": "#0"},
				"up": {"uv": [0, 0, 2, 3], "texture": "#0"},
				"down": {"uv": [0, 0, 2, 3], "texture": "#0"}
			}
		},
		{
			"from": [6, 0.75, 2],
			"to": [8, 3.75, 5],
			"rotation": {"angle": 22.5, "axis": "z", "origin": [12, 8.75, 10]},
			"faces": {
				"north": {"uv": [0, 0, 2, 3], "texture": "#0"},
				"east": {"uv": [0, 0, 3, 3], "texture": "#0"},
				"south": {"uv": [0, 0, 2, 3], "texture": "#0"},
				"west": {"uv": [0, 0, 3, 3], "texture": "#0"},
				"up": {"uv": [0, 0, 2, 3], "texture": "#0"},
				"down": {"uv": [0, 0, 2, 3], "texture": "#0"}
			}
		}
	],
	"display": {
		"thirdperson_righthand": {
			"rotation": [-20, 0, -86],
			"translation": [5, 0, -3.5],
			"scale": [0.8, 0.8, 0.8]
		},
		"thirdperson_lefthand": {
			"rotation": [-20, 0, 86.5],
			"translation": [-4.75, 0, -4.25],
			"scale": [0.8, 0.8, 0.8]
		},
		"firstperson_righthand": {
			"rotation": [-52, 0, 84],
			"translation": [-8, -0.5, 0]
		},
		"firstperson_lefthand": {
			"rotation": [-68, 0, 88],
			"translation": [-8, -1, 0]
		},
		"ground": {
			"translation": [0, 8.25, 0]
		},
		"gui": {
			"rotation": [21, 152, 0],
			"translation": [-1, 5, 0]
		},
		"head": {
			"translation": [0.75, 3.25, -2.5],
			"scale": [1.45, 1.21, 1.45]
		},
		"fixed": {
			"rotation": [-90, 0, 0],
			"translation": [0.5, -0.75, -11.25],
			"scale": [1.4, 1.4, 1.4]
		}
	}
}