{
	"credit": "Made with Blockbench",
	"textures": {
		"0": "./dipper",
		"1": "./blue",
		"particle": "./dipper"
	},
	"elements": [
		{
			"from": [4, 5, 8],
			"to": [5, 8, 16],
			"rotation": {"angle": 0, "axis": "y", "origin": [12, 8, 16]},
			"faces": {
				"north": {"uv": [15, 0, 16, 3], "texture": "#0"},
				"east": {"uv": [0, 0, 8, 3], "texture": "#0"},
				"south": {"uv": [0, 0, 1, 3], "texture": "#0"},
				"west": {"uv": [0, 13, 8, 16], "texture": "#0"},
				"up": {"uv": [0, 0, 1, 8], "texture": "#0"},
				"down": {"uv": [0, 0, 1, 8], "texture": "#0"}
			}
		},
		{
			"from": [5, 5, 15],
			"to": [11, 8, 16],
			"rotation": {"angle": 0, "axis": "y", "origin": [13, 8, 16]},
			"faces": {
				"north": {"uv": [0, 10, 6, 12], "texture": "#0"},
				"east": {"uv": [0, 0, 1, 3], "texture": "#0"},
				"south": {"uv": [5, 13, 8, 16], "texture": "#0"},
				"west": {"uv": [0, 0, 1, 3], "texture": "#0"},
				"up": {"uv": [0, 0, 6, 1], "texture": "#0"},
				"down": {"uv": [0, 0, 6, 1], "texture": "#0"}
			}
		},
		{
			"from": [5, 5, 8],
			"to": [11, 8, 9],
			"rotation": {"angle": 0, "axis": "y", "origin": [13, 8, 9]},
			"faces": {
				"north": {"uv": [6, 3, 16, 13], "texture": "#0"},
				"east": {"uv": [0, 0, 1, 3], "texture": "#0"},
				"south": {"uv": [0, 0, 6, 3], "texture": "#0"},
				"west": {"uv": [0, 0, 1, 3], "texture": "#0"},
				"up": {"uv": [0, 0, 6, 1], "texture": "#0"},
				"down": {"uv": [10, 0, 16, 1], "texture": "#0"}
			}
		},
		{
			"from": [11, 5, 8],
			"to": [12, 8, 16],
			"rotation": {"angle": 0, "axis": "y", "origin": [19, 8, 16]},
			"faces": {
				"north": {"uv": [15, 0, 16, 3], "texture": "#0"},
				"east": {"uv": [0, 0, 8, 3], "texture": "#0"},
				"south": {"uv": [0, 0, 1, 3], "texture": "#0"},
				"west": {"uv": [0, 0, 8, 3], "texture": "#0"},
				"up": {"uv": [0, 0, 1, 8], "texture": "#0"},
				"down": {"uv": [0, 0, 1, 8], "texture": "#0"}
			}
		},
		{
			"from": [4, 8, 8],
			"to": [12, 9, 16],
			"rotation": {"angle": 0, "axis": "y", "origin": [12, 8, 16]},
			"faces": {
				"north": {"uv": [8, 0, 16, 1], "texture": "#0"},
				"east": {"uv": [1, 0, 9, 1], "texture": "#0"},
				"south": {"uv": [0, 2, 4, 3], "texture": "#0"},
				"west": {"uv": [3, 8, 11, 9], "texture": "#0"},
				"up": {"uv": [0, 4, 8, 12], "texture": "#0"},
				"down": {"uv": [0, 3, 8, 10], "texture": "#0"}
			}
		},
		{
			"from": [4, 4, 15],
			"to": [12, 5, 16],
			"rotation": {"angle": 0, "axis": "y", "origin": [12, 7, 16]},
			"faces": {
				"north": {"uv": [0, 0, 8, 1], "texture": "#1"},
				"east": {"uv": [0, 0, 1, 1], "texture": "#1"},
				"south": {"uv": [0, 0, 8, 1], "texture": "#1"},
				"west": {"uv": [0, 0, 1, 1], "texture": "#1"},
				"up": {"uv": [0, 0, 8, 1], "texture": "#1"},
				"down": {"uv": [0, 0, 8, 1], "texture": "#1"}
			}
		},
		{
			"from": [4, 4, 5],
			"to": [5, 5, 16],
			"rotation": {"angle": 0, "axis": "y", "origin": [12, 8, 8]},
			"faces": {
				"north": {"uv": [0, 0, 1, 1], "texture": "#1"},
				"east": {"uv": [0, 0, 11, 1], "texture": "#1"},
				"south": {"uv": [0, 0, 1, 1], "texture": "#1"},
				"west": {"uv": [0, 0, 11, 1], "texture": "#1"},
				"up": {"uv": [0, 0, 1, 11], "texture": "#1"},
				"down": {"uv": [0, 0, 1, 11], "texture": "#1"}
			}
		},
		{
			"from": [5, 5, 5],
			"to": [11, 6, 8],
			"rotation": {"angle": 0, "axis": "y", "origin": [13, 9, 8]},
			"faces": {
				"north": {"uv": [0, 0, 6, 1], "texture": "#1"},
				"east": {"uv": [0, 0, 3, 1], "texture": "#1"},
				"south": {"uv": [0, 0, 6, 1], "texture": "#1"},
				"west": {"uv": [0, 0, 3, 1], "texture": "#1"},
				"up": {"uv": [0, 0, 6, 3], "texture": "#1"},
				"down": {"uv": [0, 0, 6, 3], "texture": "#1"}
			}
		},
		{
			"from": [11, 4, 5],
			"to": [12, 5, 16],
			"rotation": {"angle": 0, "axis": "y", "origin": [12, 8, 8]},
			"faces": {
				"north": {"uv": [0, 0, 1, 1], "texture": "#1"},
				"east": {"uv": [0, 0, 11, 1], "texture": "#1"},
				"south": {"uv": [0, 0, 1, 1], "texture": "#1"},
				"west": {"uv": [0, 0, 11, 1], "texture": "#1"},
				"up": {"uv": [0, 0, 1, 11], "texture": "#1"},
				"down": {"uv": [0, 0, 1, 11], "texture": "#1"}
			}
		}
	],
	"display": {
		"thirdperson_righthand": {
			"rotation": [13, -180, 52],
			"translation": [2.75, 1, 0]
		},
		"thirdperson_lefthand": {
			"rotation": [13, -180, 52],
			"translation": [2.5, 0.5, 0]
		},
		"firstperson_righthand": {
			"rotation": [0, 26, 0],
			"translation": [0, 2.75, -3.5]
		},
		"firstperson_lefthand": {
			"rotation": [0, 24, 0],
			"translation": [0, 2.25, -2.5]
		},
		"ground": {
			"translation": [0, 1.5, 0],
			"scale": [0.9, 0.9, 0.9]
		},
		"gui": {
			"rotation": [25, 135, 0],
			"translation": [-1.75, 0, 0]
		},
		"head": {
			"translation": [0, 5.75, -7.75],
			"scale": [1.8, 1.8, 1.8]
		},
		"fixed": {
			"rotation": [-90, 0, 0],
			"translation": [0, -3.75, -5.5],
			"scale": [1.4, 1.4, 1.4]
		}
	}
}