{
	"credit": "Made with Blockbench",
	"textures": {
		"1": "./black",
		"particle": "./black"
	},
	"elements": [
		{
			"from": [4, 1.9, 4],
			"to": [12, 5.9, 12],
			"faces": {
				"north": {"uv": [11, 4, 13, 6], "texture": "#1"},
				"east": {"uv": [11, 4, 13, 6], "texture": "#1"},
				"south": {"uv": [11, 4, 13, 6], "texture": "#1"},
				"west": {"uv": [11, 4, 13, 6], "texture": "#1"},
				"up": {"uv": [10, 0, 12, 2], "texture": "#1"},
				"down": {"uv": [0, 7, 4, 11], "texture": "#1"}
			}
		},
		{
			"from": [1, 1.9, 4],
			"to": [15, 2.15, 12],
			"faces": {
				"north": {"uv": [5, 6, 9, 10], "texture": "#1"},
				"east": {"uv": [0, 5, 4, 9], "texture": "#1"},
				"south": {"uv": [0, 5, 4, 9], "texture": "#1"},
				"west": {"uv": [1, 4, 5, 8], "texture": "#1"},
				"up": {"uv": [7.75, 12, 11.75, 16], "texture": "#1"},
				"down": {"uv": [7, 10, 11, 6], "texture": "#1"}
			}
		},
		{
			"from": [2, 1.9, 2],
			"to": [14, 2.15, 14],
			"faces": {
				"north": {"uv": [5, 6, 9, 10], "texture": "#1"},
				"east": {"uv": [0, 5, 4, 9], "texture": "#1"},
				"south": {"uv": [0, 5, 4, 9], "texture": "#1"},
				"west": {"uv": [1, 4, 5, 8], "texture": "#1"},
				"up": {"uv": [7.75, 12, 11.75, 16], "texture": "#1"},
				"down": {"uv": [7, 10, 11, 6], "texture": "#1"}
			}
		},
		{
			"from": [4, 1.9, 1],
			"to": [12, 2.15, 15],
			"faces": {
				"north": {"uv": [5, 6, 9, 10], "texture": "#1"},
				"east": {"uv": [0, 5, 4, 9], "texture": "#1"},
				"south": {"uv": [0, 5, 4, 9], "texture": "#1"},
				"west": {"uv": [1, 4, 5, 8], "texture": "#1"},
				"up": {"uv": [7.75, 12, 11.75, 16], "texture": "#1"},
				"down": {"uv": [7, 10, 11, 6], "texture": "#1"}
			}
		}
	],
	"display": {
		"thirdperson_righthand": {
			"rotation": [-10, 128, 15],
			"translation": [0, 2.5, -1.5],
			"scale": [0.48, 0.49, 0.49]
		},
		"thirdperson_lefthand": {
			"rotation": [-10, 128, 15],
			"translation": [0, 2.5, -1.5],
			"scale": [0.48, 0.49, 0.49]
		},
		"firstperson_righthand": {
			"rotation": [-10, 128, 15],
			"translation": [1.5, 2.5, -1.5],
			"scale": [0.48, 0.49, 0.49]
		},
		"firstperson_lefthand": {
			"rotation": [-10, 128, 15],
			"translation": [1.5, 2.5, -1.5],
			"scale": [0.48, 0.49, 0.49]
		},
		"ground": {
			"scale": [0.47, 0.46, 0.45]
		},
		"gui": {
			"rotation": [45, 133, 0],
			"translation": [0, 3.5, 0],
			"scale": [0.83, 0.83, 0.83]
		},
		"head": {
			"translation": [0, 11, 0],
			"scale": [1.7, 1.7, 1.7]
		},
		"fixed": {
			"rotation": [-90, 0, 0],
			"translation": [0, 0, -11.75],
			"scale": [1.76, 1.76, 1.76]
		}
	}
}