{
    "credit": "Made with Mr_JSPA", 
    "textures": {
        "main": "./trubkadlacurenia"
    }, 
    "elements": [
        {
            "from": [ 7, 8, 4.75 ], 
            "to":   [ 8, 9, 6 ], 
            "rotation": { "angle": 0, "axis": "y", "origin": [15, 16, 13] }, 
            "faces": {
                "north": { "uv": [ 3.75, 3.75, 4, 4 ], "texture": "#main" }, 
                "east":  { "uv": [ 3.5, 3.75, 3.8125, 4 ], "texture": "#main" }, 
                "south": { "uv": [ 3.75, 3.75, 4, 4 ], "texture": "#main" }, 
                "west":  { "uv": [ 3.5, 3.75, 3.8125, 4 ], "texture": "#main" }, 
                "up":    { "uv": [ 3.75, 3.5, 4, 3.8125 ], "texture": "#main" }, 
                "down":  { "uv": [ 3.75, 3.5, 4, 3.8125 ], "texture": "#main" }
            }
        }, 
        {
            "from": [ 7, 8, 1.75 ], 
            "to":   [ 8, 11, 2.75 ], 
            "rotation": { "angle": -22.5, "axis": "x", "origin": [15, 18, 9.75] }, 
            "faces": {
                "north": { "uv": [ 3.75, 3.25, 4, 4 ], "texture": "#main" }, 
                "east":  { "uv": [ 3.75, 3.25, 4, 4 ], "texture": "#main" }, 
                "south": { "uv": [ 3.75, 3.25, 4, 4 ], "texture": "#main" }, 
                "west":  { "uv": [ 3.75, 3.25, 4, 4 ], "texture": "#main" }, 
                "up":    { "uv": [ 3.75, 3.75, 4, 4 ], "texture": "#main" }, 
                "down":  { "uv": [ 3.75, 3.75, 4, 4 ], "texture": "#main" }
            }
        }, 
        {
            "from": [ 6.5, 5, 1.25 ], 
            "to":   [ 8.5, 8, 3.25 ], 
            "rotation": { "angle": -22.5, "axis": "x", "origin": [14.5, 18, 9.25] }, 
            "faces": {
                "north": { "uv": [ 3.5, 0, 4, 0.75 ], "texture": "#main" }, 
                "east":  { "uv": [ 3.5, 0, 4, 0.75 ], "texture": "#main" }, 
                "south": { "uv": [ 3.5, 0, 4, 0.75 ], "texture": "#main" }, 
                "west":  { "uv": [ 3.5, 0, 4, 0.75 ], "texture": "#main" }, 
                "up":    { "uv": [ 3.5, 0, 4, 0.5 ], "texture": "#main" }, 
                "down":  { "uv": [ 0, 0, 0.5, 0.5 ], "texture": "#main" }
            }
        }, 
        {
            "from": [ 6.5, 3, 6.75 ], 
            "to":   [ 8.5, 5, 10.75 ], 
            "rotation": { "angle": 0, "axis": "x", "origin": [14.5, 16, 14.75] }, 
            "faces": {
                "north": { "uv": [ 3.5, 0, 4, 0.5 ], "texture": "#main" }, 
                "east":  { "uv": [ 3, 0, 4, 0.5 ], "texture": "#main" }, 
                "south": { "uv": [ 0.5, 0, 1, 0.5 ], "texture": "#main" }, 
                "west":  { "uv": [ 3, 2.75, 4, 3.25 ], "texture": "#main" }, 
                "up":    { "uv": [ 0, 0, 0.5, 1 ], "texture": "#main" }, 
                "down":  { "uv": [ 3.5, 2.75, 4, 3.75 ], "texture": "#main" }
            }
        }, 
        {
            "from": [ 6.5, 5, 8.75 ], 
            "to":   [ 8.5, 6, 10.75 ], 
            "rotation": { "angle": 0, "axis": "x", "origin": [14.5, 18, 14.75] }, 
            "faces": {
                "north": { "uv": [ 0, 0, 0.5, 0.25 ], "texture": "#main" }, 
                "east":  { "uv": [ 0, 0, 0.5, 0.25 ], "texture": "#main" }, 
                "south": { "uv": [ 0, 0, 0.5, 0.25 ], "texture": "#main" }, 
                "west":  { "uv": [ 0, 0, 0.5, 0.25 ], "texture": "#main" }, 
                "up":    { "uv": [ 0, 3, 1, 4 ], "texture": "#main" }, 
                "down":  { "uv": [ 0, 0, 0.5, 0.5 ], "texture": "#main" }
            }
        }, 
        {
            "from": [ 7.5, 6, 9.25 ], 
            "to":   [ 7.5, 9, 10.25 ], 
            "faces": {
                "north": { "uv": [ 4, 1.25, 4, 2 ], "texture": "#main" }, 
                "east":  { "uv": [ 3.5, 1.25, 3.75, 2 ], "texture": "#main" }, 
                "south": { "uv": [ 3.75, 1.25, 3.75, 2 ], "texture": "#main" }, 
                "west":  { "uv": [ 3.75, 1.25, 4, 2 ], "texture": "#main" }, 
                "up":    { "uv": [ 3.75, 1.5, 3.75, 1.75 ], "texture": "#main" }, 
                "down":  { "uv": [ 3.5, 1.5, 3.5, 1.75 ], "texture": "#main" }
            }
        }, 
        {
            "from": [ 7.5, 9, 10.25 ], 
            "to":   [ 7.5, 12, 11.25 ], 
            "faces": {
                "north": { "uv": [ 4, 1.25, 4, 2 ], "texture": "#main" }, 
                "east":  { "uv": [ 3.5, 1.25, 3.75, 2 ], "texture": "#main" }, 
                "south": { "uv": [ 3.75, 1.25, 3.75, 2 ], "texture": "#main" }, 
                "west":  { "uv": [ 3.75, 1.25, 4, 2 ], "texture": "#main" }, 
                "up":    { "uv": [ 3.75, 1.5, 3.75, 1.75 ], "texture": "#main" }, 
                "down":  { "uv": [ 3.5, 1.5, 3.5, 1.75 ], "texture": "#main" }
            }
        }, 
        {
            "from": [ 7.5, 12, 9.25 ], 
            "to":   [ 7.5, 14, 10.25 ], 
            "faces": {
                "north": { "uv": [ 4, 1.25, 4, 1.75 ], "texture": "#main" }, 
                "east":  { "uv": [ 3.5, 1.25, 3.75, 1.75 ], "texture": "#main" }, 
                "south": { "uv": [ 3.75, 1.25, 3.75, 1.75 ], "texture": "#main" }, 
                "west":  { "uv": [ 3.75, 1.25, 4, 1.75 ], "texture": "#main" }, 
                "up":    { "uv": [ 3.75, 1.5, 3.75, 1.75 ], "texture": "#main" }, 
                "down":  { "uv": [ 3.5, 1.5, 3.5, 1.75 ], "texture": "#main" }
            }
        }, 
        {
            "from": [ 7, 8, 4.75 ], 
            "to":   [ 8, 9, 6 ], 
            "rotation": { "angle": 0, "axis": "y", "origin": [15, 16, 13] }, 
            "faces": {
                "north": { "uv": [ 7.75, 3.75, 8, 4 ], "texture": "#main" }, 
                "east":  { "uv": [ 7.5, 3.75, 7.8125, 4 ], "texture": "#main" }, 
                "south": { "uv": [ 7.75, 3.75, 8, 4 ], "texture": "#main" }, 
                "west":  { "uv": [ 7.5, 3.75, 7.8125, 4 ], "texture": "#main" }, 
                "up":    { "uv": [ 7.75, 3.5, 8, 3.8125 ], "texture": "#main" }, 
                "down":  { "uv": [ 7.75, 3.5, 8, 3.8125 ], "texture": "#main" }
            }
        }, 
        {
            "from": [ 7, 8, 1.75 ], 
            "to":   [ 8, 11, 2.75 ], 
            "rotation": { "angle": -22.5, "axis": "x", "origin": [15, 18, 9.75] }, 
            "faces": {
                "north": { "uv": [ 7.75, 3.25, 8, 4 ], "texture": "#main" }, 
                "east":  { "uv": [ 7.75, 3.25, 8, 4 ], "texture": "#main" }, 
                "south": { "uv": [ 7.75, 3.25, 8, 4 ], "texture": "#main" }, 
                "west":  { "uv": [ 7.75, 3.25, 8, 4 ], "texture": "#main" }, 
                "up":    { "uv": [ 7.75, 3.75, 8, 4 ], "texture": "#main" }, 
                "down":  { "uv": [ 7.75, 3.75, 8, 4 ], "texture": "#main" }
            }
        }, 
        {
            "from": [ 6.5, 5, 1.25 ], 
            "to":   [ 8.5, 8, 3.25 ], 
            "rotation": { "angle": -22.5, "axis": "x", "origin": [14.5, 18, 9.25] }, 
            "faces": {
                "north": { "uv": [ 7.5, 0, 8, 0.75 ], "texture": "#main" }, 
                "east":  { "uv": [ 7.5, 0, 8, 0.75 ], "texture": "#main" }, 
                "south": { "uv": [ 7.5, 0, 8, 0.75 ], "texture": "#main" }, 
                "west":  { "uv": [ 7.5, 0, 8, 0.75 ], "texture": "#main" }, 
                "up":    { "uv": [ 7.5, 0, 8, 0.5 ], "texture": "#main" }, 
                "down":  { "uv": [ 4, 0, 4.5, 0.5 ], "texture": "#main" }
            }
        }, 
        {
            "from": [ 6.5, 3, 6.75 ], 
            "to":   [ 8.5, 5, 10.75 ], 
            "rotation": { "angle": 0, "axis": "x", "origin": [14.5, 16, 14.75] }, 
            "faces": {
                "north": { "uv": [ 7.5, 0, 8, 0.5 ], "texture": "#main" }, 
                "east":  { "uv": [ 7, 0, 8, 0.5 ], "texture": "#main" }, 
                "south": { "uv": [ 4.5, 0, 5, 0.5 ], "texture": "#main" }, 
                "west":  { "uv": [ 7, 2.75, 8, 3.25 ], "texture": "#main" }, 
                "up":    { "uv": [ 4, 0, 4.5, 1 ], "texture": "#main" }, 
                "down":  { "uv": [ 7.5, 2.75, 8, 3.75 ], "texture": "#main" }
            }
        }, 
        {
            "from": [ 6.5, 5, 8.75 ], 
            "to":   [ 8.5, 6, 10.75 ], 
            "rotation": { "angle": 0, "axis": "x", "origin": [14.5, 18, 14.75] }, 
            "faces": {
                "north": { "uv": [ 4, 0, 4.5, 0.25 ], "texture": "#main" }, 
                "east":  { "uv": [ 4, 0, 4.5, 0.25 ], "texture": "#main" }, 
                "south": { "uv": [ 4, 0, 4.5, 0.25 ], "texture": "#main" }, 
                "west":  { "uv": [ 4, 0, 4.5, 0.25 ], "texture": "#main" }, 
                "up":    { "uv": [ 4, 3, 5, 4 ], "texture": "#main" }, 
                "down":  { "uv": [ 4, 0, 4.5, 0.5 ], "texture": "#main" }
            }
        }, 
        {
            "from": [ 7.5, 10, 9.25 ], 
            "to":   [ 7.5, 13, 10.25 ], 
            "faces": {
                "north": { "uv": [ 8, 1.25, 8, 2 ], "texture": "#main" }, 
                "east":  { "uv": [ 7.5, 1.25, 7.75, 2 ], "texture": "#main" }, 
                "south": { "uv": [ 7.75, 1.25, 7.75, 2 ], "texture": "#main" }, 
                "west":  { "uv": [ 7.75, 1.25, 8, 2 ], "texture": "#main" }, 
                "up":    { "uv": [ 7.75, 1.5, 7.75, 1.75 ], "texture": "#main" }, 
                "down":  { "uv": [ 7.5, 1.5, 7.5, 1.75 ], "texture": "#main" }
            }
        }, 
        {
            "from": [ 7.5, 8, 8.25 ], 
            "to":   [ 7.5, 11, 9.25 ], 
            "faces": {
                "north": { "uv": [ 8, 1.25, 8, 2 ], "texture": "#main" }, 
                "east":  { "uv": [ 7.5, 1.25, 7.75, 2 ], "texture": "#main" }, 
                "south": { "uv": [ 7.75, 1.25, 7.75, 2 ], "texture": "#main" }, 
                "west":  { "uv": [ 7.75, 1.25, 8, 2 ], "texture": "#main" }, 
                "up":    { "uv": [ 7.75, 1.5, 7.75, 1.75 ], "texture": "#main" }, 
                "down":  { "uv": [ 7.5, 1.5, 7.5, 1.75 ], "texture": "#main" }
            }
        }, 
        {
            "from": [ 7.5, 6, 9.25 ], 
            "to":   [ 7.5, 8, 10.25 ], 
            "faces": {
                "north": { "uv": [ 8, 1.25, 8, 1.75 ], "texture": "#main" }, 
                "east":  { "uv": [ 7.5, 1.25, 7.75, 1.75 ], "texture": "#main" }, 
                "south": { "uv": [ 7.75, 1.25, 7.75, 1.75 ], "texture": "#main" }, 
                "west":  { "uv": [ 7.75, 1.25, 8, 1.75 ], "texture": "#main" }, 
                "up":    { "uv": [ 7.75, 1.5, 7.75, 1.75 ], "texture": "#main" }, 
                "down":  { "uv": [ 7.5, 1.5, 7.5, 1.75 ], "texture": "#main" }
            }
        }, 
        {
            "from": [ 7, 8, 4.75 ], 
            "to":   [ 8, 9, 6 ], 
            "rotation": { "angle": 0, "axis": "y", "origin": [15, 16, 13] }, 
            "faces": {
                "north": { "uv": [ 11.75, 3.75, 12, 4 ], "texture": "#main" }, 
                "east":  { "uv": [ 11.5, 3.75, 11.8125, 4 ], "texture": "#main" }, 
                "south": { "uv": [ 11.75, 3.75, 12, 4 ], "texture": "#main" }, 
                "west":  { "uv": [ 11.5, 3.75, 11.8125, 4 ], "texture": "#main" }, 
                "up":    { "uv": [ 11.75, 3.5, 12, 3.8125 ], "texture": "#main" }, 
                "down":  { "uv": [ 11.75, 3.5, 12, 3.8125 ], "texture": "#main" }
            }
        }, 
        {
            "from": [ 7, 8, 1.75 ], 
            "to":   [ 8, 11, 2.75 ], 
            "rotation": { "angle": -22.5, "axis": "x", "origin": [15, 18, 9.75] }, 
            "faces": {
                "north": { "uv": [ 11.75, 3.25, 12, 4 ], "texture": "#main" }, 
                "east":  { "uv": [ 11.75, 3.25, 12, 4 ], "texture": "#main" }, 
                "south": { "uv": [ 11.75, 3.25, 12, 4 ], "texture": "#main" }, 
                "west":  { "uv": [ 11.75, 3.25, 12, 4 ], "texture": "#main" }, 
                "up":    { "uv": [ 11.75, 3.75, 12, 4 ], "texture": "#main" }, 
                "down":  { "uv": [ 11.75, 3.75, 12, 4 ], "texture": "#main" }
            }
        }, 
        {
            "from": [ 6.5, 5, 1.25 ], 
            "to":   [ 8.5, 8, 3.25 ], 
            "rotation": { "angle": -22.5, "axis": "x", "origin": [14.5, 18, 9.25] }, 
            "faces": {
                "north": { "uv": [ 11.5, 0, 12, 0.75 ], "texture": "#main" }, 
                "east":  { "uv": [ 11.5, 0, 12, 0.75 ], "texture": "#main" }, 
                "south": { "uv": [ 11.5, 0, 12, 0.75 ], "texture": "#main" }, 
                "west":  { "uv": [ 11.5, 0, 12, 0.75 ], "texture": "#main" }, 
                "up":    { "uv": [ 11.5, 0, 12, 0.5 ], "texture": "#main" }, 
                "down":  { "uv": [ 8, 0, 8.5, 0.5 ], "texture": "#main" }
            }
        }, 
        {
            "from": [ 6.5, 3, 6.75 ], 
            "to":   [ 8.5, 5, 10.75 ], 
            "rotation": { "angle": 0, "axis": "x", "origin": [14.5, 16, 14.75] }, 
            "faces": {
                "north": { "uv": [ 11.5, 0, 12, 0.5 ], "texture": "#main" }, 
                "east":  { "uv": [ 11, 0, 12, 0.5 ], "texture": "#main" }, 
                "south": { "uv": [ 8.5, 0, 9, 0.5 ], "texture": "#main" }, 
                "west":  { "uv": [ 11, 2.75, 12, 3.25 ], "texture": "#main" }, 
                "up":    { "uv": [ 8, 0, 8.5, 1 ], "texture": "#main" }, 
                "down":  { "uv": [ 11.5, 2.75, 12, 3.75 ], "texture": "#main" }
            }
        }, 
        {
            "from": [ 6.5, 5, 8.75 ], 
            "to":   [ 8.5, 6, 10.75 ], 
            "rotation": { "angle": 0, "axis": "x", "origin": [14.5, 18, 14.75] }, 
            "faces": {
                "north": { "uv": [ 8, 0, 8.5, 0.25 ], "texture": "#main" }, 
                "east":  { "uv": [ 8, 0, 8.5, 0.25 ], "texture": "#main" }, 
                "south": { "uv": [ 8, 0, 8.5, 0.25 ], "texture": "#main" }, 
                "west":  { "uv": [ 8, 0, 8.5, 0.25 ], "texture": "#main" }, 
                "up":    { "uv": [ 8, 3, 9, 4 ], "texture": "#main" }, 
                "down":  { "uv": [ 8, 0, 8.5, 0.5 ], "texture": "#main" }
            }
        }, 
        {
            "from": [ 7.5, 10, 9.25 ], 
            "to":   [ 7.5, 13, 10.25 ], 
            "faces": {
                "north": { "uv": [ 12, 1.25, 12, 2 ], "texture": "#main" }, 
                "east":  { "uv": [ 11.5, 1.25, 11.75, 2 ], "texture": "#main" }, 
                "south": { "uv": [ 11.75, 1.25, 11.75, 2 ], "texture": "#main" }, 
                "west":  { "uv": [ 11.75, 1.25, 12, 2 ], "texture": "#main" }, 
                "up":    { "uv": [ 11.75, 1.5, 11.75, 1.75 ], "texture": "#main" }, 
                "down":  { "uv": [ 11.5, 1.5, 11.5, 1.75 ], "texture": "#main" }
            }
        }, 
        {
            "from": [ 7.5, 8, 10.25 ], 
            "to":   [ 7.5, 11, 11.25 ], 
            "faces": {
                "north": { "uv": [ 12, 1.25, 12, 2 ], "texture": "#main" }, 
                "east":  { "uv": [ 11.5, 1.25, 11.75, 2 ], "texture": "#main" }, 
                "south": { "uv": [ 11.75, 1.25, 11.75, 2 ], "texture": "#main" }, 
                "west":  { "uv": [ 11.75, 1.25, 12, 2 ], "texture": "#main" }, 
                "up":    { "uv": [ 11.75, 1.5, 11.75, 1.75 ], "texture": "#main" }, 
                "down":  { "uv": [ 11.5, 1.5, 11.5, 1.75 ], "texture": "#main" }
            }
        }, 
        {
            "from": [ 7.5, 6, 9.25 ], 
            "to":   [ 7.5, 8, 10.25 ], 
            "faces": {
                "north": { "uv": [ 12, 1.25, 12, 1.75 ], "texture": "#main" }, 
                "east":  { "uv": [ 11.5, 1.25, 11.75, 1.75 ], "texture": "#main" }, 
                "south": { "uv": [ 11.75, 1.25, 11.75, 1.75 ], "texture": "#main" }, 
                "west":  { "uv": [ 11.75, 1.25, 12, 1.75 ], "texture": "#main" }, 
                "up":    { "uv": [ 11.75, 1.5, 11.75, 1.75 ], "texture": "#main" }, 
                "down":  { "uv": [ 11.5, 1.5, 11.5, 1.75 ], "texture": "#main" }
            }
        }, 
        {
            "from": [ 7, 8, 4.75 ], 
            "to":   [ 8, 9, 6 ], 
            "rotation": { "angle": 0, "axis": "y", "origin": [15, 16, 13] }, 
            "faces": {
                "north": { "uv": [ 15.75, 3.75, 16, 4 ], "texture": "#main" }, 
                "east":  { "uv": [ 15.5, 3.75, 15.8125, 4 ], "texture": "#main" }, 
                "south": { "uv": [ 15.75, 3.75, 16, 4 ], "texture": "#main" }, 
                "west":  { "uv": [ 15.5, 3.75, 15.8125, 4 ], "texture": "#main" }, 
                "up":    { "uv": [ 15.75, 3.5, 16, 3.8125 ], "texture": "#main" }, 
                "down":  { "uv": [ 15.75, 3.5, 16, 3.8125 ], "texture": "#main" }
            }
        }, 
        {
            "from": [ 7, 8, 1.75 ], 
            "to":   [ 8, 11, 2.75 ], 
            "rotation": { "angle": -22.5, "axis": "x", "origin": [15, 18, 9.75] }, 
            "faces": {
                "north": { "uv": [ 15.75, 3.25, 16, 4 ], "texture": "#main" }, 
                "east":  { "uv": [ 15.75, 3.25, 16, 4 ], "texture": "#main" }, 
                "south": { "uv": [ 15.75, 3.25, 16, 4 ], "texture": "#main" }, 
                "west":  { "uv": [ 15.75, 3.25, 16, 4 ], "texture": "#main" }, 
                "up":    { "uv": [ 15.75, 3.75, 16, 4 ], "texture": "#main" }, 
                "down":  { "uv": [ 15.75, 3.75, 16, 4 ], "texture": "#main" }
            }
        }, 
        {
            "from": [ 6.5, 5, 1.25 ], 
            "to":   [ 8.5, 8, 3.25 ], 
            "rotation": { "angle": -22.5, "axis": "x", "origin": [14.5, 18, 9.25] }, 
            "faces": {
                "north": { "uv": [ 15.5, 0, 16, 0.75 ], "texture": "#main" }, 
                "east":  { "uv": [ 15.5, 0, 16, 0.75 ], "texture": "#main" }, 
                "south": { "uv": [ 15.5, 0, 16, 0.75 ], "texture": "#main" }, 
                "west":  { "uv": [ 15.5, 0, 16, 0.75 ], "texture": "#main" }, 
                "up":    { "uv": [ 15.5, 0, 16, 0.5 ], "texture": "#main" }, 
                "down":  { "uv": [ 12, 0, 12.5, 0.5 ], "texture": "#main" }
            }
        }, 
        {
            "from": [ 6.5, 3, 6.75 ], 
            "to":   [ 8.5, 5, 10.75 ], 
            "rotation": { "angle": 0, "axis": "x", "origin": [14.5, 16, 14.75] }, 
            "faces": {
                "north": { "uv": [ 15.5, 0, 16, 0.5 ], "texture": "#main" }, 
                "east":  { "uv": [ 15, 0, 16, 0.5 ], "texture": "#main" }, 
                "south": { "uv": [ 12.5, 0, 13, 0.5 ], "texture": "#main" }, 
                "west":  { "uv": [ 15, 2.75, 16, 3.25 ], "texture": "#main" }, 
                "up":    { "uv": [ 12, 0, 12.5, 1 ], "texture": "#main" }, 
                "down":  { "uv": [ 15.5, 2.75, 16, 3.75 ], "texture": "#main" }
            }
        }, 
        {
            "from": [ 6.5, 5, 8.75 ], 
            "to":   [ 8.5, 6, 10.75 ], 
            "rotation": { "angle": 0, "axis": "x", "origin": [14.5, 18, 14.75] }, 
            "faces": {
                "north": { "uv": [ 12, 0, 12.5, 0.25 ], "texture": "#main" }, 
                "east":  { "uv": [ 12, 0, 12.5, 0.25 ], "texture": "#main" }, 
                "south": { "uv": [ 12, 0, 12.5, 0.25 ], "texture": "#main" }, 
                "west":  { "uv": [ 12, 0, 12.5, 0.25 ], "texture": "#main" }, 
                "up":    { "uv": [ 12, 3, 13, 4 ], "texture": "#main" }, 
                "down":  { "uv": [ 12, 0, 12.5, 0.5 ], "texture": "#main" }
            }
        }, 
        {
            "from": [ 7.5, 10, 9.25 ], 
            "to":   [ 7.5, 13, 10.25 ], 
            "faces": {
                "north": { "uv": [ 16, 1.25, 16, 2 ], "texture": "#main" }, 
                "east":  { "uv": [ 15.5, 1.25, 15.75, 2 ], "texture": "#main" }, 
                "south": { "uv": [ 15.75, 1.25, 15.75, 2 ], "texture": "#main" }, 
                "west":  { "uv": [ 15.75, 1.25, 16, 2 ], "texture": "#main" }, 
                "up":    { "uv": [ 15.75, 1.5, 15.75, 1.75 ], "texture": "#main" }, 
                "down":  { "uv": [ 15.5, 1.5, 15.5, 1.75 ], "texture": "#main" }
            }
        }, 
        {
            "from": [ 7.5, 6, 9.25 ], 
            "to":   [ 7.5, 9, 10.25 ], 
            "faces": {
                "north": { "uv": [ 16, 1.25, 16, 2 ], "texture": "#main" }, 
                "east":  { "uv": [ 15.5, 1.25, 15.75, 2 ], "texture": "#main" }, 
                "south": { "uv": [ 15.75, 1.25, 15.75, 2 ], "texture": "#main" }, 
                "west":  { "uv": [ 15.75, 1.25, 16, 2 ], "texture": "#main" }, 
                "up":    { "uv": [ 15.75, 1.5, 15.75, 1.75 ], "texture": "#main" }, 
                "down":  { "uv": [ 15.5, 1.5, 15.5, 1.75 ], "texture": "#main" }
            }
        }, 
        {
            "from": [ 7.5, 8, 10.25 ], 
            "to":   [ 7.5, 10, 11.25 ], 
            "faces": {
                "north": { "uv": [ 16, 1.25, 16, 1.75 ], "texture": "#main" }, 
                "east":  { "uv": [ 15.5, 1.25, 15.75, 1.75 ], "texture": "#main" }, 
                "south": { "uv": [ 15.75, 1.25, 15.75, 1.75 ], "texture": "#main" }, 
                "west":  { "uv": [ 15.75, 1.25, 16, 1.75 ], "texture": "#main" }, 
                "up":    { "uv": [ 15.75, 1.5, 15.75, 1.75 ], "texture": "#main" }, 
                "down":  { "uv": [ 15.5, 1.5, 15.5, 1.75 ], "texture": "#main" }
            }
        }, 
        {
            "from": [ 7, 8, 4.75 ], 
            "to":   [ 8, 9, 6 ], 
            "rotation": { "angle": 0, "axis": "y", "origin": [15, 16, 13] }, 
            "faces": {
                "north": { "uv": [ 3.75, 7.75, 4, 8 ], "texture": "#main" }, 
                "east":  { "uv": [ 3.5, 7.75, 3.8125, 8 ], "texture": "#main" }, 
                "south": { "uv": [ 3.75, 7.75, 4, 8 ], "texture": "#main" }, 
                "west":  { "uv": [ 3.5, 7.75, 3.8125, 8 ], "texture": "#main" }, 
                "up":    { "uv": [ 3.75, 7.5, 4, 7.8125 ], "texture": "#main" }, 
                "down":  { "uv": [ 3.75, 7.5, 4, 7.8125 ], "texture": "#main" }
            }
        }, 
        {
            "from": [ 7, 8, 1.75 ], 
            "to":   [ 8, 11, 2.75 ], 
            "rotation": { "angle": -22.5, "axis": "x", "origin": [15, 18, 9.75] }, 
            "faces": {
                "north": { "uv": [ 3.75, 7.25, 4, 8 ], "texture": "#main" }, 
                "east":  { "uv": [ 3.75, 7.25, 4, 8 ], "texture": "#main" }, 
                "south": { "uv": [ 3.75, 7.25, 4, 8 ], "texture": "#main" }, 
                "west":  { "uv": [ 3.75, 7.25, 4, 8 ], "texture": "#main" }, 
                "up":    { "uv": [ 3.75, 7.75, 4, 8 ], "texture": "#main" }, 
                "down":  { "uv": [ 3.75, 7.75, 4, 8 ], "texture": "#main" }
            }
        }, 
        {
            "from": [ 6.5, 5, 1.25 ], 
            "to":   [ 8.5, 8, 3.25 ], 
            "rotation": { "angle": -22.5, "axis": "x", "origin": [14.5, 18, 9.25] }, 
            "faces": {
                "north": { "uv": [ 3.5, 4, 4, 4.75 ], "texture": "#main" }, 
                "east":  { "uv": [ 3.5, 4, 4, 4.75 ], "texture": "#main" }, 
                "south": { "uv": [ 3.5, 4, 4, 4.75 ], "texture": "#main" }, 
                "west":  { "uv": [ 3.5, 4, 4, 4.75 ], "texture": "#main" }, 
                "up":    { "uv": [ 3.5, 4, 4, 4.5 ], "texture": "#main" }, 
                "down":  { "uv": [ 0, 4, 0.5, 4.5 ], "texture": "#main" }
            }
        }, 
        {
            "from": [ 6.5, 3, 6.75 ], 
            "to":   [ 8.5, 5, 10.75 ], 
            "rotation": { "angle": 0, "axis": "x", "origin": [14.5, 16, 14.75] }, 
            "faces": {
                "north": { "uv": [ 3.5, 4, 4, 4.5 ], "texture": "#main" }, 
                "east":  { "uv": [ 3, 4, 4, 4.5 ], "texture": "#main" }, 
                "south": { "uv": [ 0.5, 4, 1, 4.5 ], "texture": "#main" }, 
                "west":  { "uv": [ 3, 6.75, 4, 7.25 ], "texture": "#main" }, 
                "up":    { "uv": [ 0, 4, 0.5, 5 ], "texture": "#main" }, 
                "down":  { "uv": [ 3.5, 6.75, 4, 7.75 ], "texture": "#main" }
            }
        }, 
        {
            "from": [ 6.5, 5, 8.75 ], 
            "to":   [ 8.5, 6, 10.75 ], 
            "rotation": { "angle": 0, "axis": "x", "origin": [14.5, 18, 14.75] }, 
            "faces": {
                "north": { "uv": [ 0, 4, 0.5, 4.25 ], "texture": "#main" }, 
                "east":  { "uv": [ 0, 4, 0.5, 4.25 ], "texture": "#main" }, 
                "south": { "uv": [ 0, 4, 0.5, 4.25 ], "texture": "#main" }, 
                "west":  { "uv": [ 0, 4, 0.5, 4.25 ], "texture": "#main" }, 
                "up":    { "uv": [ 0, 7, 1, 8 ], "texture": "#main" }, 
                "down":  { "uv": [ 0, 4, 0.5, 4.5 ], "texture": "#main" }
            }
        }, 
        {
            "from": [ 7.5, 11, 9.25 ], 
            "to":   [ 7.5, 14, 10.25 ], 
            "faces": {
                "north": { "uv": [ 4, 5.25, 4, 6 ], "texture": "#main" }, 
                "east":  { "uv": [ 3.5, 5.25, 3.75, 6 ], "texture": "#main" }, 
                "south": { "uv": [ 3.75, 5.25, 3.75, 6 ], "texture": "#main" }, 
                "west":  { "uv": [ 3.75, 5.25, 4, 6 ], "texture": "#main" }, 
                "up":    { "uv": [ 3.75, 5.5, 3.75, 5.75 ], "texture": "#main" }, 
                "down":  { "uv": [ 3.5, 5.5, 3.5, 5.75 ], "texture": "#main" }
            }
        }, 
        {
            "from": [ 7.5, 6, 9.25 ], 
            "to":   [ 7.5, 9, 10.25 ], 
            "faces": {
                "north": { "uv": [ 4, 5.25, 4, 6 ], "texture": "#main" }, 
                "east":  { "uv": [ 3.5, 5.25, 3.75, 6 ], "texture": "#main" }, 
                "south": { "uv": [ 3.75, 5.25, 3.75, 6 ], "texture": "#main" }, 
                "west":  { "uv": [ 3.75, 5.25, 4, 6 ], "texture": "#main" }, 
                "up":    { "uv": [ 3.75, 5.5, 3.75, 5.75 ], "texture": "#main" }, 
                "down":  { "uv": [ 3.5, 5.5, 3.5, 5.75 ], "texture": "#main" }
            }
        }, 
        {
            "from": [ 7.5, 9, 10.25 ], 
            "to":   [ 7.5, 11, 11.25 ], 
            "faces": {
                "north": { "uv": [ 4, 5.25, 4, 5.75 ], "texture": "#main" }, 
                "east":  { "uv": [ 3.5, 5.25, 3.75, 5.75 ], "texture": "#main" }, 
                "south": { "uv": [ 3.75, 5.25, 3.75, 5.75 ], "texture": "#main" }, 
                "west":  { "uv": [ 3.75, 5.25, 4, 5.75 ], "texture": "#main" }, 
                "up":    { "uv": [ 3.75, 5.5, 3.75, 5.75 ], "texture": "#main" }, 
                "down":  { "uv": [ 3.5, 5.5, 3.5, 5.75 ], "texture": "#main" }
            }
        }
    ], 
    "display": {
        "thirdperson_righthand": {
            "rotation": [ 0, -180, 0 ], 
            "translation": [ -0.75, 0, -1.5 ]
        }, 
        "thirdperson_lefthand": {
            "rotation": [ 0, -180, 0 ], 
            "translation": [ -0.25, 0, -1.5 ]
        }, 
        "firstperson_righthand": {
            "rotation": [ 0, -180, 0 ], 
            "translation": [ 0, 4.75, 0 ]
        }, 
        "firstperson_lefthand": {
            "rotation": [ 0, -180, 0 ], 
            "translation": [ 0, 4.5, 0 ]
        }, 
        "ground": {
            "translation": [ 0, 2, 0 ]
        }, 
        "gui": {
            "rotation": [ 22, -65, 0 ], 
            "translation": [ 0, 2, 0 ]
        }, 
        "head": {
            "rotation": [ 0, -180, 0 ], 
            "translation": [ 0, -4.75, -9.75 ], 
            "scale": [ 1.15, 1.15, 1.15 ]
        }, 
        "fixed": {
            "rotation": [ 0, -90, 0 ], 
            "translation": [ 0, 4.25, -0.75 ], 
            "scale": [ 1.65, 1.65, 1.65 ]
        }
    }, 
    "__comment": "Model animated using Fizzy's model animator - http://fizzy81.github.io/animated-models/"
}