{
	"credit": "Made with Blockbench",
	"textures": {
		"0": "./bigbox",
		"particle": "./bigbox"
	},
	"elements": [
		{
			"from": [0, 0, 0],
			"to": [16, 16, 16],
			"faces": {
				"north": {"uv": [0, 14, 2, 16], "texture": "#0"},
				"east": {"uv": [0, 14, 2, 16], "texture": "#0"},
				"south": {"uv": [0, 14, 2, 16], "texture": "#0"},
				"west": {"uv": [0, 14, 2, 16], "texture": "#0"},
				"up": {"uv": [0, 14, 2, 16], "texture": "#0"},
				"down": {"uv": [0, 14, 2, 16], "texture": "#0"}
			}
		},
		{
			"from": [-0.5, 9, -0.5],
			"to": [16.5, 17, 16.5],
			"rotation": {"angle": 0, "axis": "y", "origin": [8, 17, 7]},
			"faces": {
				"north": {"uv": [14, 0, 16, 2], "texture": "#0"},
				"east": {"uv": [14, 0, 16, 2], "texture": "#0"},
				"south": {"uv": [14, 0, 16, 2], "texture": "#0"},
				"west": {"uv": [14, 0, 16, 2], "texture": "#0"},
				"up": {"uv": [14, 0, 16, 2], "texture": "#0"},
				"down": {"uv": [14, 0, 16, 2], "texture": "#0"}
			}
		},
		{
			"from": [15.5, 8, -0.5],
			"to": [16.5, 9, 16.5],
			"rotation": {"angle": 0, "axis": "y", "origin": [8, 16, 7]},
			"faces": {
				"north": {"uv": [15, 0, 16, 1], "texture": "#0"},
				"east": {"uv": [14, 0, 16, 1], "texture": "#0"},
				"south": {"uv": [15, 0, 16, 1], "texture": "#0"},
				"west": {"uv": [14, 0, 16, 1], "texture": "#0"},
				"up": {"uv": [15, 0, 16, 2], "texture": "#0"},
				"down": {"uv": [15, 0, 16, 2], "texture": "#0"}
			}
		},
		{
			"from": [-0.5, 8, -0.5],
			"to": [0.5, 9, 16.5],
			"rotation": {"angle": 0, "axis": "y", "origin": [-8, 16, 7]},
			"faces": {
				"north": {"uv": [15, 0, 16, 1], "texture": "#0"},
				"east": {"uv": [14, 0, 16, 1], "texture": "#0"},
				"south": {"uv": [15, 0, 16, 1], "texture": "#0"},
				"west": {"uv": [14, 0, 16, 1], "texture": "#0"},
				"up": {"uv": [15, 0, 16, 2], "texture": "#0"},
				"down": {"uv": [15, 0, 16, 2], "texture": "#0"}
			}
		},
		{
			"from": [0, 8, -0.5],
			"to": [16, 9, 0],
			"rotation": {"angle": 0, "axis": "y", "origin": [8, 9, 7]},
			"faces": {
				"north": {"uv": [15, 0, 16, 1], "texture": "#0"},
				"east": {"uv": [15, 0, 15.5, 1], "texture": "#0"},
				"south": {"uv": [15, 0, 16, 1], "texture": "#0"},
				"west": {"uv": [15, 0, 15.5, 1], "texture": "#0"},
				"up": {"uv": [15, -0.5, 16, 0.5], "texture": "#0"},
				"down": {"uv": [15, -0.5, 16, 0.5], "texture": "#0"}
			}
		},
		{
			"from": [7.5, 7.75, -0.5],
			"to": [13.75, 11.75, 0],
			"rotation": {"angle": -45, "axis": "z", "origin": [8.5, 11.75, 7]},
			"faces": {
				"north": {"uv": [14, 0, 16, 2], "rotation": 90, "texture": "#0"},
				"east": {"uv": [14, -0.5, 16, 0.5], "rotation": 270, "texture": "#0"},
				"south": {"uv": [14, 0, 16, 2], "rotation": 270, "texture": "#0"},
				"west": {"uv": [14, -0.5, 16, 0.5], "rotation": 270, "texture": "#0"},
				"up": {"uv": [15, 0, 16, 2], "rotation": 270, "texture": "#0"},
				"down": {"uv": [15, 0, 15.5, 2], "rotation": 270, "texture": "#0"}
			}
		},
		{
			"from": [7.5, 5.5, -0.5],
			"to": [11.5, 11.75, 0],
			"rotation": {"angle": -45, "axis": "z", "origin": [8.5, 11.75, 7]},
			"faces": {
				"north": {"uv": [14, 0, 16, 2], "rotation": 90, "texture": "#0"},
				"east": {"uv": [14, -0.5, 16, 0.5], "rotation": 270, "texture": "#0"},
				"south": {"uv": [14, 0, 16, 2], "rotation": 270, "texture": "#0"},
				"west": {"uv": [14, -0.5, 16, 0.5], "rotation": 270, "texture": "#0"},
				"up": {"uv": [15, 0, 16, 2], "rotation": 270, "texture": "#0"},
				"down": {"uv": [15, 0, 15.5, 2], "rotation": 270, "texture": "#0"}
			}
		},
		{
			"from": [6.25, 5.25, -0.5],
			"to": [9.25, 10.75, 0],
			"rotation": {"angle": 0, "axis": "z", "origin": [5.5, 10.75, 7]},
			"faces": {
				"north": {"uv": [14, 0, 16, 2], "rotation": 90, "texture": "#0"},
				"east": {"uv": [14, -0.5, 16, 0.5], "rotation": 270, "texture": "#0"},
				"south": {"uv": [14, 0, 16, 2], "rotation": 270, "texture": "#0"},
				"west": {"uv": [14, -0.5, 16, 0.5], "rotation": 270, "texture": "#0"},
				"up": {"uv": [15, 0, 16, 2], "rotation": 270, "texture": "#0"},
				"down": {"uv": [15, 0, 15.5, 2], "rotation": 270, "texture": "#0"}
			}
		},
		{
			"from": [0, 8, 16],
			"to": [16, 9, 16.5],
			"rotation": {"angle": 0, "axis": "y", "origin": [8, 9, 23.5]},
			"faces": {
				"north": {"uv": [11, 0, 16, 1], "texture": "#0"},
				"east": {"uv": [13, 2, 13.5, 3], "texture": "#0"},
				"south": {"uv": [14, 0, 16, 1], "texture": "#0"},
				"west": {"uv": [15, 2, 15.5, 3], "texture": "#0"},
				"up": {"uv": [13, -0.5, 16, 0.5], "texture": "#0"},
				"down": {"uv": [12, -0.5, 16, 0.5], "texture": "#0"}
			}
		},
		{
			"from": [-1, 6.5, 6.5],
			"to": [1, 10.5, 10.5],
			"rotation": {"angle": 0, "axis": "y", "origin": [8, 16.5, 15.5]},
			"faces": {
				"north": {"uv": [0, 0, 2, 1], "texture": "#0"},
				"east": {"uv": [0, 0, 2, 2], "texture": "#0"},
				"south": {"uv": [0, 0, 2, 2], "texture": "#0"},
				"west": {"uv": [0, 0, 2, 2], "texture": "#0"},
				"up": {"uv": [0, 0, 2, 2], "texture": "#0"},
				"down": {"uv": [0, 0, 2, 2], "texture": "#0"}
			}
		},
		{
			"from": [15, 6.5, 6.5],
			"to": [17, 10.5, 10.5],
			"rotation": {"angle": 0, "axis": "y", "origin": [24, 16.5, 15.5]},
			"faces": {
				"north": {"uv": [0, 0, 2, 1], "texture": "#0"},
				"east": {"uv": [0, 0, 2, 2], "texture": "#0"},
				"south": {"uv": [0, 0, 2, 2], "texture": "#0"},
				"west": {"uv": [0, 0, 2, 2], "texture": "#0"},
				"up": {"uv": [0, 0, 2, 2], "texture": "#0"},
				"down": {"uv": [0, 0, 2, 2], "texture": "#0"}
			}
		},
		{
			"from": [4, 10.25, -1],
			"to": [6, 12.25, 0],
			"rotation": {"angle": 0, "axis": "y", "origin": [0, 18.25, 7]},
			"faces": {
				"north": {"uv": [14, 14, 16, 16], "texture": "#0"},
				"east": {"uv": [15, 14, 16, 16], "texture": "#0"},
				"south": {"uv": [14, 14, 16, 16], "texture": "#0"},
				"west": {"uv": [15, 14, 16, 16], "texture": "#0"},
				"up": {"uv": [14, 15, 16, 16], "texture": "#0"},
				"down": {"uv": [14, 15, 16, 16], "texture": "#0"}
			}
		},
		{
			"from": [9.5, 10.25, -1],
			"to": [11.5, 12.25, 0],
			"rotation": {"angle": 0, "axis": "y", "origin": [17.5, 18.25, 7]},
			"faces": {
				"north": {"uv": [14, 14, 16, 16], "texture": "#0"},
				"east": {"uv": [13, 14, 14, 16], "texture": "#0"},
				"south": {"uv": [14, 14, 16, 16], "texture": "#0"},
				"west": {"uv": [13, 13, 14, 15], "texture": "#0"},
				"up": {"uv": [12, 14, 14, 15], "texture": "#0"},
				"down": {"uv": [12, 12, 14, 13], "texture": "#0"}
			}
		},
		{
			"from": [0.5, 11.25, -1],
			"to": [1.75, 12.5, 0],
			"rotation": {"angle": 45, "axis": "z", "origin": [7.75, 18.5, 7]},
			"faces": {
				"north": {"uv": [14, 14, 15.25, 15.25], "texture": "#0"},
				"east": {"uv": [15, 14, 16, 15.25], "texture": "#0"},
				"south": {"uv": [14, 14, 15.25, 15.25], "texture": "#0"},
				"west": {"uv": [15, 14, 16, 15.25], "texture": "#0"},
				"up": {"uv": [14, 14, 15.25, 15], "texture": "#0"},
				"down": {"uv": [13, 15, 14.25, 16], "texture": "#0"}
			}
		},
		{
			"from": [1.75, 15.25, -1],
			"to": [4, 16.5, 0],
			"rotation": {"angle": 45, "axis": "z", "origin": [9, 22.5, 7]},
			"faces": {
				"north": {"uv": [13, 14, 15.25, 15.25], "texture": "#0"},
				"east": {"uv": [14, 14, 15, 15.25], "texture": "#0"},
				"south": {"uv": [13, 14, 15.25, 15.25], "texture": "#0"},
				"west": {"uv": [15, 14, 16, 15.25], "texture": "#0"},
				"up": {"uv": [13, 13, 15.25, 14], "texture": "#0"},
				"down": {"uv": [13, 13, 15.25, 14], "texture": "#0"}
			}
		},
		{
			"from": [-0.75, 15.25, -1],
			"to": [0.5, 17.5, 0],
			"rotation": {"angle": 45, "axis": "z", "origin": [6.5, 22.5, 7]},
			"faces": {
				"north": {"uv": [14, 13, 15.25, 15.25], "texture": "#0"},
				"east": {"uv": [14, 12, 15, 14.25], "texture": "#0"},
				"south": {"uv": [13, 13, 14.25, 15.25], "texture": "#0"},
				"west": {"uv": [15, 12, 16, 14.25], "texture": "#0"},
				"up": {"uv": [13, 13, 14.25, 14], "texture": "#0"},
				"down": {"uv": [13, 12, 14.25, 13], "texture": "#0"}
			}
		},
		{
			"from": [5, 17, 7],
			"to": [6, 20, 8],
			"rotation": {"angle": 0, "axis": "y", "origin": [13, 25, 15]},
			"faces": {
				"north": {"uv": [0, 0, 1, 3], "texture": "#0"},
				"east": {"uv": [0, 0, 1, 3], "texture": "#0"},
				"south": {"uv": [0, 0, 1, 3], "texture": "#0"},
				"west": {"uv": [0, 0, 1, 3], "texture": "#0"},
				"up": {"uv": [0, 0, 1, 1], "texture": "#0"},
				"down": {"uv": [0, 0, 1, 1], "texture": "#0"}
			}
		},
		{
			"from": [4, 19, 7],
			"to": [12, 20, 8],
			"rotation": {"angle": 0, "axis": "y", "origin": [12, 27, 15]},
			"faces": {
				"north": {"uv": [0, 0, 5, 1], "texture": "#0"},
				"east": {"uv": [0, 0, 1, 1], "texture": "#0"},
				"south": {"uv": [0, 0, 5, 1], "texture": "#0"},
				"west": {"uv": [0, 0, 1, 1], "texture": "#0"},
				"up": {"uv": [0, 0, 5, 1], "texture": "#0"},
				"down": {"uv": [0, 0, 5, 1], "texture": "#0"}
			}
		},
		{
			"from": [4.5, 18.75, 6.75],
			"to": [11.5, 20.25, 8.25],
			"rotation": {"angle": 0, "axis": "y", "origin": [12, 27, 15]},
			"faces": {
				"north": {"uv": [0, 14, 5, 15.5], "texture": "#0"},
				"east": {"uv": [0, 14, 1.5, 15.5], "texture": "#0"},
				"south": {"uv": [0, 14, 5, 15.5], "texture": "#0"},
				"west": {"uv": [0, 14, 1.5, 15.5], "texture": "#0"},
				"up": {"uv": [0, 14, 5, 15.5], "texture": "#0"},
				"down": {"uv": [0, 14, 5, 15.5], "texture": "#0"}
			}
		},
		{
			"from": [10, 17, 7],
			"to": [11, 20, 8],
			"rotation": {"angle": 0, "axis": "y", "origin": [18, 25, 15]},
			"faces": {
				"north": {"uv": [0, 0, 1, 3], "texture": "#0"},
				"east": {"uv": [0, 0, 1, 3], "texture": "#0"},
				"south": {"uv": [0, 0, 1, 3], "texture": "#0"},
				"west": {"uv": [0, 0, 1, 3], "texture": "#0"},
				"up": {"uv": [0, 0, 1, 1], "texture": "#0"},
				"down": {"uv": [0, 0, 1, 1], "texture": "#0"}
			}
		}
	],
	"display": {
		"thirdperson_righthand": {
			"rotation": [70, -89, 0],
			"translation": [0, -3.5, -4.5],
			"scale": [0.45, 0.45, 0.45]
		},
		"thirdperson_lefthand": {
			"rotation": [70, 89, 0],
			"translation": [0, -3.5, -4.5],
			"scale": [0.45, 0.45, 0.45]
		},
		"firstperson_righthand": {
			"rotation": [2, 114, -2],
			"translation": [1, 1.5, 0],
			"scale": [0.45, 0.45, 0.45]
		},
		"firstperson_lefthand": {
			"rotation": [0, 114, -2],
			"translation": [1, 1.5, 0],
			"scale": [0.45, 0.45, 0.45]
		},
		"ground": {
			"translation": [0, 1, 0],
			"scale": [0.6, 0.6, 0.6]
		},
		"gui": {
			"rotation": [3, 136, 0],
			"translation": [0, -0.75, 0],
			"scale": [0.55, 0.55, 0.55]
		},
		"head": {
			"scale": [0.81, 0.81, 0.81]
		},
		"fixed": {
			"rotation": [-90, 0, 0],
			"translation": [0, 0, -8]
		}
	}
}