{
	"credit": "Made with Blockbench",
	"textures": {
		"0": "./sintezator",
		"particle": "./sintezator"
	},
	"elements": [
		{
			"from": [-8, 14, -1],
			"to": [24, 15, 6],
			"rotation": {"angle": 0, "axis": "y", "origin": [4, 22, 8]},
			"faces": {
				"north": {"uv": [0, 3.5, 16, 4.5], "texture": "#0"},
				"east": {"uv": [0, 3.5, 6, 4.5], "texture": "#0"},
				"south": {"uv": [0, 3, 16, 4], "texture": "#0"},
				"west": {"uv": [0, 3.5, 6, 4.5], "texture": "#0"},
				"up": {"uv": [0, 0, 16, 3.5], "texture": "#0"},
				"down": {"uv": [0, 3.5, 16, 9.5], "texture": "#0"}
			}
		},
		{
			"from": [-8, 12, 0],
			"to": [24, 14, 10],
			"rotation": {"angle": 0, "axis": "y", "origin": [4, 21, 8]},
			"faces": {
				"north": {"uv": [0, 3.5, 16, 5.5], "texture": "#0"},
				"east": {"uv": [0, 3.5, 10, 5.5], "texture": "#0"},
				"south": {"uv": [0, 3.5, 16, 5.5], "texture": "#0"},
				"west": {"uv": [0, 3.5, 10, 5.5], "texture": "#0"},
				"up": {"uv": [0, 12, 16, 16], "texture": "#0"},
				"down": {"uv": [0, 3.5, 16, 8.5], "texture": "#0"}
			}
		},
		{
			"from": [-8, 14, 6],
			"to": [-6, 15, 10],
			"rotation": {"angle": 0, "axis": "y", "origin": [4, 22, 14]},
			"faces": {
				"north": {"uv": [0, 0, 2, 1], "texture": "#0"},
				"east": {"uv": [0, 3.5, 4, 4.5], "texture": "#0"},
				"south": {"uv": [0, 3.5, 2, 4.5], "texture": "#0"},
				"west": {"uv": [0, 3.5, 4, 4.5], "texture": "#0"},
				"up": {"uv": [0, 3.5, 2, 7.5], "texture": "#0"},
				"down": {"uv": [0, 0, 2, 4], "texture": "#0"}
			}
		},
		{
			"from": [22, 14, 6],
			"to": [24, 15, 10],
			"rotation": {"angle": 0, "axis": "y", "origin": [34, 22, 14]},
			"faces": {
				"north": {"uv": [0, 0, 2, 1], "texture": "#0"},
				"east": {"uv": [0, 3.5, 4, 4.5], "texture": "#0"},
				"south": {"uv": [0, 3.5, 2, 4.5], "texture": "#0"},
				"west": {"uv": [0, 3.5, 4, 4.5], "texture": "#0"},
				"up": {"uv": [0, 3.5, 2, 7.5], "texture": "#0"},
				"down": {"uv": [0, 0, 2, 4], "texture": "#0"}
			}
		},
		{
			"from": [-4, 13.5, 6],
			"to": [-3, 14.5, 9],
			"rotation": {"angle": 0, "axis": "y", "origin": [4, 21.5, 14]},
			"faces": {
				"north": {"uv": [0, 9.5, 1, 10.5], "texture": "#0"},
				"east": {"uv": [0, 9.5, 3, 10.5], "texture": "#0"},
				"south": {"uv": [0, 9.5, 1, 10.5], "texture": "#0"},
				"west": {"uv": [0, 9.5, 3, 10.5], "texture": "#0"},
				"up": {"uv": [0, 9.5, 1, 12.5], "texture": "#0"},
				"down": {"uv": [0, 9.5, 1, 12.5], "texture": "#0"}
			}
		},
		{
			"from": [-2, 13.5, 6],
			"to": [-1, 14.5, 9],
			"rotation": {"angle": 0, "axis": "y", "origin": [6, 21.5, 14]},
			"faces": {
				"north": {"uv": [0, 9.5, 1, 10.5], "texture": "#0"},
				"east": {"uv": [0, 9.5, 3, 10.5], "texture": "#0"},
				"south": {"uv": [0, 9.5, 1, 10.5], "texture": "#0"},
				"west": {"uv": [0, 9.5, 3, 10.5], "texture": "#0"},
				"up": {"uv": [0, 9.5, 1, 12.5], "texture": "#0"},
				"down": {"uv": [0, 9.5, 1, 12.5], "texture": "#0"}
			}
		},
		{
			"from": [0, 13.5, 6],
			"to": [1, 14.5, 9],
			"rotation": {"angle": 0, "axis": "y", "origin": [8, 21.5, 14]},
			"faces": {
				"north": {"uv": [0, 9.5, 1, 10.5], "texture": "#0"},
				"east": {"uv": [0, 9.5, 3, 10.5], "texture": "#0"},
				"south": {"uv": [0, 9.5, 1, 10.5], "texture": "#0"},
				"west": {"uv": [0, 9.5, 3, 10.5], "texture": "#0"},
				"up": {"uv": [0, 9.5, 1, 12.5], "texture": "#0"},
				"down": {"uv": [0, 9.5, 1, 12.5], "texture": "#0"}
			}
		},
		{
			"from": [3, 13.5, 6],
			"to": [4, 14.5, 9],
			"rotation": {"angle": 0, "axis": "y", "origin": [11, 21.5, 14]},
			"faces": {
				"north": {"uv": [0, 9.5, 1, 10.5], "texture": "#0"},
				"east": {"uv": [0, 9.5, 3, 10.5], "texture": "#0"},
				"south": {"uv": [0, 9.5, 1, 10.5], "texture": "#0"},
				"west": {"uv": [0, 9.5, 3, 10.5], "texture": "#0"},
				"up": {"uv": [0, 9.5, 1, 12.5], "texture": "#0"},
				"down": {"uv": [0, 9.5, 1, 12.5], "texture": "#0"}
			}
		},
		{
			"from": [5, 13.5, 6],
			"to": [6, 14.5, 9],
			"rotation": {"angle": 0, "axis": "y", "origin": [13, 21.5, 14]},
			"faces": {
				"north": {"uv": [0, 9.5, 1, 10.5], "texture": "#0"},
				"east": {"uv": [0, 9.5, 3, 10.5], "texture": "#0"},
				"south": {"uv": [0, 9.5, 1, 10.5], "texture": "#0"},
				"west": {"uv": [0, 9.5, 3, 10.5], "texture": "#0"},
				"up": {"uv": [0, 9.5, 1, 12.5], "texture": "#0"},
				"down": {"uv": [0, 9.5, 1, 12.5], "texture": "#0"}
			}
		},
		{
			"from": [8, 13.5, 6],
			"to": [9, 14.5, 9],
			"rotation": {"angle": 0, "axis": "y", "origin": [16, 21.5, 14]},
			"faces": {
				"north": {"uv": [0, 9.5, 1, 10.5], "texture": "#0"},
				"east": {"uv": [0, 9.5, 3, 10.5], "texture": "#0"},
				"south": {"uv": [0, 9.5, 1, 10.5], "texture": "#0"},
				"west": {"uv": [0, 9.5, 3, 10.5], "texture": "#0"},
				"up": {"uv": [0, 9.5, 1, 12.5], "texture": "#0"},
				"down": {"uv": [0, 9.5, 1, 12.5], "texture": "#0"}
			}
		},
		{
			"from": [10, 13.5, 6],
			"to": [11, 14.5, 9],
			"rotation": {"angle": 0, "axis": "y", "origin": [18, 21.5, 14]},
			"faces": {
				"north": {"uv": [0, 9.5, 1, 10.5], "texture": "#0"},
				"east": {"uv": [0, 9.5, 3, 10.5], "texture": "#0"},
				"south": {"uv": [0, 9.5, 1, 10.5], "texture": "#0"},
				"west": {"uv": [0, 9.5, 3, 10.5], "texture": "#0"},
				"up": {"uv": [0, 9.5, 1, 12.5], "texture": "#0"},
				"down": {"uv": [0, 9.5, 1, 12.5], "texture": "#0"}
			}
		},
		{
			"from": [12, 13.5, 6],
			"to": [13, 14.5, 9],
			"rotation": {"angle": 0, "axis": "y", "origin": [20, 21.5, 14]},
			"faces": {
				"north": {"uv": [0, 9.5, 1, 10.5], "texture": "#0"},
				"east": {"uv": [0, 9.5, 3, 10.5], "texture": "#0"},
				"south": {"uv": [0, 9.5, 1, 10.5], "texture": "#0"},
				"west": {"uv": [0, 9.5, 3, 10.5], "texture": "#0"},
				"up": {"uv": [0, 9.5, 1, 12.5], "texture": "#0"},
				"down": {"uv": [0, 9.5, 1, 12.5], "texture": "#0"}
			}
		},
		{
			"from": [15, 13.5, 6],
			"to": [16, 14.5, 9],
			"rotation": {"angle": 0, "axis": "y", "origin": [23, 21.5, 14]},
			"faces": {
				"north": {"uv": [0, 9.5, 1, 10.5], "texture": "#0"},
				"east": {"uv": [0, 9.5, 3, 10.5], "texture": "#0"},
				"south": {"uv": [0, 9.5, 1, 10.5], "texture": "#0"},
				"west": {"uv": [0, 9.5, 3, 10.5], "texture": "#0"},
				"up": {"uv": [0, 9.5, 1, 12.5], "texture": "#0"},
				"down": {"uv": [0, 9.5, 1, 12.5], "texture": "#0"}
			}
		},
		{
			"from": [17, 13.5, 6],
			"to": [18, 14.5, 9],
			"rotation": {"angle": 0, "axis": "y", "origin": [25, 21.5, 14]},
			"faces": {
				"north": {"uv": [0, 9.5, 1, 10.5], "texture": "#0"},
				"east": {"uv": [0, 9.5, 3, 10.5], "texture": "#0"},
				"south": {"uv": [0, 9.5, 1, 10.5], "texture": "#0"},
				"west": {"uv": [0, 9.5, 3, 10.5], "texture": "#0"},
				"up": {"uv": [0, 9.5, 1, 12.5], "texture": "#0"},
				"down": {"uv": [0, 9.5, 1, 12.5], "texture": "#0"}
			}
		},
		{
			"from": [20, 13.5, 6],
			"to": [21, 14.5, 9],
			"rotation": {"angle": 0, "axis": "y", "origin": [28, 21.5, 14]},
			"faces": {
				"north": {"uv": [0, 9.5, 1, 10.5], "texture": "#0"},
				"east": {"uv": [0, 9.5, 3, 10.5], "texture": "#0"},
				"south": {"uv": [0, 9.5, 1, 10.5], "texture": "#0"},
				"west": {"uv": [0, 9.5, 3, 10.5], "texture": "#0"},
				"up": {"uv": [0, 9.5, 1, 12.5], "texture": "#0"},
				"down": {"uv": [0, 9.5, 1, 12.5], "texture": "#0"}
			}
		},
		{
			"from": [-6, 10, 0],
			"to": [-4, 12, 10],
			"rotation": {"angle": 0, "axis": "y", "origin": [3, 19, 8]},
			"faces": {
				"north": {"uv": [0, 10, 1, 12], "texture": "#0"},
				"east": {"uv": [0, 9.5, 3, 10.5], "texture": "#0"},
				"south": {"uv": [0, 9.5, 1, 11.5], "texture": "#0"},
				"west": {"uv": [0, 9.5, 3, 10.5], "texture": "#0"},
				"up": {"uv": [0, 9.5, 1, 12.5], "texture": "#0"},
				"down": {"uv": [0, 9.5, 1, 12.5], "texture": "#0"}
			}
		},
		{
			"from": [20, 10, 0],
			"to": [22, 12, 10],
			"rotation": {"angle": 0, "axis": "y", "origin": [29, 19, 8]},
			"faces": {
				"north": {"uv": [0, 10, 1, 12], "texture": "#0"},
				"east": {"uv": [0, 9.5, 3, 10.5], "texture": "#0"},
				"south": {"uv": [0, 9.5, 1, 11.5], "texture": "#0"},
				"west": {"uv": [0, 9.5, 3, 10.5], "texture": "#0"},
				"up": {"uv": [0, 9.5, 1, 12.5], "texture": "#0"},
				"down": {"uv": [0, 9.5, 1, 12.5], "texture": "#0"}
			}
		},
		{
			"from": [15, 1, -1],
			"to": [17, 3, 11],
			"rotation": {"angle": 0, "axis": "y", "origin": [24, 10, 8]},
			"faces": {
				"north": {"uv": [0, 10, 1, 12], "texture": "#0"},
				"east": {"uv": [0, 9.5, 3, 10.5], "texture": "#0"},
				"south": {"uv": [0, 9.5, 1, 11.5], "texture": "#0"},
				"west": {"uv": [0, 9.5, 3, 10.5], "texture": "#0"},
				"up": {"uv": [0, 9.5, 1, 12.5], "texture": "#0"},
				"down": {"uv": [0, 9.5, 1, 12.5], "texture": "#0"}
			}
		},
		{
			"from": [-2, 0.5, -1],
			"to": [0, 2.5, 11],
			"rotation": {"angle": 0, "axis": "y", "origin": [7, 9.5, 8]},
			"faces": {
				"north": {"uv": [0, 10, 1, 12], "texture": "#0"},
				"east": {"uv": [0, 9.5, 3, 10.5], "texture": "#0"},
				"south": {"uv": [0, 9.5, 1, 11.5], "texture": "#0"},
				"west": {"uv": [0, 9.5, 3, 10.5], "texture": "#0"},
				"up": {"uv": [0, 9.5, 1, 12.5], "texture": "#0"},
				"down": {"uv": [0, 9.5, 1, 12.5], "texture": "#0"}
			}
		},
		{
			"from": [-4.5, 4, 5],
			"to": [18.5, 5, 6],
			"rotation": {"angle": 22.5, "axis": "z", "origin": [3.5, 12, 13]},
			"faces": {
				"north": {"uv": [0, 3, 16, 4], "texture": "#0"},
				"east": {"uv": [0, 3, 1, 4], "texture": "#0"},
				"south": {"uv": [0, 3, 16, 4], "texture": "#0"},
				"west": {"uv": [0, 3, 1, 4], "texture": "#0"},
				"up": {"uv": [0, 3, 16, 4], "texture": "#0"},
				"down": {"uv": [0, 3, 16, 4], "texture": "#0"}
			}
		},
		{
			"from": [-2.5, 7, 5],
			"to": [20.5, 8, 6],
			"rotation": {"angle": -22.5, "axis": "z", "origin": [5.5, 15, 13]},
			"faces": {
				"north": {"uv": [0, 3, 16, 4], "texture": "#0"},
				"east": {"uv": [0, 3, 1, 4], "texture": "#0"},
				"south": {"uv": [0, 3, 16, 4], "texture": "#0"},
				"west": {"uv": [0, 3, 1, 4], "texture": "#0"},
				"up": {"uv": [0, 3, 16, 4], "texture": "#0"},
				"down": {"uv": [0, 3, 16, 4], "texture": "#0"}
			}
		}
	],
	"display": {
		"thirdperson_righthand": {
			"rotation": [32.25, 0, 0],
			"translation": [-6.5, -3, -0.75]
		},
		"thirdperson_lefthand": {
			"rotation": [32.5, 0, 0],
			"translation": [-6.5, -3, -1]
		},
		"firstperson_righthand": {
			"rotation": [30, 0, 0],
			"translation": [-8.75, -0.75, 0]
		},
		"firstperson_lefthand": {
			"rotation": [30, 0, 0],
			"translation": [-9, -1, 0]
		},
		"ground": {
			"translation": [0, 3, 0]
		},
		"gui": {
			"rotation": [34.5, -28.5, 0.5],
			"translation": [-0.5, -0.5, 0],
			"scale": [0.43, 0.43, 0.43]
		},
		"fixed": {
			"rotation": [-90, 0, 0],
			"translation": [0.5, 4.25, -13],
			"scale": [2, 2, 2]
		}
	}
}